时间,小屯公园,长辛店,丰台街道,新村街道,太平桥街道,右安门街道,西罗园街道,东铁匠营街道,方庄地区,宛平地区,长辛店街道,云岗街道,马家堡街道,东高地街道,大红门街道,南苑街道,和义街道,卢沟桥乡,花乡,南苑乡,长辛店镇,王佐镇,羊坊村盛芳花卉,千灵山,赵辛店村,小瓦窑村
2018-12-18 00:00:00,115,59.3,53.5,55,63,41.6,33.8,54.9,48.7,59.7,55.8,42.4,51.8,42.7,66.3,68.3,61.2,26.5,68.8,58.2,39.2,50.7,66.4,44,51.1,42.9
2018-12-17 23:00:00,92.1,63.7,59,48.4,66.5,39.3,29,51.5,43.5,58.7,54.6,44,50,41.5,61.9,60.4,58.8,25.8,68.2,54.3,35.8,51.6,64.6,46.8,50.6,46.6
2018-12-17 22:00:00,66.1,70,59.9,49.4,62,37,27.5,47.9,41.5,58,57.6,47.4,45.6,37.5,59.5,57.6,54.5,25.8,61.3,52.6,37.2,53.8,62.2,46.9,50.3,42.1
2018-12-17 21:00:00,67.8,68.1,55.8,55,58.5,31.2,25.2,46.4,39.6,57.2,55.6,47.2,38.1,32.8,55.4,65.9,51.8,23.3,57.7,50.6,38.1,53.1,58.4,47.9,50.4,41.4
2018-12-17 20:00:00,60,62.7,54.1,50.5,52.6,27,22.1,42.4,35.5,51.2,56.8,47,35,29.4,53,51.5,48.6,21.2,55.6,46.6,39.3,49.4,57.6,51,51.4,41
2018-12-17 19:00:00,53.8,51.5,,,,,,41.8,34.9,,,,,,,,,,,,35.9,,,,,
2018-12-17 18:00:00,45.7,27.7,46,40.2,51.8,22.8,14.4,36.6,24,47.8,48.3,43.2,24.1,22.8,40.6,40.6,35.2,18,43.6,35.7,36,53.6,54.2,45.1,44.9,38.7
2018-12-17 17:00:00,43.6,38.5,50.6,39.8,57.5,23.3,17.1,38.4,27,49.5,46.4,48.2,25.5,17.3,42.2,39.1,29.4,24.9,46.6,33.9,40.1,49.4,52.4,50.7,40.3,37.6
2018-12-17 16:00:00,35,37.8,45.7,44.9,48.3,24.9,15.5,40,26.9,50.4,48.6,45.2,24.9,22.7,40.7,41.9,33.1,29.2,49.8,33.9,42.7,44.1,54.4,54.8,40.7,34.2
2018-12-17 15:00:00,31.4,38.6,44.5,38.4,51.3,21.4,17.2,45.7,38.2,48.1,45.6,42.5,27.6,31.4,52.7,50,42,27.4,45,44.4,36.8,44.2,53,49.3,41,28.2
2018-12-17 14:00:00,33.8,48.3,48,49,56,22.7,20.6,46.7,34,49,51.4,43.3,31.8,35.7,49.9,51.8,48.7,25.4,53.4,45.6,46.3,53,55.6,65,42.7,32.2
2018-12-17 13:00:00,36.4,47.2,43.6,50.4,49.7,23.7,20.1,41.8,28,52.5,57.6,60,33.7,29.2,44.9,51.1,39.4,28.7,53.8,42,51,63.6,62.8,63.8,47.1,37.6
2018-12-17 12:00:00,30.4,44.4,43.6,36.3,49,20.6,14.1,39.2,22.8,50.6,51.7,51.8,23.4,26.7,37.9,44,36.4,24.5,41.6,34.7,50.8,60.4,58.3,61.8,43,31.2
2018-12-17 11:00:00,33.7,42.7,44.5,33.2,47.1,18.4,17.3,37.3,23.2,46.6,46.6,48.3,20.4,29.4,44.4,48,38.9,23.8,46.2,38.3,40.6,51.8,63.1,53.3,40.4,25.9
2018-12-17 10:00:00,31.4,38.4,44.4,36,45.4,22.2,13.3,27.7,13.6,50.3,47.1,45.1,21.2,18.9,36.6,51.1,31.6,21.9,47.7,35.5,35.7,29.4,56.8,45.1,36.3,24
2018-12-17 09:00:00,29.4,29.3,42.9,26.1,37.7,14.4,7.3,14,3.7,,32.4,33.7,14.5,9.3,17.6,32.6,15.6,13.1,24,18.4,15.8,15.6,52.1,23.3,30.1,15
2018-12-17 08:00:00,23.3,8.3,21.5,12.7,14.9,4.4,2.8,6.8,1.3,,16.4,25.7,5.8,7.2,7.1,17,14.2,11,12.4,8,2,3.9,49.6,9.7,12.3,7.7
2018-12-17 07:00:00,22.9,19.7,12.4,12.1,10.5,3,4.2,4.6,1,,6.4,3.4,3.7,8.8,2.4,19.4,9.2,1.4,13.2,2.7,1.7,2.1,46.4,1.1,3.3,5.2
2018-12-17 06:00:00,7.4,6.5,6.5,6.5,5.9,1.3,3.4,4.1,1,,5.5,2.1,1,3.6,3,3.5,4,1,5.4,2.4,1.2,1.7,41,1.2,6.3,2.4
2018-12-17 05:00:00,9.9,4.6,3.5,3.3,5,1,2.2,4.9,1,,3.3,1,1.4,2.2,2.3,3.4,7.2,1.2,2.5,3.3,1,2,40.7,1.2,8.8,1.3
2018-12-17 04:00:00,4.6,7.8,3.5,2.4,5.5,1,3,3.8,1,,2.6,2,1.4,2.4,2.2,3.6,3.1,1.2,2.3,2.6,1,1.6,37.4,1,11.5,1.5
2018-12-17 03:00:00,6.6,6.3,2.8,3.6,5.2,1,1,4.4,1,,3,2.1,1,2.3,1.9,3.1,3.2,1.2,5.9,2.4,1,1.6,39.3,1.2,3.6,1.3
2018-12-17 02:00:00,3.2,9,3.4,4.2,4.7,1.2,1,3.8,1,,3,1.4,1.5,2.6,1.9,3.2,2.5,1.2,3.4,3,1.8,2.3,39.4,1.5,1.8,1.8
2018-12-17 01:00:00,7.1,2.7,3.4,3.6,4.6,1.2,1,3.2,1,,3.7,1.2,1.5,2.2,1.7,3,2.6,1.2,4.8,2.6,1.8,2.5,37.3,1.8,1.5,1.5
2018-12-17 00:00:00,6.4,6.1,3,7.4,5,1,1.2,7.5,1.2,,3.6,1.2,1.5,2.7,2.5,2.9,2.5,1.2,17.2,2.4,1.6,3.7,40.5,2.1,2.4,1.2
2018-12-16 23:00:00,3.3,7.8,3.4,7.6,5.4,1.1,1.4,6.4,1,,3.6,1.2,1.6,3.8,2.5,3.2,2.9,1.2,25.2,2.2,2.6,4.5,42.2,3.2,2.3,1.5
2018-12-16 22:00:00,9.3,15.3,4.6,14,5.5,1,1.2,7.1,1.2,,3.5,1.8,1.9,4.4,3,7.7,4.2,1.8,62.7,3.2,1.9,3.9,74.2,2.5,3.5,1.7
2018-12-16 21:00:00,27.8,55.6,5.8,81.9,7.6,9,8.3,21.6,19.7,,6.5,3.3,13.8,23.2,36.3,53.6,26,1.6,151.3,43.5,2.6,36.4,119,4.4,6,2.2
2018-12-16 20:00:00,84.8,117.4,71.4,112.6,29.6,62.6,61.4,109.2,81.3,,86.8,16.5,88.9,84.1,133.9,179,156.2,9,159.6,136.6,4,71.7,121,4.8,82.1,15.4
2018-12-16 19:00:00,88.9,124.6,150.2,126,108.6,69.7,79.4,132.6,93.2,,127.9,103.5,92.8,88.8,159.6,175.4,150.9,48.6,161,145.9,21.4,106.8,120,28.8,106.5,57.3
2018-12-16 18:00:00,76.2,105.9,111.2,86.2,96.1,56.9,55.3,84.5,64.4,,112.7,119.1,55.2,,124.3,141.3,107.6,49.3,130.4,112.9,39.5,99.8,111,50.2,98.4,54.1
2018-12-16 17:00:00,62.7,97.6,115.8,60.5,71.6,40.4,36.3,49.5,31,,101,93.9,45.7,,52.7,61.1,38.7,43,104.8,42.6,55.7,94.5,90.6,66.2,89.9,51
2018-12-16 16:00:00,39.5,70,49.3,31.2,23.8,9.2,7.6,14.4,7.7,,97,77.9,16.5,,17.2,31.8,19.3,14.4,55.4,13.3,60.5,87,59.5,88.9,90.6,12.3
2018-12-16 15:00:00,32.5,63.1,33.3,32.2,21.4,19.5,30.8,30.7,23.9,,63,66.4,22.9,,61.2,58.2,59.1,7.6,54.9,57.2,53,73.6,57.5,78.5,56.5,9.1
2018-12-16 14:00:00,58.4,69,69.3,59.9,72.2,39.2,42.1,53.7,46.2,,69,63.3,49.9,51,76.5,89.6,62.1,35.1,75.6,62.2,53.4,64.6,67.5,72.8,55,29.8
2018-12-16 13:00:00,70.9,82.9,83.1,48.9,85.5,45.3,46.8,57.3,47.5,,65.2,79.7,56.7,52.1,88.8,90.2,68.5,50.1,88.5,76.2,60.4,98.4,76.6,78.8,65.4,53.3
2018-12-16 12:00:00,91.8,114.5,108.2,66.5,112.3,53.4,55.4,85.2,62.4,,54.3,93.7,52,61.2,122.2,119.8,92.8,52.9,111.6,106.4,56,95.3,86.8,73.9,77.3,59.7
2018-12-16 11:00:00,93.3,105.4,117.2,77.9,127.1,56.6,59.3,91,66.6,,56.7,72.1,56.4,68.8,130.8,150.7,117.8,114.8,123,114.3,50.2,61.5,97.4,65.1,96.1,64.5
2018-12-16 10:00:00,101.7,100,116.4,77.3,130,58.9,56.7,88,73.2,,57.8,80.1,52.4,66.8,124.8,149.4,117.4,101.6,121.3,119.5,50,71.6,103.8,61.6,89.1,62.7
2018-12-16 09:00:00,101.2,96.8,122.2,69.5,127.9,60.2,54.8,88.2,72.7,,53.5,79.7,51,68.5,128.9,147.4,122.2,47.2,120,129.6,51.7,78.4,104.5,57.6,78.1,65.8
2018-12-16 08:00:00,100.5,96.9,122.7,58.3,124.7,60,57.4,93.2,77.2,,55.6,86.8,48.8,84.8,127.6,153.8,130.9,44.1,116.7,138.9,48.3,85.8,103,56.7,83.3,63.6
2018-12-16 07:00:00,103.1,103.9,121.3,71.4,121.2,60.6,61,101.3,,,55.5,86.1,54.3,74.6,131.3,151.3,145.6,44.1,129.2,149.2,55.6,88.8,102.2,58.3,83.8,63.2
2018-12-16 06:00:00,102.4,111.3,121.7,75.3,129.1,64.3,63.8,84.3,,,55.6,88.7,62.7,81.4,157.3,163.8,159.8,46.2,138.8,162.3,61.2,93,107.7,63,90.8,64.2
2018-12-16 05:00:00,107.2,111.9,114.7,89.6,129,61.5,60.9,82.6,,,56.4,93.6,64.8,79.1,163.5,184,156.8,44.8,145.9,170,60.4,97.3,119.9,65.5,88.7,67
2018-12-16 04:00:00,117.6,115,120.8,98,127.7,63.6,57,84.4,,,58.6,96.7,68.4,78.8,160.2,189.8,162.4,44.5,166.6,171.1,70.2,101,122.1,65.4,96.3,67.6
2018-12-16 03:00:00,120.6,122.2,123.7,105.3,127.2,70.4,58.8,91.4,,,58.1,99.4,82.1,85.7,166.9,191.6,169.6,48.7,171.1,171.3,71.5,105.4,125.6,59.8,100.4,68.5
2018-12-16 02:00:00,115.5,112.6,143,114.2,131.2,67.3,61.6,103,,,59.9,99,77.6,90.3,170.8,195.1,176.7,55.5,164,166.7,69.8,99.2,134.4,104.7,107.4,72.1
2018-12-16 01:00:00,119.4,126.9,142.8,114.9,143,67.2,59.1,93.2,,,62.5,111,74.7,88.2,169.8,193,173.9,52.6,164.7,171.8,74.1,98.6,133,116.7,113.3,75.8
2018-12-16 00:00:00,130.6,126.2,148.4,113.8,141.9,69.8,56.8,95.9,,,61.3,118.8,76.9,91.6,173.5,205,187.4,54.5,169.2,178.6,72,104,136.9,111,109.3,80.6
2018-12-15 23:00:00,124.7,131,146,113,141.5,69,57.4,95.2,,,59.8,117.6,82,92.2,165.6,218.2,185.2,55,162.6,167.9,73.2,106.6,129.5,117.3,114.4,81.5
2018-12-15 22:00:00,127.6,124.6,147.8,118.9,143.4,68.6,60.5,103.9,,,60.1,119.3,86.9,89.2,169,188.5,169.7,53.9,156.2,173.2,70,104.8,124.8,114,107.7,79.5
2018-12-15 21:00:00,115.9,121.4,145.6,112.8,144.5,65.4,57.1,107.8,,,60,114.1,74.9,87,155.8,178.8,165.5,56.6,150.4,156.4,72.4,97.4,118.4,117.7,113.3,81.3
2018-12-15 20:00:00,89.8,115.1,142.5,101.1,127.9,62.9,55.6,115.4,,,58.8,108.8,68.5,84.6,163.7,173.9,157.3,55.1,142,169.8,73.8,95.4,106,110.2,104.4,69.9
2018-12-15 19:00:00,83.7,106.5,123.4,88.5,108,58.6,55.9,101.2,81.4,,54.7,95.8,58.6,87.6,150.9,165.8,167,48.2,120.2,157.8,72.1,97.4,98.8,110.4,99.4,66.6
2018-12-15 18:00:00,87.8,91.9,106.6,56.9,107.7,54.8,48.4,81.4,,,50.2,93.8,48.6,67.6,107.2,133.7,114,46.3,95.2,109.3,70.7,97.9,90.3,117.3,90.3,67
2018-12-15 17:00:00,88.1,89.6,107,52,108.7,53.5,45.6,79.4,,,52.3,90.7,50.4,57.3,98.9,115.8,83.4,48.3,93.1,95.3,68.9,93.6,78.1,116.4,83.5,67.9
2018-12-15 16:00:00,84.7,93.3,108.4,55.8,108.2,53.1,44.6,80.3,,,52,90.2,52.8,55.5,103.2,111.7,78,47.2,95.8,98,71.7,90.2,78.4,115,80.4,67.2
2018-12-15 15:00:00,78.9,84.2,103.7,56.9,102.7,51.4,47,77.8,,,52.6,92.6,62.1,55.5,102.1,108.9,74.4,64.7,98.3,99.4,72.9,89.3,77.6,111.3,79.8,64.2
2018-12-15 14:00:00,76.8,86.8,101,53.7,103.7,49.8,43.4,72.2,,,51.5,92.8,64,53.3,93.2,109.4,68.5,100.9,93.4,92.6,70.8,86.1,77.8,104.1,75.2,64
2018-12-15 13:00:00,74.7,83.4,100.2,48.8,106,49,43.8,70.2,,,50.5,89.2,64.1,53.9,92.4,109.6,66.8,99.4,90.8,93,65.3,86.2,74.4,97.7,70.6,62.5
2018-12-15 12:00:00,70.9,84.7,92.4,44.6,106.3,49.2,43.8,69.1,,,49,92.4,62.5,53.3,91.6,107.2,70.5,97.2,87.2,90.8,64.8,80.2,72.2,96.6,68,58.1
2018-12-15 11:00:00,74.5,85.2,90,51.1,101.2,51,41.6,68,,,48.8,85.7,62.4,56.4,86.7,99.3,71.1,89.5,84.8,92.8,62.7,77.5,71.2,105,65.8,56.2
2018-12-15 10:00:00,83.8,69.9,90.5,52.1,98.6,49.7,38.2,66,,,49.2,74.4,63,56.5,89.6,114,77.3,90.2,84,97.9,62.5,83.1,73.9,99.6,63.5,58.7
2018-12-15 09:00:00,80.4,84.3,88.4,61,94.8,50,35,65.5,,,47.3,71.3,60.6,58.3,103.4,107.8,84.2,92.3,83.9,107.3,62.8,85.6,76.6,98.3,66.2,57.3
2018-12-15 08:00:00,80.4,69.2,85.2,60.6,88.6,47.6,34.6,62.9,,,46.6,71.9,60,58.4,100,99.7,88.6,83.2,84.7,107,62.5,84.2,75.4,97.3,66.7,56.6
2018-12-15 07:00:00,82,68.9,82.3,59.8,87.2,48.2,34.1,62.3,,,44.2,73.4,60,58.2,93,91.4,78.8,78.3,87,102.8,61.8,82.1,75.4,106,65.4,57.4
2018-12-15 06:00:00,81.9,73.6,85.2,60,89,48.5,35.2,63.8,,,43,69.7,59.7,55.2,87,90.2,70.8,76.3,83,96.8,61.8,85.4,75.1,104.6,64.7,56.6
2018-12-15 05:00:00,81,73.2,80.2,58.4,87.8,47.1,34.1,62,,,45.7,70.9,59.3,53.4,79.8,93.2,67.6,76.6,79,89.8,60.6,88.2,75.6,101.8,64,56.8
2018-12-15 04:00:00,93.8,66.5,79.2,59.4,78.6,48.3,35.1,64.7,,,44.9,77.8,60.8,52.5,82.5,92.6,64.9,73.1,78.9,90.9,60.6,92.4,76.2,98.4,66.1,57.9
2018-12-15 03:00:00,96.9,84.9,84.7,62.3,77.1,48.7,34.2,63.4,,,46.4,75.4,60.6,50.6,83.1,87.8,63.2,72.4,85.5,88.8,61.2,93.1,75.7,100.7,70.5,57.8
2018-12-15 02:00:00,96.4,84.3,88.4,54.7,78.7,50.7,36.3,66,,,47.3,77.1,58.4,49.1,87.2,81.2,61.5,72.2,94.9,81.8,62.8,94,76.7,97.3,71.9,54.9
2018-12-15 01:00:00,94.9,91.8,94.2,47,81.9,52.3,36.2,60.9,,,48.8,82.7,59.2,48.1,78.7,83.9,57.2,70.7,95.9,77,62.5,94.6,74.7,101,80.4,55
2018-12-15 00:00:00,100.2,84.1,91.6,50.4,79.9,48.5,35.6,59.8,,,47.7,83.3,61.2,47.2,77.2,80.9,54.4,83.6,85.7,77.8,64.8,100.9,72.7,102.1,81.7,51.9
2018-12-14 23:00:00,85.8,85.1,85,62.9,78.7,49.1,34.2,57.8,,,49.3,84,63.3,44.8,73.7,72.5,48.2,90.7,81.1,69.8,66.6,108.6,70.8,103.3,78.8,53.2
2018-12-14 22:00:00,66.9,81.9,79,60,75.6,46.3,29.4,54.2,,,44.4,84,59.4,43.1,69.3,69.2,53.7,78,71.6,65.5,66.8,111.1,67.6,94.8,74,52.1
2018-12-14 21:00:00,60.6,77.2,73.9,55.1,68.4,40.8,26.4,53.5,,,43.9,81.2,51.1,42.5,64.2,65.4,63,82.3,66.9,59.4,72.9,112.9,63.1,81.8,79.6,51.7
2018-12-14 20:00:00,58.4,48.4,64.9,48.2,63.5,37.1,24.2,51.2,,,42.3,80.1,45.2,38.7,59.4,60.6,57.2,71,63.9,55,85.1,114.6,62.1,104.9,62.7,49
2018-12-14 19:00:00,57.6,72.6,60.6,47.1,60.4,34,20.1,50,,,40,91.4,42.1,35.1,55.3,56.5,52.6,62.8,58.7,51,87.1,118.7,60.4,104.6,56.3,48.8
2018-12-14 18:00:00,67.9,97.9,54,44,58.8,32.8,19.4,50.5,,,56.8,112,39.2,29.8,52.4,52.5,49,60.5,56.9,47.3,88.7,116.4,62.9,120.2,86.2,61.2
2018-12-14 17:00:00,81.6,86.5,63.3,45.9,69.9,35.2,25.8,54.3,,,58.3,117.8,43.1,30.1,58,56,47.7,77.9,57.6,46.6,88.4,116.2,65.2,145.6,77.9,65.9
2018-12-14 16:00:00,79.2,80.9,87.1,53.4,98.5,41.6,30.2,61.4,51.5,,58,123.4,53.2,33.8,63.9,73.7,46.9,98.8,71.1,51.6,90.2,121.5,67,131.7,85.2,68.8
2018-12-14 15:00:00,71.6,72.6,93.8,53.4,88,46.5,35,69,57.4,,53.8,88.3,59.4,45.1,77.3,84.2,55.1,84.6,90,67.9,64.5,97.4,77.8,97.8,85.5,56.8
2018-12-14 14:00:00,57.9,57.9,79.1,59,85,47.6,35.4,77.4,63.2,,47.3,69,60.1,57.5,95.5,104.4,76.9,79.2,82.5,92.8,53.7,70.2,76.9,75.8,65,51
2018-12-14 13:00:00,37,45.3,73,63.5,77.5,43.2,32.9,68.2,51.4,,37.1,56.1,54.6,55.1,81.1,93.4,71.9,61,76.6,77,44,56.3,74.5,63.6,52.8,38.2
2018-12-14 12:00:00,23.1,37.7,46.6,51.5,51.8,34.6,26.6,57.9,45.1,,22.5,39.6,47.9,43.3,66.6,70.8,57.9,45.4,65.6,57.3,36.7,43.1,66,54.6,38.6,25.9
2018-12-14 11:00:00,23.6,30.3,41.1,40.8,45,25,16.7,36.1,26.8,,13,26.5,28.2,35.6,54.1,57.7,50.4,37.1,40.6,49.7,19.8,30.4,57.8,36.4,27.5,18.9
2018-12-14 10:00:00,26.8,30.8,37.9,39,39.2,20.8,8.1,24.8,20.4,,9.4,25.2,15.5,28.7,47.7,55.7,46.3,41.5,37,47.4,16.4,35.4,58.8,48.6,21.8,17.3
2018-12-14 09:00:00,25.8,12.5,36.1,46.6,33,17.8,8.8,26.7,16.4,,9,21.4,13.4,29.6,54.5,55.7,52,32.4,43.1,51.9,18.1,58.4,60.4,51.9,22.7,13.5
2018-12-14 08:00:00,32.1,15,29.4,42.4,34.2,16.6,8,28.1,18.3,,6.8,21,14.3,29.2,53.7,53.3,47.6,27.5,47.3,51.8,18,50.3,60.6,53,35,12.7
2018-12-14 07:00:00,36.4,25.5,29.3,38.6,29.5,14.1,7.2,24.6,20.1,,7.6,23.7,28.9,29,55.5,50.4,46.3,25.2,48.6,49.8,20.2,51.3,61.6,54.5,32.2,13
2018-12-14 06:00:00,36.6,25.9,36.7,35,34,28.5,12.6,26.8,35.8,,9.5,22.1,35.2,26.5,50.3,48,43.9,27.3,47,50.2,21.1,48.9,61.5,64,33.5,14
2018-12-14 05:00:00,50.9,32.6,38,33.5,48.7,44.9,16.7,30.6,36,,11,29.9,36.8,24.6,52.7,47.7,41.8,39.9,43.1,47.8,28.6,50,61.8,67.3,35,21.8
2018-12-14 04:00:00,62.7,29,35.2,35.5,49.1,48.7,26.9,33.2,22.5,,9.5,30.6,48.2,23.5,49.1,43.4,37.8,40,43.4,48,30.4,50.3,61.4,63.8,35.6,19.4
2018-12-14 03:00:00,55.4,36.8,35.8,37,47.4,42.4,21.8,29.3,27,,8.5,46,58.7,21.6,41.4,41,36.1,36.6,44.7,39.7,44.7,48.8,57.6,63.1,39.1,22.1
2018-12-14 02:00:00,55.4,27,36,40.5,39.9,25.6,8.8,25.2,16,,10.3,72.5,34.3,20.3,33.5,40.9,43.5,41.7,46.1,35.7,32.2,47.3,54.9,56.8,37.5,26
2018-12-14 01:00:00,74.5,30.8,36.2,41.3,31.7,11,6.2,17.6,9.8,,9.7,32.8,16.3,15.6,29,38.6,30.5,41.6,44.4,30.2,33.7,44.1,48.8,52.8,33.5,28.8
2018-12-14 00:00:00,80.4,36.9,31.6,26.2,25.4,8.8,5.6,13.6,7.1,,8.1,37.3,15.8,14.2,25.7,36.1,28.6,30.3,30.6,28.7,26.6,41.6,46,53.3,33.8,20.3
2018-12-13 23:00:00,40,23.3,23,11.8,19,7.9,6.5,15.1,6.8,,8,34.1,15.9,15.2,24,31.7,35.5,21.5,30.5,24.8,46,40.3,45.1,66,28.3,16.3
2018-12-13 22:00:00,23.9,28,19.7,13.7,15.2,7.1,4.6,14.8,6.6,,7.4,31,13.1,13.6,20.8,29.8,30.7,17.2,25.9,24.6,30.6,43.2,47.1,60.6,21.8,11.4
2018-12-13 21:00:00,17,23.4,16.4,13,15.4,5.9,3.2,12.3,4.3,,5.6,16.9,8.9,12,20.4,28.3,22.1,15.4,21.3,24.5,14.3,47.1,44.1,37.2,15.7,7.9
2018-12-13 20:00:00,29.6,22.1,16.2,16.2,14.3,4.1,3,11.5,4.1,,5.5,27.2,7.2,7.4,17.2,16.2,15.6,17.9,12.1,15.3,30.8,43.8,43.2,49.8,20.7,8.7
2018-12-13 19:00:00,31.9,34.3,23.6,15,24.1,3.1,2.8,11.5,4,,18.3,39.1,5.8,7.7,16,11.6,13.1,26.1,13.4,13.3,31.8,41.2,41.7,45,33.5,29.2
2018-12-13 18:00:00,19.2,2.3,23.8,16,13.8,3.4,2,11.1,3.7,,12.8,33.1,4,6.2,6.6,12.2,9,23.9,7,8,27.5,50.8,46,39.6,33.8,20.5
2018-12-13 17:00:00,5.8,4.5,5.8,8.6,6.7,2.2,1.2,6.9,1.2,,3.4,19.9,3.4,4.4,5,8.5,6.6,6,4.5,5.4,15.5,30,41.5,28.3,11.3,5.6
2018-12-13 16:00:00,4.9,9.5,5.8,7.6,7.7,2.3,1.2,5.2,2.3,,1.4,6.2,3.3,4.9,5.6,6.4,6.4,5.6,4.1,4.9,8.6,18,38.4,23.4,3.1,2.9
2018-12-13 15:00:00,3.8,1.7,5.2,6.4,6.7,1.7,1.2,5.5,1.4,,1,1.2,2.5,4.3,5.4,4.5,5.7,5.6,3,4,1.6,18.8,35.8,2.8,3,2.6
2018-12-13 14:00:00,0.6,5.8,3.7,5.4,6.6,2.4,1.1,5.4,1.2,,1,1.4,3.4,6.7,3.8,5.3,4.3,4.1,2.8,4.9,1.5,1.8,39.6,1.3,2.7,1.4
2018-12-13 13:00:00,,3.7,4.5,5.4,6,1.6,1,4.9,2.2,,1.2,1.2,1.8,3.9,4.2,4.7,4.4,4.7,2.8,4.2,1.3,2.1,38,1.3,2.5,1.2
2018-12-13 12:00:00,2.2,9.5,3.9,5.1,6.9,1.5,1,5.8,1.9,,1,1.4,2.3,5.6,5.1,4,4.9,3.5,2.6,4.3,1,1.6,37.4,1,2.6,1.3
2018-12-13 11:00:00,7.9,6.4,5,5.9,7.6,1.8,1,6.6,1.5,,1,1.6,2.5,8.4,4.9,4.8,5.3,4.6,3.5,5.1,1.1,1.1,37.9,1,2.2,2.4
2018-12-13 10:00:00,6.3,3.7,5.2,6,9.1,1.3,1.2,7.8,2,,1,1.7,2.4,5.1,5.1,4.8,6.3,5.7,4,5.1,1.3,1.5,38.1,1.1,2.9,2.2
2018-12-13 09:00:00,12.6,5.7,5,5.9,6.8,1.5,1,8.6,1.7,,1.1,1.9,2.3,5,5.3,4.7,18.5,6.8,4.6,4.4,1.2,1.6,39.5,1.2,3.4,2
2018-12-13 08:00:00,7.3,1.4,5.9,6.3,6.9,1.6,1,8.8,5.1,,1,1.3,1.8,4.6,4.7,5,6.8,4.4,3.8,5.7,1.2,1.4,43,1,3.1,2.1
2018-12-13 07:00:00,6.2,12.3,6.1,8.9,7.9,1.6,1.1,7.4,8.6,,1,1,3.2,4.7,6.5,6.6,6.5,6,4.9,5.1,1.1,1.5,42.6,,1.5,2.8
2018-12-13 06:00:00,10.9,2,,8.8,7.8,,1.1,9.3,7.6,,1.3,1,2.9,3.2,6.3,,8.2,6.2,5.2,6,1.6,1.5,42.1,,2,3.1
2018-12-13 05:00:00,9.1,14.3,,11.7,,,,7.7,2.3,,,1,2.5,,,,,7.7,7.2,,1.3,,,,,4.3
2018-12-13 04:00:00,13,16.1,10.5,13.8,12.6,3.3,1.2,7.2,1.8,,3.8,3.5,6.7,4.9,7.6,10.8,12,9,8.9,6.3,1,1.4,42,3,8.4,6.6
2018-12-13 03:00:00,16.3,30.8,13.9,15.1,14.8,5.5,2,11.7,5,,6.7,4.8,7.2,8.1,11.7,19.9,15.6,13,22.7,13.2,1.2,2.6,44,2.9,11.6,11.6
2018-12-13 02:00:00,22.7,26.7,28.4,25.7,27.4,16.8,9,26,14.8,,7.3,6.1,12.3,27.9,32.8,32.2,50,25.5,35.8,30.5,1.6,2.1,49.6,1.8,13.9,21.7
2018-12-13 01:00:00,40,21.3,41.4,40.7,44.2,34,15.1,48,29.3,,8,13.7,24.9,45.8,55.2,62.7,59.5,43.7,43.7,51,1.8,3.4,50,1.8,8.4,25.2
2018-12-13 00:00:00,56.3,39.7,36.8,42.5,50.9,41.9,24.1,57.6,45,,13.8,5.2,45.1,50.3,77.4,61.6,63,49.6,62.2,79.6,3,44,64.8,3.9,8.6,39.2
2018-12-12 23:00:00,56.8,49.5,57.8,58,60,42.7,33,64.7,58.8,,23,37.5,57.4,58.1,92.4,108.9,95,63.1,71.2,97.6,9.9,54.8,74.7,12.2,39.7,40.9
2018-12-12 22:00:00,58.6,57.3,68.3,77.6,68.8,51.6,40,80.3,72.3,,27.9,43.8,49,65.7,115.6,136.6,117,68.1,80.6,115,30.9,51.8,90.5,34.2,54.4,39.1
2018-12-12 21:00:00,61.1,66.4,79.7,87.6,80,55.2,38.4,83.1,69.2,,34.5,46.8,48.4,65.3,108.7,136.1,107.4,74.1,77.9,105.6,31.8,52.8,87.8,35.1,58.5,43.4
2018-12-12 20:00:00,49.6,48.3,64.9,68.3,79.6,47.8,30.9,71.4,65.1,,39.3,52.2,60.1,62.8,95.1,118,96.5,77.2,64.4,98.4,34.9,49.7,73.9,42.4,56.1,46.7
2018-12-12 19:00:00,33.8,44.2,49.7,61.4,54.6,35.9,25.2,65,53.9,,28.3,51.5,47.2,56.6,81.6,104.8,73,59.3,61,77.4,38,45,71.1,40,49.3,39.2
2018-12-12 18:00:00,33.3,38.4,47.8,56.9,45.7,33.7,22.8,57.2,45.9,,18.1,40,46.9,45.5,68.3,75.4,57.7,52.8,55.8,63,28.9,50.2,65.8,40.8,39.9,27.8
2018-12-12 17:00:00,28.8,27.2,44,46.5,47.2,25.2,13.3,45,30.3,,19.8,37.1,29.8,41,51.6,61.6,57,44.4,47.7,45.5,31.2,41,64.9,43,41.6,29.9
2018-12-12 16:00:00,20.4,26.4,41.2,41.7,47.3,26.2,16.5,52.6,41,,19.6,36.4,33.7,40.1,57.9,58.4,48.5,37.7,42.4,47.8,31.5,39.1,57.7,47.6,37.9,25.3
2018-12-12 15:00:00,17.1,24,42.5,49.3,43.4,24.4,14.3,46.5,36.8,,16.8,30.4,32.2,37.7,55.5,56.5,49.2,37.6,52.2,47.8,25,31.6,60.8,40.7,30.5,25.9
2018-12-12 14:00:00,8.3,19.3,28.9,32.6,22.3,15.8,10,24.6,14.6,,12.9,31.1,24,26.1,37.6,55,39.7,20.5,34.3,33.2,16.7,32.5,53.2,34.2,34,15.2
2018-12-12 13:00:00,6.9,11.2,20.8,17,21.2,6.6,4.5,18.4,12.1,,4.3,17.1,12.4,14.2,19.5,26.3,14.8,17.1,19,18.2,8.8,24.4,53.2,19.6,18.1,7.9
2018-12-12 12:00:00,12.3,20.8,21.9,16.3,19.4,9.6,4.8,18.5,10.3,,6.5,15.5,16.8,18,22.5,30,19.1,18.8,20.7,21.8,9.2,14.6,46.3,12.4,13.8,11.7
2018-12-12 11:00:00,26.8,40.6,27.7,21,24.7,11,5.7,17.9,12.2,,7.9,22.3,15.7,16,26.1,32.8,22.2,28.2,22.7,25,9.1,18.2,,15.3,19.8,18.8
2018-12-12 10:00:00,39.7,54.4,62,22.3,39.5,13.4,6.4,22.5,11.7,,11.6,17.1,14.9,15.7,26.4,30.5,18.7,35.2,22.1,27.8,8.6,19.8,,15.4,18.9,19.9
2018-12-12 09:00:00,48,47.7,41.6,36.3,34.5,19.7,5.2,27.4,10.2,,13,13.6,14.5,14.2,27.4,45,25,35.4,30.7,29.6,7.2,12.5,57.8,13.6,33,21.1
2018-12-12 08:00:00,40.3,30.4,38.3,30.2,32,25,5.1,21.4,11.2,,9,13.6,12.6,15.2,32.3,39.3,24.6,36.6,29.8,29.2,5.3,13,62.6,12.4,29.2,21
2018-12-12 07:00:00,37.3,22.4,37.1,19,31,17.1,4.6,21.1,8.5,,5.6,13.6,13.3,17.2,34,41.9,22.8,37.3,25.5,37.9,4.8,9.6,61.7,11,16.9,18.6
2018-12-12 06:00:00,45.8,19.6,41.5,23.2,40.2,22.7,7.3,28.2,15.8,,7.3,9.5,13,21.7,38.8,44,39.3,35.8,27,45.8,6.6,9.2,63.8,10.9,14.8,17.3
2018-12-12 05:00:00,53.3,33.6,45,37,41.2,24.4,7.8,22.4,13.3,,8.7,7.6,13.7,19.8,36.6,43,33.2,39.6,34,41.2,7.8,12.5,64,14.6,17.8,17.7
2018-12-12 04:00:00,63.2,34.6,39.1,38,38.5,20.8,8.2,21.2,12.7,,6.7,10.3,16.3,15.7,35.3,36.2,28.3,42.2,44,40.5,6,16.1,65.9,14.3,18.1,17.5
2018-12-12 03:00:00,52.2,33.2,38.6,42.8,36.4,22.8,6.6,18.4,12.2,,6.7,11.3,17.6,17.4,32.6,37.4,30,39.2,50.7,38.4,7.6,15.8,65.9,12.5,20,28.6
2018-12-12 02:00:00,28.7,33.2,39.7,54.6,30.7,26.2,7,17.8,7.2,,6.6,11,14,16.1,29,28.5,23.6,32.5,53.2,33.1,7.2,18.9,62,15.4,20.6,15
2018-12-12 01:00:00,27.2,30.8,38.2,65.6,20.3,27.7,6.9,16.3,6.5,,6.2,12.1,16.7,14.3,20.8,25.2,16,32,50.1,25.1,7.7,19.8,57,16.4,20.9,12.5
2018-12-12 00:00:00,23.5,14.7,29.6,51.7,20.8,16.9,3.4,15.6,4.7,,4.5,14,12,9.6,15.4,20.8,15.3,21.3,23.3,19,6.2,14.6,50.2,15.5,18.2,10.1
2018-12-11 23:00:00,14.9,18.8,15.4,24.4,19.3,7.4,3.3,15.5,5.1,,3.2,15.2,8,10.1,14.8,17.1,15.7,14.5,13.9,16.1,7.1,12.1,49.7,11.6,13.4,10.3
2018-12-11 22:00:00,9.6,6.4,13.8,14.7,13.8,5.2,2.3,14.7,6.2,,2,6.3,5.7,10.8,16.3,16.6,13,13.2,10.8,16,4.2,15.5,48.6,5.9,15.2,8.3
2018-12-11 21:00:00,10.1,7.6,12.4,14.2,12.9,4.2,2.7,13.8,3.6,,1.6,5,7.3,10.4,14.7,16.5,20.8,12.5,8.8,13.3,4,10.5,45.1,4.2,9.5,5.6
2018-12-11 20:00:00,11.9,17.6,11.5,14.5,13.2,4.7,2.2,13.6,5.1,,1.6,5,3.8,8.5,10.8,13.1,15.8,10.2,8.4,10.5,3.2,10,43.5,5.4,7.3,5.1
2018-12-11 19:00:00,10.4,8.7,11,15.5,12.2,4.1,3,12,13.6,,1.4,3.4,5.1,6,9.8,11.4,15,8.4,10.1,9.6,3.6,9.1,43.3,2.7,6.8,4.5
2018-12-11 18:00:00,12.8,,10.5,14.1,11.9,3.3,1.6,12,26,,1.2,2.2,4.9,7.8,10.6,12.3,12.2,9.2,9,10.4,2.6,8.7,42.1,3.3,6.1,3.9
2018-12-11 17:00:00,6.7,3.5,14.1,12.6,12,3.4,1.5,10.2,3.5,,2.3,2.4,5,6.1,8.6,11.1,14.8,12.2,8.5,9.7,3.2,6.1,43.2,5.4,6,5.3
2018-12-11 16:00:00,5.2,6.3,10,11.2,11.5,3.2,1.3,7.7,2.8,,2.2,2.8,5,6.6,9,9.6,10.2,9.7,7.5,9,3.7,6.6,46.3,4.8,6.5,5.4
2018-12-11 15:00:00,3.7,7.1,10.2,10.4,11.9,3,1.4,7.8,2.9,,1.6,2.8,5.2,6,7.3,11.5,9.7,8.2,7,8.7,3.9,6.4,41.2,4.7,5.8,4.1
2018-12-11 14:00:00,2.7,8.6,8.3,10.6,12.7,3.1,1.6,8.1,3.3,,1.7,3.5,4.7,5.1,8,10,8.6,8.4,5.8,8,3.8,5.6,39.2,4.2,5.5,3.6
2018-12-11 13:00:00,1.2,9.3,7.6,9.4,10.4,2.9,1.2,7.7,3.9,,1.3,2.4,4.2,6.3,6.6,7.4,7.6,11.4,5,8.2,2.9,5.2,41.9,4.4,5.2,3.2
2018-12-11 12:00:00,8.4,10.6,6.5,7.4,10.2,2.1,1.2,9.1,3.1,,1,1.7,3.2,5.7,6.3,7.7,6.9,11.4,4.4,6.6,2.3,5.7,43,4.4,3.7,2.8
2018-12-11 11:00:00,5.3,11.1,5.6,7.1,6,1.2,1,7.8,2.1,,1.1,1.6,2.6,5,4.5,6.2,14.8,11,3.6,5.5,1.3,3.6,42.8,2.6,3.5,2.4
2018-12-11 10:00:00,9.7,15.3,5.3,6.6,6.4,1.2,1,6.2,1.9,,1,1.1,1.1,4,4.2,5.2,5.1,4.8,3,4.5,1.3,3,43.3,1.5,3.8,2.2
2018-12-11 09:00:00,9.5,4.6,5.2,6.7,7.8,1,1,5.9,1.7,,1,1.2,1.9,5,4,5.8,5.8,6.1,3.7,4.6,1.3,2.6,45.6,1.5,2.1,2.4
2018-12-11 08:00:00,10.4,7.4,6.8,8.2,8.9,1.6,1,10,2.7,,1,1.4,3.4,5.3,5.4,7.1,6.5,6.1,4.7,7.1,1.2,4.1,48.2,2.4,4,1.9
2018-12-11 07:00:00,11.8,9.6,8,9.8,9.3,1.4,1.2,13.6,4.2,,2.5,2.1,2.9,5.1,5.4,8.5,7.7,6.7,6.2,7.5,1.9,8.1,48.6,6.3,5,2.8
2018-12-11 06:00:00,27.2,17.6,31.1,22.5,26.9,9.8,5.6,26.9,20,,2.5,4.6,11.2,16.6,25.4,33.9,25,22.3,10.9,28,5.1,11.6,46.1,11,8.6,13
2018-12-11 05:00:00,51.5,67.9,50.6,51.9,49.5,22.9,15.2,45.8,32.9,,19.6,17,24.6,33.4,53.4,53.6,48.2,51,54,48.8,8.6,49.3,59.4,13.6,38.4,37.7
2018-12-11 04:00:00,70.8,69.2,71.8,53.1,71.5,40.7,27.5,60.3,47.7,,44.7,63.7,51.8,44.8,70,76.6,54.6,74.2,68.4,66.8,43.9,69.4,67,52.8,59.4,48.3
2018-12-11 03:00:00,72.4,78.8,76.2,53.8,83.7,45.8,30.9,62.6,46.3,,42.2,66.7,57.3,49,74.4,83.6,47.7,84.9,69.3,75.2,54.8,66.1,66.7,70.8,60.1,55
2018-12-11 02:00:00,79.8,61,76.6,53.5,83.8,44.5,31.3,62.1,50.9,,42.3,66.2,57.4,49.2,76.4,88.6,48.6,85.1,70.3,74.7,54.4,65.5,68.6,78,60.3,54.7
2018-12-11 01:00:00,86.7,64,80.2,66.7,83.9,49.1,32,62.4,50.6,,43.8,66.8,61.9,51.5,77,90.5,55.5,87.3,77.4,73.8,54.7,65.4,69.1,75.4,59.2,56.9
2018-12-11 00:00:00,92.9,75.3,86.2,66.3,87.3,49.7,32.6,67.6,55.7,,44.2,65.8,61,48.1,85.3,84.3,51.3,89.2,78.1,83.7,55.3,65.1,69,77.6,58.8,56.8
2018-12-10 23:00:00,93.8,72.7,85.2,63.6,91.4,45.8,26.6,57.7,45.4,,43.1,64.6,54.3,46.6,74.2,87.7,45.7,99.3,74.2,76.7,56.6,65.7,68.6,76,60.9,56.5
2018-12-10 22:00:00,104.5,86,78.8,55.4,79.2,41.2,25.1,50.7,49.1,,43.2,62.6,50,46.8,77.4,77.6,49,89.8,74.1,72.4,53.8,66.4,67,74.8,63.2,56.4
2018-12-10 21:00:00,101.4,90.7,77.5,51.2,66.3,41.6,26.7,51.6,48.6,,40.5,60.3,49.8,47.1,74.9,74.7,47.7,74.4,68.7,72.1,50.4,66,67.6,76.7,64.5,53.8
2018-12-10 20:00:00,72.9,71.2,72.5,47.5,66.5,41.8,27.7,51.8,50.3,,41.5,61.9,51.7,45.5,71.7,73.6,53.5,73.4,66.9,69.9,50.2,65.6,65.8,73.4,69.4,52.2
2018-12-10 19:00:00,62.6,64,73.4,51.4,67.9,41.8,27,53.7,47.2,,39,62.4,48.5,44.2,71.5,73.2,58.7,73.3,67.2,64.2,50.1,64,65.2,71.2,60.1,52
2018-12-10 18:00:00,54.8,54.6,66,56.7,66.4,41.5,25.4,52.8,46.5,,34.1,63,49.4,42.6,69,73.1,64.3,70.6,64.5,63.3,49.5,64.4,63.3,73.1,57.2,50.5
2018-12-10 17:00:00,58.3,51.6,62.3,63.9,68.8,40.6,27,58.1,45.4,,38.6,59.2,51.9,42.8,67,74.3,62.1,73.8,61.9,62.8,48.8,58.6,65.4,71.2,54.1,52.5
2018-12-10 16:00:00,52.5,46.9,64.8,56.5,71.5,39,25,58.7,45.7,,37.8,58.4,48.3,42.4,66.1,69.7,60.3,68.5,63.9,61.6,49.5,57.6,66.7,70.7,53.2,51.9
2018-12-10 15:00:00,47,63.4,64.4,61.7,69.7,40,29.2,58.1,48.2,,38.8,59.8,49.7,42.7,64.8,67.1,58.9,68,65.2,59.5,52.5,57.9,63.8,73.2,52.9,49.7
2018-12-10 14:00:00,51.2,60.4,66.1,57.2,68.6,39.8,27.9,61,49.4,,39.8,63.2,51.7,42.5,66.3,72.4,62.3,67.9,65.2,65.6,53,59.5,63.5,76.3,53.1,50
2018-12-10 13:00:00,52.3,61.4,66.1,51.4,69.5,40.9,28.3,57.4,46.3,,40.5,65,49.7,42.7,64.7,72,59.9,67.7,67.6,62.5,55,62.6,63.5,75.8,53.5,49.5
2018-12-10 12:00:00,54.2,59.1,63.8,61.9,67.8,40.6,25.9,56.4,46.3,,37.7,60.9,47,42.7,66.7,70.4,60.8,66.7,64.1,58.9,49.9,63.3,64.7,73.4,51.7,48.4
2018-12-10 11:00:00,49.7,59.8,60.2,56.7,64.4,38.4,23.4,54.4,44.8,,35.9,60.5,45.3,40.4,64,63.9,59.6,61.4,61.9,60.2,47.1,62,61.9,71.6,49.3,46.2
2018-12-10 10:00:00,63.2,50.7,56.3,60.8,59.8,33.1,20.4,52.9,41.1,,33.6,57.1,33.1,39.3,62.8,60.5,59.6,60.4,64,59.5,47.6,67.6,63.8,74.1,50.6,46
2018-12-10 09:00:00,74.1,46.7,59.2,63.1,60,30.6,17.9,54.3,26.6,,31.1,55,31.8,37.2,62.3,62.3,59.7,57,64.8,57.6,47.2,72.1,69.4,75,51.9,44.4
2018-12-10 08:00:00,70,46.9,59.4,61.8,60.8,29.2,15.6,49.8,28.8,,29.3,53.3,30.8,38.2,58.2,62.2,59.2,59.4,66.8,55.4,46,68.8,71.6,74.8,53.9,45.2
2018-12-10 07:00:00,71,50.3,55.6,58.2,60,30.9,16.4,48.8,27.6,,29.1,50.2,31.7,40.1,60.5,63.7,60.6,59.3,67.2,56.8,40.8,61,71.8,72.3,50.2,41.2
2018-12-10 06:00:00,63.1,50.4,56.7,60.6,58.6,31.3,16.6,47.4,29.8,,29.6,51.2,32.5,38.7,58.6,70.6,58.2,58.4,63.9,56.7,41.4,68.5,72.4,70,47.2,40.2
2018-12-10 05:00:00,70.3,53.1,60.3,61.5,62.9,36.9,19.5,53.7,38.1,,29.7,50,44.6,46.1,64.4,83,55,60.9,63.5,60.7,39,76.1,74.3,60.4,47.6,41.2
2018-12-10 04:00:00,69.9,49.2,58.6,60.8,59.3,41.8,24.5,58.8,40.9,,30.2,54.2,48.6,49.8,75.4,86.4,54,61.4,65.6,79.7,35.8,75.3,79,61.6,49.1,41.2
2018-12-10 03:00:00,61,55,54.2,61.5,58.6,41.7,23.6,56.6,34.7,,32.2,56.4,48.1,49.3,78.9,96.1,59.3,60,69.9,86.4,38.8,76.1,81.3,71,54,36.2
2018-12-10 02:00:00,66.1,65.6,56,52.3,57.4,35,18.7,54,41.7,,34.7,56.8,43.5,51,77.1,100.5,57.3,56.8,73.8,80.8,44.2,76.2,85.1,77.4,63.9,35.3
2018-12-10 01:00:00,79.7,69.1,68.5,58.5,57.1,52.5,27.9,56,42,,38.9,60,60.2,50.8,85.9,105.8,49.8,57.4,92.6,83.6,48.9,76,83.8,88,71.1,47.9
2018-12-10 00:00:00,92.6,75.7,77.1,61,100.8,57.2,31.4,55.8,47.1,,38.3,59.5,58.6,47,92.3,108.4,54.4,65.1,110.6,99.8,60.7,75.8,84.4,106.1,88.6,51.9
2018-12-09 23:00:00,104.3,101.3,86.5,88,108.9,57.2,32.6,63.3,53.6,,41.5,59.4,50.4,55,97.6,108.2,69.1,84.3,128.2,108.7,67.3,76.1,86.3,96.4,95.4,54.7
2018-12-09 22:00:00,104.6,116.8,117.9,104.1,114,56.6,36,69.5,59.3,,52.2,91.2,49.1,61,105.6,121.5,86.2,101.5,126.2,114.4,67.6,83.7,85.2,90.8,93.1,62
2018-12-09 21:00:00,107.2,107.3,115.2,107.4,107.3,56.4,37.6,70,60.8,,57.8,104.5,45.4,60.3,107,130.2,90.5,113.6,111.4,113.5,67.6,95.7,84.2,115.2,88,74.6
2018-12-09 20:00:00,95.8,100.3,108.2,107,105.3,59.3,36.8,80.2,60.7,,57.2,101.7,46.9,58.2,110,128.2,95.9,112.8,104.2,111.6,71.7,99.1,83.2,118.1,100.5,72.2
2018-12-09 19:00:00,75.8,101.1,115.2,102.7,115.9,57.2,38.6,83.7,64.2,,54.9,97.2,47.9,60.8,107.6,128.2,98.8,116.1,103.3,112.7,67.5,98.6,83,91.7,109.4,65.5
2018-12-09 18:00:00,60.8,73.3,99.4,97.8,93.8,55.8,35.1,78.8,63.2,,52.4,85.6,52.1,57.1,99.9,115.9,88.1,91.6,92.3,98.7,55.4,91.4,80.8,93.1,128.8,55
2018-12-09 17:00:00,64.5,61.7,71.2,62.1,75.8,50.3,32,72.1,59,,42.4,65.1,64.5,48.5,85,99.4,59.6,70.3,74.9,77.7,47.1,69.6,74.6,74.3,80.4,47.8
2018-12-09 16:00:00,62.2,61.9,87.5,63.8,94.7,52,31.6,70.1,60.7,,41.4,58.5,60.8,51.6,84.7,98.2,65.9,87,77.3,79.4,45.1,57.4,72.1,66.8,52,54.8
2018-12-09 15:00:00,40.8,46.2,73.4,68.3,65.4,43.5,26.4,62.1,50.1,,42,58.1,56.8,49,79.4,95.2,60.5,65.4,79.8,70.1,38.1,58.6,74.8,60.1,63.6,44.2
2018-12-09 14:00:00,28.1,44.1,51.2,57.3,52.4,33.1,20.2,48.2,37,,33.3,51.6,42.4,40.2,59.7,70.4,57.3,51.1,60.6,53.7,36.2,51.7,61.3,54,52.4,36.4
2018-12-09 13:00:00,26.8,46,42.8,46.7,40.4,18.9,10.8,27.4,15,,32.6,51.4,24.3,34.3,39.2,61.3,45.7,40.8,52.3,38.5,28,48.4,59.7,44.7,59.4,29.4
2018-12-09 12:00:00,30.6,50.9,43.2,43.8,33.4,13.1,7.9,22.9,16.6,,26.1,42.8,12.9,20.3,31.6,61.3,27.3,33.8,50.1,30,21.7,42.8,58.8,42.4,42.9,23.6
2018-12-09 11:00:00,31.8,35.3,52.1,56.2,31.8,11.3,6,25.6,17,,16.6,41.9,14.1,22.6,36.2,64.4,27.6,32,62.3,34.7,25.5,41.9,58.9,44.8,33.1,18
2018-12-09 10:00:00,43.3,30,44.8,61.9,48.5,29.2,12.2,29.9,22.2,,8.9,27.4,38.2,37.2,62.8,73.7,53.3,36.5,62.4,55,21.1,28.2,71,41.8,32.4,19.7
2018-12-09 09:00:00,45.4,49.7,49.5,56.6,61.6,43.5,20.8,51.3,30.2,,12.7,16.1,51.8,48.8,79.1,88.1,66.6,40.1,74.9,78.3,13,29,77,34.4,53,20.4
2018-12-09 08:00:00,38.4,41.7,48.5,58.7,54,45.4,16.3,24.7,9.6,,15.9,17.8,51.6,48.7,73.1,74.6,54,42.6,74.1,71,12.2,15.7,78.9,38.3,52.9,21.8
2018-12-09 07:00:00,41.4,34.8,48.8,48.2,58.8,44.3,14.1,28.8,14.6,,7.6,22.9,49.9,46.2,73.6,74,47.3,53.5,73.1,71.4,16.2,11.7,77.7,21.7,46.5,22.2
2018-12-09 06:00:00,45.8,40.5,50,48.7,59.3,45.8,24.1,41.7,28.1,,8.3,20.8,50.2,43.9,73.6,71.8,44.6,51.8,74.6,72.7,15.8,13.6,75.6,23.7,45.2,24.6
2018-12-09 05:00:00,53.6,58,58,50.1,61.5,45.2,25.3,57,41.1,,19.7,30.8,49.6,43.9,69.5,69.6,46.3,53,,,,,74.6,,42.8,
2018-12-09 04:00:00,65.6,60.9,74.5,49,61.8,43,21.4,52.6,36.9,,18.6,28.6,47.7,44,68.6,70.9,45,69.4,66.7,67.6,7.8,25.3,73.6,12.8,42.2,32.2
2018-12-09 03:00:00,60.1,64.6,68.9,53.2,62.6,39.6,19.7,50.4,32,,20.8,43.9,40.8,44.7,68.2,71.3,43.8,73.2,64.1,66.9,5.1,27.2,72.4,10.7,44.7,39.4
2018-12-09 02:00:00,60.6,52.4,66.9,65.3,62.7,38.8,20.8,52.4,33.6,,27.4,45.8,41.6,42.8,67,69.2,45.2,67.2,65.5,63.8,6.4,31.1,73,11.6,53.9,39
2018-12-09 01:00:00,48.9,47.3,64.8,62.3,62.1,34.3,16.2,49.6,32.1,,27.8,42.5,37.9,40.6,63.9,67.6,60.5,65,60.2,59.7,8.4,39.3,68.4,11.5,52.8,38.2
2018-12-09 00:00:00,50.2,49.5,58.5,58,51.8,27.6,13,46.5,27.4,,24.2,37.9,27.8,34.9,55.7,62,58.1,53.9,57.1,54.5,12.8,47.3,66.4,11.9,49.6,38.2
2018-12-08 23:00:00,42.8,43.8,52.1,50.5,50.9,23.9,11.1,41.7,22.8,,23.5,43.4,22.3,31,50.9,55.5,50,54.2,49.4,48.6,16.9,49.3,63,16.6,46.2,37.5
2018-12-08 22:00:00,41.3,38.4,45.3,44.8,45.1,17.5,8.2,38.9,20.9,,22.9,45.7,18,28.7,47.6,50.6,46,48.5,46.4,46.3,18.4,50.1,61.7,19.6,42.9,33.1
2018-12-08 21:00:00,34.1,36.7,40.3,43.1,39.6,14.5,7.1,31.8,15.9,,16.9,40.3,14.2,25.3,42.7,47.6,43.7,43,42.9,40.2,18.1,38.8,62,30.2,37.7,26.4
2018-12-08 20:00:00,31.7,32.3,37.6,35.2,38.2,13.9,5.5,29.6,15.2,,13.7,32.9,14.2,16.8,36.3,41.7,27.3,36.6,33.6,32.8,16,35.9,55.7,31.8,29.7,23.3
2018-12-08 19:00:00,26.7,26.4,34.6,31.5,30.2,12.9,4.9,27.8,10.7,,14,31.2,14.6,16.8,31.4,34.5,22.8,33.2,27.7,25,16.3,33.6,53.2,30.1,30.5,23.2
2018-12-08 18:00:00,17.8,8.3,24.6,20.1,17,8.1,3.7,21.2,6.6,,12.3,24.7,10.3,12,20.7,22.3,13.7,19.6,19,17.4,14.1,35,49.7,27.2,39.7,14.6
2018-12-08 17:00:00,7.3,9.6,10.6,13,7.5,3,1.5,6.7,1.1,17.8,6.6,18.2,5.8,9.1,9.8,21.7,13.4,12,14.2,9.8,10.7,23.1,46.3,23.6,29.7,3.6
2018-12-08 16:00:00,2.9,11.6,5.4,14.1,6,1.8,1,6.1,1.3,,4.5,13.4,1.5,4.4,3.3,11.8,7,7,13.4,3.9,7.7,15.6,46.8,19.3,11.4,3.3
2018-12-08 15:00:00,3,5.9,4.3,8.4,5.4,1,1,5.2,1,,3.8,12.6,1.4,4.7,3.4,5.2,5.5,3.9,5.4,4.5,12.2,11.5,44.8,1,11.4,2.5
2018-12-08 14:00:00,1.4,6.9,4.1,4.7,6.3,1.3,1,6.4,1.2,,1.6,9.3,1.7,6.2,4.2,7.6,6.3,5.3,3,4.8,3.7,12.6,37.6,1,7,2.2
2018-12-08 13:00:00,2.6,5.5,5.8,5.2,7.4,1.2,1,6.1,1.4,,1,2.9,2.5,5.2,4.1,6.9,4.6,4.5,2.6,4.6,1.1,10.3,41.2,1,4.8,1.7
2018-12-08 12:00:00,6,8.3,4.3,5.6,5.6,1,1,5.9,1.3,,1.1,1.2,1.2,4,4.3,4.4,3.9,12.4,2.1,3.7,1.2,1.2,43.2,1,2.9,1.8
2018-12-08 11:00:00,5,14.7,3.2,4.2,4.3,1,1,4.2,1.3,,1,1,1.2,5.5,2.1,3.4,5.8,2.4,1.6,2.6,1,1.4,45.4,1,2.3,1.1
2018-12-08 10:00:00,5,3.1,2.8,4.2,3.6,1.2,1,4.5,1,,1,1.1,1.9,4.6,2.5,3.6,3.8,2.8,2.1,2.9,1.2,1,47.2,1,4.6,1
2018-12-08 09:00:00,4.8,4.6,2.1,3.1,3.6,1,1,5,1,,1,1.2,2,3.6,2.1,3.8,4.6,1.9,2.1,2.3,1,1,48.2,1,7.6,1
2018-12-08 08:00:00,7.6,3.6,2.8,2.5,3.2,1,1,4.4,1,,1,1,2,3.2,3.5,2.6,3.7,1.2,1.3,2.1,1,1.2,48.2,1,6.1,1.2
2018-12-08 07:00:00,3.7,3.1,2,3.1,3.8,1,1,3.1,1,,1.1,1.1,2,2.4,1.5,2.1,2.3,1,1,2.1,1,1.3,45.9,1,1,1
2018-12-08 06:00:00,5.8,2.1,1.6,2.1,2.1,1,1,3.1,1.2,,1.4,1,2,2.3,1,1.6,1,1,1.3,1.3,1,1,48.9,1,1.2,1
2018-12-08 05:00:00,4.7,2.9,1.7,3,2.6,1,1,2.1,1,,1.2,1,2.3,2.2,1.2,1.8,1.6,1,1.7,1.4,1,1,48.4,1,1,1
2018-12-08 04:00:00,5,4.7,1.8,3.2,2.3,1.2,1,3.2,1.3,,1,1,2,2.3,1,1.8,1.5,1,1.4,1.6,1,1.1,50.9,1,1.2,1
2018-12-08 03:00:00,5.9,3.2,1.9,3.2,3,1,1,3.8,1.2,,1,1.3,2,2.5,1,2.4,1.4,1.3,2,2,1,1.6,49.6,1,1.6,1
2018-12-08 02:00:00,6.2,4.1,2.4,4.4,4,1,1,4.7,1,,1.2,1.3,2.1,2.3,1.2,2,1,1.3,1.4,2.4,1,2.7,50.6,1,1.4,1.2
2018-12-08 01:00:00,5.7,6.8,3.9,4.7,4.1,1,1,5.2,1,,1,1.2,1.8,2.7,2.4,4,3.4,1,2.3,2.4,1.2,3,50,1,2.3,1.2
2018-12-08 00:00:00,8.5,8.7,4.1,6.2,5.5,1.4,1,4.7,1,,1,1.7,1.8,3.5,2.5,5.4,4.1,2,3.5,3.2,1.1,2,52.6,1,3,1.4
2018-12-07 23:00:00,8.6,9.1,4.9,6,6.4,1.2,1,5.5,1,,1,1.2,2.1,3.4,4,5.2,4.9,3.5,3.5,4.8,1,3.6,53.8,1,3.3,3.1
2018-12-07 22:00:00,7.4,6,5,7.4,8.5,2.5,1,5.7,1,,1,3.2,2.4,4.5,5.6,6.6,7.1,5.5,3.3,6,1,14.1,51.3,1,4.4,3.1
2018-12-07 21:00:00,8.4,11.9,6.9,9.2,9.6,1.7,1,6.4,1.2,,1.6,2.6,2,4.7,5.4,7.8,7.6,6.7,4.6,6.3,1,12.4,50.2,1,7.4,3.8
2018-12-07 20:00:00,8,25.3,8.3,12.4,9.2,1.4,1.5,6.7,1.5,,4,5.9,2.1,5.3,5.2,7.3,8.3,5,5,5.8,1.1,11.6,48.6,1,12.6,4.8
2018-12-07 19:00:00,9,9.2,8,8.4,8.8,1.8,1.4,5.8,1.2,,1.6,7.9,1.7,6.1,6,9.2,8.4,6.3,4.9,6,1.3,9.3,48,1,10.1,4.3
2018-12-07 18:00:00,10.5,14.6,8.9,10,8.8,2.2,1,6.5,1,,2.2,2.4,2.6,5.5,5.5,8.9,7.7,6.4,6.6,6.6,1,6.5,48,1,6.2,4.3
2018-12-07 17:00:00,6.1,5.2,7.8,7.7,7.5,1.8,1,6.2,1.3,,1.4,2.2,2.7,4.3,4.1,8.3,6,5.9,5.5,5.1,1,3.5,46.6,1,4.8,4.1
2018-12-07 16:00:00,1.6,10.3,5.1,6,6.2,1.3,1,7.4,1.2,,1.2,1.4,1.4,4.6,3.4,5.1,4.7,4.7,2.7,4.2,1.2,2.6,44.6,1,2.9,2.8
2018-12-07 15:00:00,3.9,5.6,3.7,5.7,6,1.4,1,4.8,1,,1,1.4,1,4.7,3.3,4.8,4.9,4,2.6,4.2,1.2,2.5,42.2,1,3,1.8
2018-12-07 14:00:00,2.4,4.3,4.2,5,5.8,1.5,1,5.3,1.8,,1.1,1.3,2,4,4,5,5.2,3.3,2.4,5.2,1.1,1.7,45.2,1,2.7,1.7
2018-12-07 13:00:00,2.2,6.8,5.8,6,7.1,1.7,1,7.2,1,,1,1.3,2.6,5,4.7,6.3,6.4,4.5,3.3,5.6,1,1.5,47.4,1,3.2,2.5
2018-12-07 12:00:00,2.4,9,6.5,7.7,7.8,1.8,1,5.7,1.7,,1.1,1.8,3.8,6.6,4.7,5.4,6.7,4.8,4.5,6.4,1,1.8,48.8,1,3.2,2.7
2018-12-07 11:00:00,7.2,11.1,6.9,8,7.4,1.4,1,5,2.2,,1.2,2.9,2.9,6.6,4.9,7.1,6.1,5.6,4.3,5.3,1,2,49.2,1,3.7,2.4
2018-12-07 10:00:00,9.1,11.2,6.8,7.5,6,1,1,5.4,1.8,,1,1.7,2.4,3.9,3.4,7,6.3,4.9,5.3,4.6,1,3.4,49.8,1,3.8,2.7
2018-12-07 09:00:00,12.3,12.8,7.9,8.5,6.9,1,1,6,2.2,,1.2,2.1,3,5.3,4,7.6,8.1,5.3,4,4.9,1.6,4.2,52,1,4.8,3.2
2018-12-07 08:00:00,6.4,6.3,7.8,7.9,8.4,2.3,1,6.8,1.2,,1.2,2.2,2.9,5,4.4,7.8,7.5,5.2,4.2,6.1,1,3.8,54,1,3.6,3.2
2018-12-07 07:00:00,9,7.3,7.2,6.9,7.3,1,1,5.8,1.2,,1.1,2.4,2.2,4,4.8,5.6,5.7,5.6,4,5.5,1,3.8,53.2,1,3.3,2.8
2018-12-07 06:00:00,9.6,4.7,6.1,7,6.1,1.2,1,4.6,1,3.8,1,1.7,1.8,3.5,3.1,5.1,4.7,4.9,3.5,4.1,1.1,3.3,50.6,1,2.3,2.8
2018-12-07 05:00:00,7.9,8.1,4.4,5.4,5.1,1,1,5.6,1,3.5,1,1.4,1,2.6,2.3,5,4.8,3.9,2.9,3.5,1.1,1.7,50.2,1,3.1,1.8
2018-12-07 04:00:00,12.4,2.6,5.4,7,6,1,1.2,5,1,3.4,1,1.4,1.5,3.6,3.4,5.3,4.2,4.1,4.1,3.6,1,2.4,48.4,1,3,2
2018-12-07 03:00:00,6.8,3.1,5.1,8.4,5.2,1,1,5.1,1,4.4,1,1.2,1.2,2.8,2.8,4.8,3.9,3.6,4.9,3.9,1,2.4,49.1,1,2,2.2
2018-12-07 02:00:00,7.6,2.4,4.8,11.1,6.7,1.2,1,6.1,1,4.6,1.3,1,1.9,3.2,4,5.7,4.6,3.7,7.1,4.4,1,2.8,47.1,1,2.2,2.1
2018-12-07 01:00:00,10.6,8.2,6.6,8.7,8.3,1.3,1,6.3,1,7,1.4,1.7,1.1,3.6,4.1,5.6,5.9,6.4,5.4,4.6,1,3.5,47.8,1,4.3,2.9
2018-12-07 00:00:00,8.2,9.3,9.5,8.7,6.2,1.3,1,5.5,1,7.3,1.1,3,1.5,3.4,5.2,5.6,5.2,6.9,5.5,4,1.1,3.8,46.4,1,5.2,3.8
2018-12-06 23:00:00,12.9,15,7.2,7,5.4,1.7,1,6.6,1,7.7,1.1,3.4,1.3,3.6,4,6.6,5.4,5.5,4.9,3.5,1.1,2.1,42.8,1,4.8,4.6
2018-12-06 22:00:00,6.4,8.6,6.1,7.2,5.3,1.6,1,6.2,1.5,7,1.5,1.4,1.7,4.3,2.9,5.2,4.6,4.7,5.9,3.9,1.6,2.7,44.3,1,4.2,3.6
2018-12-06 21:00:00,8.1,12.9,8.6,9.7,6.8,1.4,1,6.2,1,6.8,1.4,1.7,1.8,3.6,3.3,5.4,4.4,6.8,5.3,4.1,1.2,3.5,44.6,1,4.8,3.2
2018-12-06 20:00:00,7.7,8.8,5.7,6.8,9.4,1.6,1,7.4,4.8,3.3,1,3.4,2.4,3.1,4.8,6.6,5.6,5,3.6,5.5,1,2.6,44.8,1,5.4,2.9
2018-12-06 19:00:00,7.3,3.4,5.3,5.7,6.1,1.2,1,9.8,1.9,5.3,1.8,3,1.4,3.7,3.6,6.2,4.2,4.5,4.5,3.4,1,2.5,44.3,1,5.7,2.2
2018-12-06 18:00:00,6.7,4.2,8.7,5.8,6.7,1,1,8.8,2.6,4.2,1.1,1.2,1.4,4.3,3.5,6,5.8,4.6,3.9,3.7,1,2,44.8,1,5,2.2
2018-12-06 17:00:00,8.2,7,4.2,6.5,6.3,1.6,1,7.6,2.9,3.8,1.4,1.2,1.1,3.3,4.1,6.3,5,4.8,3.4,4.3,1,1.7,45.2,1,4.5,2.6
2018-12-06 16:00:00,3.6,6.2,5,7,6.3,1.4,1,5.8,1.8,4.6,1.1,1.4,2.8,5,3.6,6.9,5.1,10.4,4.3,4.7,1,2.1,44.5,1,3.1,2.4
2018-12-06 15:00:00,7.5,9.9,5.2,6.9,6.8,1.7,1,7,1.8,4.5,1.2,2,1.8,5.7,4.8,7,5.4,5.3,4.1,5.1,1,2.6,43.4,1,3.3,3.2
2018-12-06 14:00:00,2,4.4,5.3,8,7.2,1.3,1,6,1.6,4.1,1.3,1,4.4,13.2,5.2,6,6,6,4.1,5.7,1,2.7,42.3,1,3.4,2.5
2018-12-06 13:00:00,1.4,6.8,5,6.3,6.4,1.5,1,6.8,4.6,3.6,1.2,1.7,2.7,5.6,5,5.2,5.1,5.2,4.2,5.2,1,2.9,40.9,1,3.1,1.8
2018-12-06 12:00:00,2.8,4.9,4.7,5.4,6.4,1.8,1,7.1,3.4,3.8,1,1,3,5.8,4.9,6.2,6.6,4.6,3,6.4,1,2.3,43.3,1,2.7,1.8
2018-12-06 11:00:00,4.8,7,13.4,5.7,5.9,1.7,1.2,7.9,3.1,3.4,1,1,3.8,4,4.8,6.2,6.5,5.6,2.3,5.7,1.2,1.7,43.6,1,2.6,1.9
2018-12-06 10:00:00,9.3,6.2,4.3,5.4,6,1.4,1,6,1.3,3.2,1,1,2.1,3.2,3.4,5.9,7.8,15.9,2.2,4,1.2,1.1,42.7,1,3.5,1.9
2018-12-06 09:00:00,10.1,5.4,4.5,5.4,5.6,1,1,5.9,1.3,3.3,1,1.4,2.1,3.8,2.9,4.6,4.2,3.8,3.4,3.4,1,1.3,44.8,1,5,1.7
2018-12-06 08:00:00,5.2,9.8,3.7,5.3,5.5,1,1,3.8,1,3.8,1,1,1.7,2.5,2.1,3.9,3.5,3.7,2,2.7,1.1,1.1,44,1,3.7,1.6
2018-12-06 07:00:00,4.4,4.6,2.6,2.3,4.5,1,1,7.2,1.5,2.1,1,1,1.4,2.6,1.9,3.7,4.2,2.7,1.6,3.4,1,1.2,43.8,1,4.2,1.5
2018-12-06 06:00:00,7.4,0.9,2.8,3.8,5.3,1,1,7.8,15.2,1.9,1,1,1.3,2.4,2.3,3.2,2.8,2.5,1.8,2.8,1,1.2,42.5,1,2.1,1.2
2018-12-06 05:00:00,5.6,13.2,3.2,4.5,5.3,1,1,6.8,1.1,4,1,1.2,1.4,2,1.8,5.6,2.6,3.6,2,2.5,1,1.4,42.3,1,2.3,1.8
2018-12-06 04:00:00,12.2,10.6,4.8,6.7,6.7,1.4,1,6.5,1.3,4.7,1.1,1.5,2.3,2.5,2.8,4.4,6.5,4,3.8,2.9,1.2,2.4,42,1,2.6,1.9
2018-12-06 03:00:00,20.8,41.3,10.5,12.1,12.7,3.7,2.8,7.1,1.7,13.4,4.6,2.9,5.4,4.7,6,16.1,7.6,13.9,10.9,7,1.3,7.4,45.1,1,11.8,5
2018-12-06 02:00:00,35.5,54.8,33.8,31.2,38,15.7,12.2,18.7,13.2,41.6,25.4,10.2,14,14.4,26.1,35.7,23.2,35.7,33.6,26.2,2.2,26.8,52.5,1,41.8,21.1
2018-12-06 01:00:00,56,55.6,48.9,48.7,49.9,21.5,18.9,33.1,21.8,57.2,28.5,40.4,25.8,29.2,43.4,49.3,42.4,50.8,54.8,41.8,14.1,48.8,59.6,1,44.3,38.6
2018-12-06 00:00:00,61.1,54.1,51.8,50.9,55.6,29.5,25.2,43.8,26.4,55.2,30,46.9,35,33.6,54,54.6,50.1,57.8,54.6,47.1,20.6,53.6,60.3,1,43.9,40.5
2018-12-05 23:00:00,59.1,54.7,52.5,51.4,53.6,29.4,23.4,42.6,26,53.8,29.9,45.8,36.8,33.8,54,58.2,50.5,56.4,53,48.1,25,54.2,62.2,1,45.9,40.5
2018-12-05 22:00:00,53.8,57.5,53.9,52,54.3,33.9,26.8,43.9,32.6,51.3,27.3,47.7,44,43.8,58.9,74.3,52.7,54.2,62.4,55.4,24.3,53.9,64.9,1,45.4,40.2
2018-12-05 21:00:00,63.6,65.6,67.7,48.8,60.6,39.3,32,50.4,42,63.9,35.8,52.8,45.8,43.9,66.5,77.2,64,61,64,54.9,24.1,57,64.4,1,54,40.3
2018-12-05 20:00:00,66.5,71.3,60.6,59.2,60.7,38.8,32.5,52.4,42.2,63.2,36.7,58.7,44.7,40,64.6,71,62.4,57.5,61,55,22.4,53.5,61.1,1,52.8,41.1
2018-12-05 19:00:00,64.4,74.2,59.2,61.8,57.5,38,27.2,53.7,41.7,62.7,38.6,61.2,44.9,41.7,63.9,65.1,59.7,56.9,59.2,53,26.2,51.4,60.6,1,53.8,38.9
2018-12-05 18:00:00,60.3,72.8,55.8,56.7,60.9,33.8,23.8,54.9,41.7,59.2,37.1,58.5,39.8,38.8,59.9,61.9,55.9,59.8,57.5,49.8,26.8,51.3,60.2,1,53.9,38.4
2018-12-05 17:00:00,55.5,59.8,52,51.4,58.8,31,17.9,51,37,56.2,36.6,54.2,34.9,36.3,56.7,58.2,50,57,54.2,47.3,27.7,47.8,58.2,1,52.7,44.6
2018-12-05 16:00:00,50.6,50.7,50.6,50,56.6,29.8,17.1,48.5,33.4,53.3,35.1,52.5,35.3,30.8,51.5,52.1,45.8,53.7,52.5,43.9,33.3,49,56,1,47.7,39.2
2018-12-05 15:00:00,41.2,49.5,47.2,45.1,50.2,27.8,20.8,47.1,34.1,50.8,32.7,51.5,33.4,29.9,50.6,51.1,44.4,47.1,48.1,43.2,29,51.1,57.1,1,46.1,32.9
2018-12-05 14:00:00,41.9,52.6,45,42.3,52.1,27.6,18.8,46.9,40,45.8,26.5,44.1,32.5,31.2,49.1,49.9,43.7,45.5,45.5,44.6,19.7,40.9,55.7,1,39,30.5
2018-12-05 13:00:00,30.2,49.5,48.7,44.8,49.9,32.3,20.4,48,38.7,43.1,21.9,40.2,38.6,36.2,57.7,53,47.9,45.2,47.4,52.3,15.9,34.2,54.5,1,34.9,28.7
2018-12-05 12:00:00,33.2,38.6,38.5,49.2,48.2,25.8,19.2,44.2,36.4,40.7,17.8,36.4,33.2,40.2,56.9,59.5,50.9,41.6,49.2,53.7,13.6,30.5,53.6,1,32.5,25.8
2018-12-05 11:00:00,31.9,34.7,36.8,44.3,45.1,25.2,16.7,42,35.1,38.4,15.5,30,30.7,38.2,56,57.6,54.4,39.9,42.7,53.4,10.5,22.4,53.8,1,26.4,23
2018-12-05 10:00:00,29.2,30.5,42.2,40.7,44.3,21.4,14.6,40.7,32.1,29.8,12.1,23,25.7,39.3,53.4,53,52,31.4,42.2,52.5,8.6,19,52.6,1,21.5,20.5
2018-12-05 09:00:00,23.5,21.3,40.1,38,46.1,21,14.1,36.4,26.5,26.2,7.6,17.8,19.7,35,50.4,48,48.2,26.9,43.2,49.9,6.2,14.6,53.3,1,20.3,15.8
2018-12-05 08:00:00,31.8,33.8,37,37.5,40.2,19.6,12.1,33.4,24.8,25.2,8.3,15.8,16.1,31.2,48,43.6,41.8,29.4,45.2,46.8,5.4,13.9,53.2,1,21,13.1
2018-12-05 07:00:00,46.8,29.7,33.3,34.7,32.1,18.5,11,29.7,22,25.9,8.8,17,17.9,27.8,43.1,42.7,35.6,24.9,44.3,42,4.4,13.1,54,1,18.3,13
2018-12-05 06:00:00,58.4,29.8,30.1,33.5,32.4,18,8.8,26.3,17.2,20,6.4,14.8,17,22.4,38.4,41.1,35.4,20.9,36.5,38.1,3.8,14.4,54.6,1,22,12.8
2018-12-05 05:00:00,47.7,37.3,30.4,32.1,30.6,15.4,7.2,24.9,13.5,22.2,6.5,16,12.7,17.8,33.6,39.1,32.1,22.9,31.1,36.4,3.5,12.5,55.2,1,24.1,12.2
2018-12-05 04:00:00,44.5,33.6,29.6,29.1,24.1,15.2,6.2,22.8,11.4,13.7,7.5,14.2,13,18.9,31.3,37.9,31.8,23.9,25.4,32,3.7,12.1,56.2,1,42,9.3
2018-12-05 03:00:00,42.2,32.3,35.9,27.5,27.7,12.4,5.1,17.8,9.3,16.9,9.3,12.1,15.1,17.8,28.4,36,24.7,20.8,33.5,31.4,2.4,12.9,56.8,1,32.9,10.7
2018-12-05 02:00:00,41.7,20.3,23.4,29.9,23.3,12.1,4.7,16.7,8.8,19.3,9.5,11.9,15.5,16.4,25.2,33.1,20.9,29.5,27.8,28,2.3,11.4,54.5,1,28,13.3
2018-12-05 01:00:00,43.4,31.2,19.8,19.6,23.1,9.6,3.3,12.5,4.9,22.6,5.9,11.2,13.4,13.7,22.3,27.4,17.7,31.9,26,25.7,2.6,10.6,53.4,1,23.4,11.5
2018-12-05 00:00:00,30,32.3,23.3,18.8,20.2,8.6,3,13.2,5,31.6,8.6,9.9,12.5,14.4,19.6,28.2,22.7,20.2,24.8,21.8,2.4,11,53.4,1,26.5,9.1
2018-12-04 23:00:00,41,37.1,23.1,18.5,15,8.4,2.7,12.8,4.7,20.9,10.4,13,10,12,17.1,24.1,18.3,25,22.4,17.6,2.8,12.4,55.4,1,29.7,10.1
2018-12-04 22:00:00,47.2,31.8,19.8,13.9,13,4.8,1.6,7.6,1.3,14.7,8.6,17.7,8.3,8.4,10.9,15.9,13.8,18.9,18.7,12.1,1.6,9.2,53.4,1,30.3,9.4
2018-12-04 21:00:00,20,29.8,11.1,15.8,10.3,4.1,1.3,7.2,1.7,20.3,5.9,5.7,6.5,7,7.7,12.6,10.9,13.7,16.8,8,1.2,9.9,50.4,1,33.1,5.2
2018-12-04 20:00:00,16.2,20.7,9.7,10.7,10.2,3.3,1.8,7.3,2,14.4,2.8,5.3,4.3,5.8,7,9.8,12.1,9,8.8,6.2,1.7,6.1,43.1,1,13.9,4.6
2018-12-04 19:00:00,16.6,12.5,9.2,10.8,10.3,2.4,1.7,9.2,1.8,10.5,3.5,5.9,3.8,5.9,6.7,9.6,10.2,7.2,6.5,8,1.6,5.6,39.6,1,9.6,5
2018-12-04 18:00:00,13.9,21.8,7.5,8.4,9.2,2.4,1,8.9,1.9,7.9,1.7,4,3.2,6.5,6.9,7.3,7.1,6.2,4.9,5.4,1.7,5.5,48.1,1,4.2,3.4
2018-12-04 17:00:00,8.6,11.1,6.3,7,8.4,1.7,1,9,1.2,6.9,2,3.7,2.5,3.8,4.5,4.8,5.2,5,2.8,4.1,1.4,4.4,43.7,1,1.4,2.7
2018-12-04 16:00:00,7.9,7.6,4.6,4.1,6.1,1.5,1,5.7,1.2,4.9,1.8,2.8,2.4,2.8,4.1,4.3,4.6,4.4,2.1,3.8,1,4.8,43,1,1.4,2.4
2018-12-04 15:00:00,10,18.9,4.4,4.5,6.4,1.8,1,5.6,1.1,4.9,1.5,3,2.3,3.3,2.8,5.3,4.1,3.6,1.7,3.9,1.3,3.8,40.4,1,1.4,2
2018-12-04 14:00:00,13.5,18.3,5.2,5.2,7.9,1.3,1,5.8,1.7,5.4,2,4.4,3,3.3,3.5,5.8,5,,2.7,4.8,1.8,3.9,43.1,1,1.4,2.3
2018-12-04 13:00:00,9.1,18.5,5.6,6.5,8.4,2,1,7.2,1.5,7,1.8,4,2.9,4.7,4.4,5.3,6.9,,3,4.8,1.8,4.3,38.1,1,1.4,3.6
2018-12-04 12:00:00,16.9,19.5,6.6,6.2,8.9,2.2,1,8.1,2.4,6.9,1.6,4.1,3.1,4.5,5.5,6,6.4,,3.2,4.7,2.2,4,40.2,1,1.4,2.8
2018-12-04 11:00:00,18.3,26.3,5.8,6.6,9.8,2.4,1,7.1,1.9,7,2.3,2.7,2.9,4.4,4.9,6.1,5.9,,2.2,5.2,2.6,3.8,40.1,1,1.4,3.4
2018-12-04 10:00:00,18.4,25.8,15,6.2,9.5,1.6,1.2,7.5,1.9,5.8,1.6,4.9,3.3,4.4,5.7,6.3,5.1,,2.3,4.8,2.1,5.6,39.8,1,1.4,2.4
2018-12-04 09:00:00,21.5,18.3,4.7,4.8,11.1,2.3,1,7.4,1.6,5,1.8,3.4,2.7,4.8,6.6,6.2,5.5,,1.9,5.5,1.7,4.8,41.2,1,1,2.4
2018-12-04 08:00:00,22.3,24.2,5.2,5,11.1,1.8,1,7.8,1.9,6.2,1.6,4.5,3.3,4.2,6,5.4,6.5,,2.4,5.2,2.3,3.8,43.2,1,1,3.1
2018-12-04 07:00:00,21.6,26.2,7.2,7.9,11.9,2.6,1.7,8.7,,6.8,1.9,3.6,5,4.9,7.9,8.4,9,,5.3,7.2,2.1,3.6,43.3,1,1,3.3
2018-12-04 06:00:00,22.5,24.7,8,5.7,11.5,1.9,1.2,6.2,,11.9,3.2,5.4,3.3,4.5,6.4,7.3,7.9,,7.7,5.3,1.8,8.1,41.7,1,1.3,4
2018-12-04 05:00:00,18,33.2,6,5.9,9.4,1.5,1,6.7,,17.8,5.3,12,2.2,3.8,5.4,7.4,7.5,,2.5,4.9,4.2,8.2,41.9,1,1.3,4.2
2018-12-04 04:00:00,22.1,24.8,6.8,6,8.5,2.3,1.1,8.5,,14.1,5,12.4,3,4.2,5.4,7.1,7.2,,5.9,4.9,4,9.1,40.8,1,1.3,5.1
2018-12-04 03:00:00,17.6,15.8,5.7,7.4,7.8,2.3,1.7,10,,8.5,2.8,11.8,3.4,4.6,7,7.9,7,,27.2,6.4,3.2,8.6,39.1,1,1.3,5.2
2018-12-04 02:00:00,18,20.5,6.4,7,10.5,2.5,1.7,11.2,,8.5,2.7,11.8,3.3,4.6,7.6,11.1,7.6,,3.2,6.5,3.2,8.7,39.1,1,1.3,4.5
2018-12-04 01:00:00,15.3,24.6,7.1,7,11.1,2.5,1.7,12.8,,9.2,4,9.6,3.3,5,7.3,8,8.6,,3.2,7.1,3.3,8.2,45.7,1,1.3,4.3
2018-12-04 00:00:00,24,20.6,7.4,7.4,11.4,3,1.1,11.3,,10.6,2.7,9.6,4.2,4.3,6.6,7.1,9.4,,3.4,7.1,3,8.5,46.3,1,1.3,4.4
2018-12-03 23:00:00,20.1,22.2,7.8,7.3,13.1,2.7,1.5,12,,11.3,3.1,9.7,4.4,5.2,7.2,7,9.3,,3.3,6.7,4.6,9.7,45.6,1,1.3,3.8
2018-12-03 22:00:00,24.6,31.4,8.6,10.4,13,2.7,1.4,11.1,,10.7,4,11.8,4.5,5.4,7.8,8.7,7.3,,4.3,7.5,3.7,10.8,44.1,1,1.3,5.2
2018-12-03 21:00:00,30,34.4,11,9.5,15,3,1.6,10.7,,14.2,5.5,16,5.2,5.8,9.2,9.2,10.4,,5.1,7.8,4.2,9.6,45.7,1,1.3,7.3
2018-12-03 20:00:00,33.2,37.7,12.7,12.1,19.2,3.8,1.9,11.6,,14,4.2,12.2,5.3,7.6,10.1,11.1,11.3,,6.8,8.9,2.7,6.4,47,1,1.3,8
2018-12-03 19:00:00,31.8,31.8,10.7,10.4,19.4,5.4,2.4,16.8,,11.8,3.4,10,7.9,7.9,12.9,11,14.2,,5,9.8,2.3,5.8,45.6,1,1.3,7.1
2018-12-03 18:00:00,29,27.6,8,10.3,15.7,4.1,2.1,12.5,,10.6,3.7,8.8,7.1,7.8,11,11,10,,3.7,8.7,2.8,6.7,45.8,1,1.3,5
2018-12-03 17:00:00,34.3,35.4,8.6,7.8,15.6,4.1,1.5,12.8,3,10.1,3.3,8.4,5,6.2,10.9,9.8,13,,3.8,9.7,3.8,6.4,43.8,1,1.3,3.4
2018-12-03 16:00:00,30.3,36.1,8.5,8.4,13.6,2.6,1.2,11.7,3.3,9.6,3.6,11.4,3.4,6,7.8,7.6,8.7,,4,6.2,3.7,6.3,42.9,1,1.3,5
2018-12-03 15:00:00,35.2,42,8.3,8.8,15.5,3,1,10,2.6,11.1,4.6,13.5,4,5.3,6.4,8.1,9.6,,4.2,5.3,3.8,6.1,39.7,1,1.3,6.2
2018-12-03 14:00:00,40.6,47.2,8.4,11.1,17.8,3.4,1.5,13.4,3.1,11,4.4,13.6,4.8,6.7,8.6,9.9,11.8,,4.5,7.7,3.5,5.8,43.6,1,1.3,5.6
2018-12-03 13:00:00,48.2,52.5,11.4,13.3,22.3,5,1.7,16.6,3.6,13,4.6,10.1,7.8,8.1,10.5,13.6,14.1,,6.4,9.3,4,5.1,45.5,1,2.4,5.9
2018-12-03 12:00:00,50,56.3,11.2,13.1,26.1,5.4,2.9,16.4,6.4,14.3,5.1,8,8.6,10.8,13.7,12.4,14.6,,6.4,11.4,4.2,5.3,47.6,1,41.4,6
2018-12-03 11:00:00,60.3,73.2,12.3,15.3,26.8,5.6,2.2,19.8,6.4,15.7,4.9,8.1,9.8,10.4,12.4,11.2,14.3,,6.8,11.2,4.3,5.8,47.7,1,1,7.2
2018-12-03 10:00:00,75,73.7,11.8,15.4,23.8,4.2,2.7,19.6,3.8,18,7.4,11.6,9.2,9.5,11.6,12.2,12.4,,6.8,10.4,5.6,6,47.4,1,1,8.5
2018-12-03 09:00:00,80.5,82.6,13.6,15.4,30.3,6,4,20.3,6.4,21.3,8.6,12.5,8.2,11.3,13.9,14.6,14.9,,8.1,11.1,6.1,7.3,45.3,1,7.8,8.2
2018-12-03 08:00:00,90.4,81,15.9,15.6,37.1,6.5,4.8,23.6,7.6,22.2,9.6,14,12,12.1,18.3,16.9,16.4,,9.1,14.1,9.8,8.3,46.9,1,18.8,9
2018-12-03 07:00:00,100.5,101,15.2,16,40,7.2,6,31.4,9.4,23.6,8.6,17.9,11.6,14.2,21.5,17.7,14.2,,9.5,16.6,11.3,9.6,51.4,1,9.4,11.7
2018-12-03 06:00:00,112.9,119.2,18.6,13.8,43.7,10.4,8.3,38.5,12.7,28.2,11.4,22.1,13.3,16.2,22,20.8,15.3,,11.4,18.4,11.6,12.6,53.1,1,10.2,11.9
2018-12-03 05:00:00,125.5,130,21.1,15.3,46.5,10.6,11.4,39.6,13.5,30.9,14.7,25.9,13.8,17.5,29.9,23.9,18.1,,13.6,21.6,14.9,16.1,56.3,1.6,2,13.9
2018-12-03 04:00:00,137.2,139.7,26.7,20.7,49.9,13.4,16.1,43.3,16.8,35.7,21.3,33.7,16.1,22.6,31.5,29.8,25.2,,16.7,26.6,21.3,36.6,58.2,1,4.3,18.4
2018-12-03 03:00:00,139.6,146.3,42.5,35.2,59,18.5,26.5,46.4,22.2,48.4,35.6,62.8,21.4,30.9,40.2,40.7,34.7,,31.1,34.1,22.9,89.8,63.7,1,34.1,33.4
2018-12-03 02:00:00,157.2,172.6,85.3,50.3,110.5,45.4,69.1,78.8,53.7,75.1,54.6,113.6,51.8,59,86.9,109.8,75.5,,49.2,83.7,45.8,90.6,78.9,1,78,59.5
2018-12-03 01:00:00,176.5,190.1,134.3,80.6,169.9,68.6,108.3,119,72.2,160.9,69.2,130.4,66.2,91.1,147.8,158,143.2,,72.7,138.2,65.4,90.2,108.8,50.3,91.2,93.4
2018-12-03 00:00:00,178.8,187.5,151.1,103.8,179.6,86.8,128,129.6,80,170.1,69,126.2,88.2,99.6,183.1,176.2,177.6,,85.6,167.1,60.2,95.1,111.2,150.3,94.1,98.7
2018-12-02 23:00:00,178.7,185.4,163.8,106.3,180.4,86.3,129.1,147.1,93.9,177.5,70,131.3,90.6,97,181.8,171.7,168,,89.4,158.7,62.2,97.7,117.1,155.6,94,99
2018-12-02 22:00:00,,,,113.5,,,,,,,,,,,,,,,,,,,,,,
2018-12-02 21:00:00,194.5,206.5,171.1,120.4,181.2,80,117.3,126.2,79.2,197.6,85.4,146.5,79.8,99.4,174.4,175.1,165.8,,92.3,154.2,68.6,106.4,117.3,141.4,96.4,113.2
2018-12-02 20:00:00,202.1,209.4,164.7,116.1,186.3,85.4,119.6,109.7,74.4,193.7,81.2,147.5,86.5,95.7,176.8,187.4,163.2,,93,155.2,65.5,119.6,123.2,138.2,96.4,108.5
2018-12-02 19:00:00,222.5,233.2,159.3,116.5,183.1,89.1,123.8,116.3,81.7,187.5,78.5,157.6,91.5,94.9,171.6,184.7,162.4,,89.2,154,77.8,123.6,122.5,152,93.9,103.2
2018-12-02 18:00:00,251,239.8,167.2,122.9,186.4,86.1,125.2,133.8,79.8,188.5,79.8,159.6,93.5,94.5,176.3,186.6,163.6,,85,158.8,78.2,130.2,121.7,179,93.1,102.1
2018-12-02 17:00:00,230.8,233.7,170,140.7,212.6,89.1,122.9,131.4,81.3,192.4,87.8,163.2,95.8,97.6,176.3,181.7,164.7,,96.7,157.1,84.9,132.7,126.8,180.4,104.6,107.4
2018-12-02 16:00:00,208.4,207.7,182.4,141,219.3,87.7,125.7,141.7,91.7,195.5,89.2,168.5,92.2,94.8,173.6,184,161.6,,99.6,155.3,95.9,138.8,128.4,186.9,108,112.2
2018-12-02 15:00:00,191.6,194,182,130.1,225.2,85.1,126.3,139.4,83.7,194.9,90.4,171,94.8,94,173.9,184.6,158,,98.5,158.8,99.7,141.6,127.7,193.7,106.3,115.8
2018-12-02 14:00:00,185,185.4,187.3,134.6,225.6,86.8,126.1,130.3,82.5,194.5,90,166.8,94.2,101.3,175.6,181.9,166,,93.6,165.4,96.5,140.1,128.1,197,109.9,113.8
2018-12-02 13:00:00,187.1,178.6,187.9,140.5,225.7,89.9,124.6,133.1,77.7,201.2,90.9,170.8,97.8,91.8,175.6,179.3,153.4,,99.5,157.2,94.1,146.8,130.8,187.4,106.5,114.8
2018-12-02 12:00:00,193.8,177.6,187.7,134.3,218.1,89.4,124.8,130.3,78.4,198.5,89.7,162.8,94,87.8,168.1,173.4,143.7,,107.5,148.5,96.3,144.6,130.3,188.2,101.8,116.4
2018-12-02 11:00:00,202.9,187.7,187.5,139.1,216.4,87.7,123.6,121.4,76.6,212.6,90,169.5,92,80.5,160.6,177.2,132,,99.5,143,87.8,145.4,134.1,182.9,106.6,121.8
2018-12-02 10:00:00,193.9,189.5,189.7,138.5,225.8,88.9,123.5,120.1,81.2,210.2,95,166.6,93.7,82.9,172.4,168.4,132.4,,106.2,134.2,81.8,141.3,132.5,180.3,108.6,123.6
2018-12-02 09:00:00,173.9,195.1,196.1,144.9,234.8,90.9,122.7,110.6,72.9,223.8,95.4,163.3,87,84.1,160.1,165.2,138.6,,105.6,144.5,92.8,128.5,129,195.8,102.8,127
2018-12-02 08:00:00,188.1,193.9,187.2,129.9,221.3,89,117.4,113.5,90.2,228.5,93.2,151.9,88.5,87.4,163.8,176.8,147.2,,107.2,148.2,68.9,133.3,124.9,187.8,95.3,127.2
2018-12-02 07:00:00,183.6,191.3,185.3,126.4,212.5,83.1,119.4,124.7,96.3,231.6,91.3,154.9,87.4,92.1,178.1,185,163.3,,92.2,161.6,79.3,133.6,121,185,96.7,129.4
2018-12-02 06:00:00,195.6,199.8,188.3,120.3,218.7,83.4,109,111.4,90.3,230,91.8,159.9,85.9,100.9,172.7,182.9,174.5,,90.8,167.9,91.6,139,114.4,184.7,94.4,130.8
2018-12-02 05:00:00,202.8,198.1,176,120.2,192.4,90.2,109.7,114.9,94.2,231,95.1,167.2,93.2,94.9,175.3,192.3,160.8,,85.5,166.8,85.8,144.5,121,192.4,93.1,129.9
2018-12-02 04:00:00,206.9,210.8,151.6,108.3,165.8,90.9,118.2,120.6,93.9,229.4,88.7,170.9,95.2,99,185.1,194.1,174.7,,78.8,175,84.6,147,118.4,199,100.6,121.4
2018-12-02 03:00:00,220.1,219.5,164.2,107.3,168.4,89.4,111.9,120.6,84.1,230.6,87.3,180.5,88.9,100.1,178.8,203.7,168.9,,83.5,172.9,86.4,150.6,122.4,200,105.4,125.2
2018-12-02 02:00:00,232.3,213.3,172.4,124.6,188.1,82.5,104.9,124.9,82.8,229.1,91.7,180.3,88.2,99.4,176.6,198.5,169.7,,92.2,172.4,81.1,150.8,124.8,204.4,107.6,129.6
2018-12-02 01:00:00,216.3,194.5,173.8,126.1,185.9,92.1,92.6,122.4,87,222.2,90.9,177.4,92.1,100.7,175.8,198.9,167.4,,94.3,171.7,70.1,141.2,128.1,228.6,105.7,128.4
2018-12-02 00:00:00,218.7,211.2,181.5,135.3,193.8,90.1,88,130.9,88.4,225.5,92,179.7,97.2,98.5,174.1,196.2,171.4,,96.3,173.6,81.3,147.4,125.7,230.5,107.3,123.6
2018-12-01 23:00:00,224.7,210.5,180.5,139.6,196.2,90.7,85.9,131.5,97.4,224.6,94,175.6,97.2,100.2,182.1,204.5,170.4,,90.3,171.2,86.5,148.7,122.8,232.8,108.4,123.5
2018-12-01 22:00:00,210.4,217.4,172.6,139.6,200.2,88.3,82.6,142.1,103.2,219.7,95.1,181.4,92.7,100.5,179.3,195,170.4,1,96.3,168.9,77.9,150.3,127.8,262.4,111.2,124.5
2018-12-01 21:00:00,223.1,218,182,141.1,206.1,87.6,78.3,139.5,100.8,225.6,99.4,186.8,87.5,97,172.2,181.7,160.2,,97.9,164.9,84.4,148.8,129.5,255.6,112.1,134.2
2018-12-01 20:00:00,225.8,216.7,194.8,146.8,216.8,85.9,74.5,134,98.7,221.7,100.7,186.1,88.6,91.8,162.9,177.6,149.2,,94.8,153.9,91.5,153,133.3,272.7,111.8,130.9
2018-12-01 19:00:00,233.9,217.3,202.8,139.3,208,87.4,76.9,132.4,90.2,220.4,97.8,178.1,91.1,89.9,162.4,182.4,150.1,,95,151.3,73.9,138.8,121.7,256.7,108.3,134.4
2018-12-01 18:00:00,226.9,210.2,200.6,139.3,221.7,93.2,79.3,144.3,96.7,219.3,91.3,186.2,96.5,91.2,174.4,197.5,157.3,,94.7,166.6,74.9,136.7,123.4,231.2,7.1,136.8
2018-12-01 17:00:00,208.8,187.7,210,153.6,213.6,101.2,83.6,154.9,109.1,220.2,93,168.9,104,103,193,214.2,179.5,,101.8,177.5,67.9,143.6,127.3,209.9,15.5,131.8
2018-12-01 16:00:00,174.2,175.8,175.7,154,184.8,88.3,77.1,147.4,102.8,202.4,87.7,150.6,95.5,102.5,178.2,214.6,178.5,,106.6,166.4,69.5,126.4,134.2,185.2,108.4,109.5
2018-12-01 15:00:00,162.4,166.2,162.2,117.3,191.1,86.4,67.7,133.6,96,171.6,80.6,146.2,85.3,91.2,167,185.6,151,,88.6,154,65.1,112.7,118.1,26.7,103.5,107.1
2018-12-01 14:00:00,159.9,154,164.6,120.5,203.7,89.4,73.4,133.3,99.4,168.7,80.7,132.6,89.1,90.8,168.6,181.8,148.3,,90.4,152.8,60.1,101.4,112.9,53.4,101.3,109.1
2018-12-01 13:00:00,146,144,164.1,118.3,192.8,86.2,69.5,133.8,91.7,168.6,76.9,119.5,84.9,92.4,161.4,182.3,149,,91.5,147.2,57.7,88.5,114.3,1,99,103.4
2018-12-01 12:00:00,121.9,106.4,156.6,109.8,169.3,80,64.7,129.2,85.6,146.4,67,111.9,79.7,89.3,146.2,164.6,137.7,,80.2,132.8,51.4,75.4,115.8,1,90,96.9
2018-12-01 11:00:00,80.4,83.8,111.6,64.5,131.2,61.4,55,88.3,59.9,97.6,49.8,86,63,66.2,129.6,138.4,101.8,86,56.8,117.2,43.1,71.6,82.6,57.8,71.8,68.2
2018-12-01 10:00:00,78.4,72.9,86.2,61.5,93.3,54.7,46,65.2,52.8,74.8,48.6,79.5,65.7,59.1,105.6,131.9,92.1,70.9,50.9,102,39.4,80.1,71.2,117.2,17.5,53.1
2018-12-01 09:00:00,86,79.4,87.1,48.2,87.6,56.2,40.9,62.4,46.9,76.1,48,63.7,52.8,59,104.6,143,101.5,68.9,57.4,104.4,36,71.5,77,24.9,32.8,55.2
2018-12-01 08:00:00,91.5,90.6,89.6,49.6,75.3,49.8,38.2,58.5,55,89.1,50.2,64,49.3,58.6,104.3,127.4,81.5,68.7,56.6,102.3,37,65.6,79.1,21.8,13.2,55.7
2018-12-01 07:00:00,86.7,70.6,88.9,46,81.6,49.2,38.6,61.8,53,79.3,50.6,69.5,60.5,57.1,111.5,128.8,86.6,68.7,57,106.9,43.5,72.5,79.8,1,13.2,55.6
2018-12-01 06:00:00,92.5,83.3,91.6,49.9,92.8,52.4,40.2,64.7,54.6,75.4,48.5,69.1,62.2,59.7,121.2,136.6,96.4,70.5,58.3,113.9,42.9,71.8,77.3,1,13.2,54.8
2018-12-01 05:00:00,99.7,101.9,104.1,50.8,102.7,52.6,40.6,64.7,53,77.5,49.2,70.4,64.6,59.2,132,146.4,102.7,67.8,59.3,123.1,43.6,74,80.6,1,13.2,60.6
2018-12-01 04:00:00,102.5,104.1,103.8,52.3,109.7,53.4,42.9,61.9,53,89.2,62.1,73.3,59.4,68.9,151.6,153.6,129.4,85.5,59.7,143.3,46.3,75.7,86.9,1,13.2,67.7
2018-12-01 03:00:00,106.6,108.2,107.3,55.1,115.8,56.1,44.2,65.4,59.2,99.1,54.9,86,44.2,80.1,161.4,157.6,138.5,88.2,59.9,154.2,51,78.6,92.6,1,13.2,65.6
2018-12-01 02:00:00,119.4,127.9,110.1,58.9,115.2,66.7,46,75.7,59.6,106.5,56.1,89.2,60.9,80.2,160,161,137.9,90.5,67,152,50.8,79.1,101,1,13.2,69.5
2018-12-01 01:00:00,128.4,132.8,116,69,119.5,74.7,51.8,85.5,62.7,115.4,56.9,88.8,67.1,84.8,158.2,167,153,92,80.5,149.5,52.1,79.8,106.2,22,13.2,74.9
2018-12-01 00:00:00,138,122.1,121.1,77.6,132.2,76.5,54.4,90.4,78.9,118,58.6,90.6,75.3,81.7,158.3,173.2,149.5,97.7,85.9,154.3,50.5,82.1,110.2,26.9,11.2,76.8
2018-11-30 23:00:00,143.5,142,130.1,89.1,145.2,80,51.5,92.8,73,123.6,61.7,91.5,76.4,82.8,155.6,174.4,152.1,113.9,90.4,152.5,51.4,84,104.2,66.4,23.4,81.5
2018-11-30 22:00:00,154.2,146.2,144.2,114.3,143.6,80.5,49.6,89.9,65.7,135.1,62.5,98.3,70.4,82.2,153.6,169.4,148.2,113.5,88.1,143.6,51.2,88.2,104.8,126.8,1.9,88.3
2018-11-30 21:00:00,148.6,140.5,140.4,98.4,149.4,75.9,48.2,88.6,66.3,142.1,61,101.8,74.2,80.8,148.4,166.6,148.6,115.3,83.6,142.1,55.4,85.8,104.7,141.7,1.9,89.8
2018-11-30 20:00:00,149.6,151.3,135.3,92.6,141.8,74,47,91.5,65.9,137,62.8,106.9,64.6,79,146.9,163.2,136.8,110,83.1,135.9,55.4,85.4,103.8,148.8,1.9,92.3
2018-11-30 19:00:00,134.8,138.9,129,91.9,139.5,73.2,45,99.3,67.6,137.7,60.2,105.4,64.3,79.3,142.5,158,127.2,111.6,67.5,135.3,57,82.4,100,154.4,1.9,92.7
2018-11-30 18:00:00,119.1,135.6,130.4,86.9,138.3,70.2,43.8,101.1,76.7,135.8,60.9,103.1,61.6,75.1,130.3,160.6,118.2,112.9,66.7,125.1,54.7,82,96,148.4,1.9,86.8
2018-11-30 17:00:00,117.6,126,128.5,87,133.2,68.3,43.6,94,67.7,128.9,63.9,99.5,59.1,71.6,125.3,147.4,109.3,105.2,68.2,120.3,50.3,81,93.9,152.7,1.9,82.7
2018-11-30 16:00:00,108.6,114,120.5,82.2,130.8,64.8,41,95,68.6,124.7,62.6,101.4,53.2,66.3,119.5,140.5,113.3,97,72.8,109.3,51.1,86.4,92.2,152.6,21.5,75.1
2018-11-30 15:00:00,100.3,107.6,110.4,77,125.3,63.5,41.2,95.3,68.7,114.6,58.1,95.5,52,66.1,118.4,136.9,97.8,90.6,69.6,103.6,50.4,82.5,88.4,149.2,88.2,71.8
2018-11-30 14:00:00,94.8,104.2,112,73.2,123.7,64.4,42.4,88.7,60.4,109.6,58,88.3,50.9,66.1,112,136.1,100.1,90.5,69.6,101.6,49.7,75,87.3,146,82.4,68.6
2018-11-30 13:00:00,95.6,100.5,101.8,64,113.6,55.4,36.7,74,56.6,102.1,55.4,84.7,53.2,59.6,94.6,124.8,80.1,86.8,61.4,86,49.3,69,84.7,141.2,74.8,65.6
2018-11-30 12:00:00,78.8,86.8,86.1,49.4,89.1,49.8,31.7,64.6,51.3,86.9,50.9,73.8,57.3,53.1,74.8,100.5,63,72.3,54,77.6,44,60,74.3,66.7,68.7,58.1
2018-11-30 11:00:00,80.9,80.5,76.5,58.1,82.3,46.5,29.7,59.5,47.2,78.5,47.5,69.6,54.4,52.2,70,96.9,59.1,61.7,50.6,75.5,37.6,54.2,70.7,110.4,69.7,54.2
2018-11-30 10:00:00,89.2,59.8,71.5,62.7,77.6,45.7,29.2,56.8,45,65.2,44,57.3,52.3,54.1,79.7,86.2,62.8,62.1,49.2,81.7,35.1,54.6,66.8,120.1,19.6,53.1
2018-11-30 09:00:00,81.6,61.9,71.4,59.5,74.1,46.6,27.2,60.7,46.9,61.4,40.6,55.2,52.7,54.1,69.8,95.9,49.9,59.8,52.5,67.9,28.2,55.6,69.5,115.2,44,53.4
2018-11-30 08:00:00,85.2,68.4,70.3,59.2,72.1,50.3,29.3,64.1,46,61.7,39,54.2,59.5,54.1,76.2,99.9,68,61,52.7,79,36.9,55.7,68.5,116.6,1,53
2018-11-30 07:00:00,85.6,76.3,75.2,57.8,76.6,52,32.4,69.5,50.8,65.3,41.4,54.3,62.4,52.4,86.7,96.5,61.4,62.5,50.7,85.7,34.9,54.4,66.3,118.4,1,52.8
2018-11-30 06:00:00,79.4,69.2,77.8,54.4,83.8,51.8,30.9,68.4,51.1,66.7,45.4,55.1,58.2,52,83.2,101.8,61.9,67,47.9,83.6,31,53.3,65.1,113.8,1,54.4
2018-11-30 05:00:00,80.7,81.5,75.5,51.4,84,49.4,29.5,66.8,49.9,65.2,45,55,59.1,52.7,79.8,103.3,60.6,66.2,46.4,82.4,31.7,53,67,111.1,1,53.7
2018-11-30 04:00:00,82.2,81.9,68,51.9,88.1,49.7,29.4,61,47.5,62.3,42.6,56,59.2,52.3,79.4,101.9,62.7,67.2,47.8,80.4,38.8,52.3,68.6,106.8,1,52.6
2018-11-30 03:00:00,89.9,82.2,69.4,55.9,78.5,50.7,28.1,60.2,46.5,62.2,41.4,58,56.7,52.6,76.2,100.5,60.3,61.6,51.6,77,37.1,50.8,67.9,122.1,1,51.1
2018-11-30 02:00:00,90.3,96.2,74.1,58.6,80.9,50.4,27.9,56.1,46.9,64.8,46,64.8,58.3,51.2,74,94.7,63.1,62.8,53.6,76.5,38,51.1,67.8,115.6,1.1,55.2
2018-11-30 01:00:00,103.6,94.2,77.6,53.4,74.2,47.5,25.6,58.2,51.1,75,49.2,70.5,56.8,50.8,75.6,94,63.2,66.9,55.2,72.6,37.8,51.8,65.4,101.1,1.3,59.2
2018-11-30 00:00:00,95.2,86.4,75.3,52.5,74,44.2,21.8,57.3,46.8,75.1,50.5,64.1,52.2,48.7,71,81.6,52.1,67.4,54.9,65,36.4,53.6,64.4,61.1,1.3,59.5
2018-11-29 23:00:00,78.4,89.3,73.4,51.4,69.2,45,20.8,57.7,45.6,72.3,45.6,63.2,51.6,46.8,67.7,84,46.3,61.4,48,61.1,34,57.2,62.9,12.9,2,57.4
2018-11-29 22:00:00,75.7,86.3,67.4,49.4,66.4,43.1,21.2,55,41.6,71.6,44.3,63.7,49.9,45.6,64.4,82,61,60.3,48.3,57.1,34.9,57.5,60.8,2,63.6,55.3
2018-11-29 21:00:00,69.7,74.6,66.7,48.4,64.6,40.4,18,50.7,38.3,69,43.9,61,47.7,41.3,61.6,75.8,60.4,58.6,45.2,54.5,32,53.1,64.2,15,26.3,54.8
2018-11-29 20:00:00,63.9,76,60,47.6,63.6,39.7,17.7,50.4,39.4,61.4,41.1,60.4,46.8,39.9,62.5,64.8,56.1,55,45,53.1,30.5,50.7,69.1,116.6,1,52.6
2018-11-29 19:00:00,62.2,74.1,57.9,48.4,63,38.5,18.7,53.3,39.3,59.2,39.5,57.4,44.1,40,62.9,64,55,55,40.5,53.4,30.3,49.1,66.6,34.4,1,49.8
2018-11-29 18:00:00,62.9,64.1,57.2,45.7,61.8,42.1,18.1,52.8,43.3,58.4,40.3,56,45.8,43.7,63.3,67.1,57.3,53.6,39.2,56.6,28.4,46.6,64.9,2.7,1,49.2
2018-11-29 17:00:00,65.5,68.8,59.5,48.8,67,40.4,18.2,53.4,41.3,59.5,38.6,53.6,45.2,41.3,60.9,65.1,56.2,55.7,42.8,51.1,28.8,45.7,64.6,55.8,1,49.7
2018-11-29 16:00:00,62.7,68.8,60.8,49.6,66,39,16.8,50.7,40.8,60.6,41.7,57.8,42.8,37.9,56.7,59.8,50.4,55,43.8,49.2,33.4,47.3,63.9,99.2,1,48.6
2018-11-29 15:00:00,56.2,63.2,58.1,48.5,60.9,37.1,17.2,49.5,42.5,58.4,40.2,56.9,40.4,39.8,55.3,58.5,47.5,52.2,42.8,50.2,31.8,52.2,59.6,105.8,1,44.8
2018-11-29 14:00:00,54,55.5,50.8,43,60.4,36.1,16,51.3,40.8,53.1,35.5,51.2,38.9,37.2,53.8,54.3,47.2,48.2,38.7,49.2,26.1,46.2,57.8,89.1,54.2,41.3
2018-11-29 13:00:00,47.8,60.9,53,43.9,59.2,36.5,16.4,51.5,40.4,51.3,35.1,51.6,39.9,40.1,52.1,55.8,49.3,46.6,39.2,48,22.2,46.3,62,44.8,57.9,41.3
2018-11-29 12:00:00,51.2,59,48.8,46.2,53.2,36,15.7,54.5,39.8,47.4,29.5,44.1,38.4,39.3,53.7,58.4,47.4,43.6,40.1,48.8,17.1,39,66.2,64.8,57.1,36.8
2018-11-29 11:00:00,57.5,65.5,48.6,42,31.8,29.8,16.2,55.9,38.2,46.3,26.3,40.7,37.7,37.7,55,58.8,50.4,39.4,35.2,49.5,22.6,33.9,64.8,72.8,53.8,36.3
2018-11-29 10:00:00,65.8,68.9,52.4,41.9,29.9,24.4,12.2,51.8,32.6,49,28.7,43.6,33.9,36.8,51.8,56.2,48.4,38.4,37.2,46.6,19.5,46.1,59.2,71.2,39.2,37.7
2018-11-29 09:00:00,68.6,66,50.9,35.6,33.4,15.1,9.2,42,27,48.8,31.3,41,28.4,32.7,51,50.3,44.8,30.4,36.6,47.2,11,48.2,56,62.3,37.9,43.7
2018-11-29 08:00:00,69.9,54.6,46.4,31.8,39,17.1,6.1,28,20.1,50.7,25.9,38.4,23.3,27.8,51.8,49.9,45.1,37,37.6,45.8,14.2,39.8,63.2,32.3,1,44
2018-11-29 07:00:00,71.4,56.1,45,23.3,39.4,16.9,5.9,27.5,18.6,52.3,26.8,39.6,17,29.2,49.8,50.9,42.5,40,37.6,45.8,15.3,39,63.8,17,1,39.7
2018-11-29 06:00:00,75.6,56.4,50.8,37.7,45.2,18.3,7.2,30.9,14.2,50.8,27.6,42.2,14,26.8,42.9,51.4,42.4,44,36.6,42.1,14.8,39.7,64.4,17,1,40.7
2018-11-29 05:00:00,78.1,82.9,52.7,43,57.4,22.6,9,40.2,18.9,51.5,28.5,44.9,16.8,36.9,44,61,54.4,53.1,37,47.3,18,42.3,67.6,17,1,43
2018-11-29 04:00:00,87.1,67.1,53.5,44.7,58.6,24.1,8.7,42.2,18.9,54,31.7,47.6,24,44,54.7,75.1,63.9,54.8,45.2,63.9,20.9,44.6,68.6,17,1,46.3
2018-11-29 03:00:00,93.2,70.6,55.6,48.4,62.8,31.1,11.8,46.2,24.5,56.3,36,49.4,35.5,44.6,67.1,72.7,50.9,54.4,46.7,67.8,28.3,45.3,66.8,17,1,45.3
2018-11-29 02:00:00,86.3,89.1,54,49.4,63.5,36.5,13.1,50.4,32.2,57.8,36.4,50.5,42.1,45.3,72.4,70.5,63.8,54.1,45.1,67.2,27,48.4,67.3,17,1,44.8
2018-11-29 01:00:00,82.9,75.6,54.8,50.3,62.6,39.6,16.6,50.8,35.2,57.8,33.7,50.3,42.8,46.3,68.5,65.8,60.2,52.9,47.1,65.3,26,48.9,69.1,17,1,46.8
2018-11-29 00:00:00,83.2,67.1,56.2,50.8,61.6,38.9,17.1,53.3,37.7,55.1,34.5,51,45.5,46.4,66,64,60,53,49,60.7,24.2,50.1,67.6,17,1,48.7
2018-11-28 23:00:00,81.8,68.7,53,50,61.2,40.6,18.1,55.2,39,56.6,37.2,49.4,44.5,44.5,64.7,61.6,57.8,51,47.8,54.8,23.6,51.3,64.6,17,1,46.4
2018-11-28 22:00:00,80.3,73.4,54.2,49.1,61.4,38.2,16.3,51.2,33.8,57.4,35.6,47.2,41,43.7,62.3,57,58.4,50.8,46.6,53.2,28.4,46.4,62.6,17,1,48.1
2018-11-28 21:00:00,76.5,78.1,52.1,48.3,61.6,36.4,14.6,46.8,30.2,57.4,35.1,50,40.4,42.4,58.4,57.6,52.6,51.7,42.9,50.3,28.1,47.1,60.9,17,1,46.6
2018-11-28 20:00:00,71.4,78.9,51.5,44.8,59.2,35.6,13,45.4,28.8,55.2,38,49,38.2,39.2,56,55,50.2,50.1,39.2,48,23.7,44.4,58.1,17,1,44.2
2018-11-28 19:00:00,62.3,76.7,49.1,40,55.2,33.3,11.9,45.4,28.3,54,32.7,47.5,35.8,36.8,56.5,53.8,46.2,48.5,37.4,44.4,25.3,43.5,60.6,17,1,43.4
2018-11-28 18:00:00,64.9,83.6,54.6,41.4,55.2,34.2,13.8,47.1,28,51.1,33.2,46.8,38.9,32.4,54.4,52.8,43.2,46.3,36,43.7,24.4,45.1,58.9,17,1,41.2
2018-11-28 17:00:00,63.8,70.2,47.8,42.3,54,36,14.5,49.1,31,49.9,33.8,46.4,39,31.7,48.2,55.5,40.9,46,36.8,44.2,24.7,42.6,57.3,25,1,40.8
2018-11-28 16:00:00,62.3,69.5,47.4,42.7,54.8,35.1,15,52.3,34.6,48.3,33.2,47.1,38.9,31.4,49.5,46.9,39.1,44.2,39,45.6,22.1,44.6,56.8,81,18.2,39.6
2018-11-28 15:00:00,60.3,66.2,48.2,42.9,54.8,36,14.2,49.1,38.1,48.6,33.2,47.2,39.2,33,50.6,49.7,39.7,44,40.2,46.8,22.5,43.1,52.2,84.3,64,39.1
2018-11-28 14:00:00,56.6,63.6,48.8,42.4,55.8,36.3,14.7,47,41.5,49.3,32.6,45.8,38.6,33.3,51.1,51.2,41.4,43.6,39.5,49.4,24.2,42.2,55.6,77,60.7,38.2
2018-11-28 13:00:00,53.8,57,48.6,40.9,55.6,34.1,14.8,49.4,41.9,49,30,45,36.7,37.4,53,55.7,46.6,43.8,39.1,51,27.3,43.1,59.6,71.8,59.4,36.4
2018-11-28 12:00:00,51.4,64.8,47.2,42.3,55.1,33.6,12.7,50.1,40.2,46.4,29.4,45.7,34.4,44.1,54.4,58.3,52.6,39.8,37.9,52.3,24.1,41.8,62.2,73.2,57.4,35.5
2018-11-28 11:00:00,49.8,51,45.6,47.4,50.3,31.4,12.3,52.3,41,45.8,24.1,37.6,36.6,46.1,56.3,65.2,59.2,40.7,41.2,52.8,24.6,38.3,66,75.2,55.9,36.6
2018-11-28 10:00:00,42.2,38.1,36.9,41.6,44.8,36,16.2,57.2,42.8,38.2,16.4,34.2,41.8,48.9,61.7,73.9,60,37.1,26.5,57.7,22.6,33.5,63.6,61.4,21.3,26.5
2018-11-28 09:00:00,44.2,44.7,34.7,43,43,37.3,15.8,59.1,43.9,33.6,15.9,30.8,41,50.3,67.4,73.6,54.5,27.5,35.1,65.4,15.4,29.1,63.2,67.9,33.5,23
2018-11-28 08:00:00,50.7,46.5,53.4,45.1,54.6,38.7,14.8,56,45.1,35.4,14.6,30.1,40.8,45.5,66.9,62.6,59.9,34.1,41.1,62,12.6,28.5,61.7,39.4,2,21.7
2018-11-28 07:00:00,53,54.6,55.7,44.4,56.6,37.3,13.6,57.4,44.6,38.6,15.9,28.9,39.2,41.2,62.9,59.1,55.4,34.3,41.9,56,12.8,31.7,60.1,10.5,2,23.2
2018-11-28 06:00:00,70.7,65.4,53.9,45.8,53.2,35.7,13,51.8,43,42.4,21.2,34.3,39,37.7,60.8,60.3,53.4,35,43.5,55.6,14.8,35.6,63,10.5,2,24.1
2018-11-28 05:00:00,78,70.7,52.4,42.4,54.6,34.7,12.4,50.6,37.1,45.2,19.3,43.6,38.1,39,55.3,59.4,51.3,45.8,40.1,50.8,14.4,34.6,61.5,10.5,2,28
2018-11-28 04:00:00,80.9,79.3,51,40.4,53.3,32,10.6,46.9,30,50.3,25,46.4,34.2,36.9,55.4,55.1,49,45.2,40.5,49.6,15.9,33.3,59.1,10.5,2,44.1
2018-11-28 03:00:00,77.2,69.9,48.5,40.7,50.4,31.8,9.3,39.2,23.9,49.2,29.7,43.4,31.5,35.6,52.7,51,46.1,44.4,38.7,47.8,19.9,38.6,57.8,10.5,1.6,41
2018-11-28 02:00:00,62,64.9,47.2,37.5,48.1,27.5,8.9,37.3,24.5,46.4,27.4,43.3,23.8,36,49.7,51.5,44.2,44.5,37.2,47.7,17.9,39.7,56.7,10.5,2.8,40
2018-11-28 01:00:00,65.3,63.3,45.6,34.8,44.2,27.1,7.8,42,26,43.9,26.1,44.5,26.3,35.8,48.2,51,45.3,44.8,35.3,47,17.7,40.5,58.5,25.1,3,36.1
2018-11-28 00:00:00,57.6,63.1,44,34,42.4,28.3,8.2,39.8,27.7,40.8,24.6,42.6,27.9,34,45.4,47,39.6,38.7,34.9,41.4,16.2,42.9,55.9,40.7,3,33
2018-11-27 23:00:00,59.1,69.2,40.8,35.1,41.3,29.1,8.5,40.9,24.2,42.9,21.6,39.2,27.6,30,37.1,44.8,45.2,37.8,30,35.8,14.6,40.6,59.5,51.2,3,29.9
2018-11-27 22:00:00,57.9,66.4,37.6,29.1,38.4,24.9,6.1,25,15.5,38.5,21.8,33.4,22.4,25.6,29.9,37.8,34.4,33.2,25.3,30.9,11.6,38.5,62.8,66.8,3,27.6
2018-11-27 21:00:00,50.5,64.1,34.8,25.6,32.3,13.8,4.2,18.9,11.2,35,21.8,37.4,13.7,18.3,24.9,31.1,19,32.8,22.2,23.1,10.9,36.2,57.8,74.6,3,28.1
2018-11-27 20:00:00,37.7,58.1,26.8,17.9,23.4,10.3,2.8,16.7,6.5,18.8,19.2,33.5,13.9,14.4,23,27,16.5,21.7,13.7,18.3,15.4,32.2,55.4,79.7,3,20.2
2018-11-27 19:00:00,29,41.6,23.7,12.1,19.4,8.4,2.2,13.8,5.2,12.8,15.9,24.5,12.6,14.4,15.2,28.3,16,13.3,7.8,13.5,21.7,41.9,48.6,88.8,3,12
2018-11-27 18:00:00,33.2,21.1,17.4,10.3,16.5,6.7,1.1,13.2,3.8,8.3,18.8,21.2,9.1,8,12.3,20.9,13.6,9.5,5,23.5,18.2,24.4,43.9,85.9,3,10.8
2018-11-27 17:00:00,32.2,36.1,10,8.6,13.6,4.9,1.7,9.9,2.3,11.2,20.1,17.6,5.6,6.1,9.6,18,10.2,7.7,3.2,17.3,7.1,15.9,39.4,68.1,20.5,9.1
2018-11-27 16:00:00,31,29.8,9.7,7.8,15.3,4.3,1.2,10.1,2.6,8.2,5.6,13.3,5.4,7,8,8.4,11,13.5,3.9,8.8,9,12.4,36.6,57.8,50.8,9.2
2018-11-27 15:00:00,23.9,31.2,8.2,6.5,12.7,2.9,1.1,10,2.8,12.3,4.8,14.5,4.2,7.1,6.6,6.4,8.2,7.3,4.1,5.7,10,9.2,32,64.2,42.8,8.8
2018-11-27 14:00:00,22.3,32.4,5.2,6,10.6,3,1,8.4,3.2,7.6,4.1,8.1,4.2,8.7,5.4,6.2,6.8,5.4,3.1,4.9,8.8,11.7,34,59.3,39.2,4.5
2018-11-27 13:00:00,18.6,23.8,5.8,7,12,3.1,1,7.5,2.9,7.9,2.7,6.7,3.6,6,6.6,6.6,7.2,5.6,3.3,5.2,3.7,6.3,38.8,54.9,39.4,3.4
2018-11-27 12:00:00,23,32.2,5.4,6.3,11.5,3.5,1.7,7.8,3.2,7.1,2.8,5.6,4,5.9,5.2,6,8.3,5.2,3.3,5.6,3.3,4,41.2,59.2,40,2.7
2018-11-27 11:00:00,24.3,44.2,5.3,6,11.5,3.2,1,9.5,3,7.6,3.2,5.7,2.4,4.3,4.8,6.3,11.1,4.7,3.5,5.8,3.2,4.5,42.4,53.4,41.1,3.2
2018-11-27 10:00:00,27.1,41,5.4,8.6,14,2.6,1,9.4,2.1,7.4,3.1,4.8,4.1,6.1,7.2,7.6,7.4,6.1,3.6,5.4,2.5,4.1,43.9,54.1,32.4,3.7
2018-11-27 09:00:00,34.4,46.1,6.3,8.2,14,3.2,1,11.3,2.7,9.3,3.2,5,5,5.2,7.5,6.2,7.7,5.6,3.6,6.7,3.4,5.2,44.9,60.7,1,2.9
2018-11-27 08:00:00,40.8,52.4,7.3,8.1,13.2,3.3,1,14.2,3.6,11.8,4.7,5.4,3.9,5.6,7.8,7.5,8.1,4.7,4,7,4.1,4.6,45.9,61.5,1,4.7
2018-11-27 07:00:00,51.5,57.5,7.2,9.8,16.8,3.9,1,14,3.3,11.7,4.5,5.2,5.8,7.2,8.5,9,9.5,5.5,5,8,5,7.2,45.7,60.1,1,3.6
2018-11-27 06:00:00,50.8,61.7,9.3,10.7,20.1,4.8,1.1,17.6,3.8,13.7,5.9,8.2,8,8,10.9,10.1,11.1,7.7,5.2,9.5,7.9,8.3,50.2,58.9,1.4,5.5
2018-11-27 05:00:00,55.8,72.9,,,,,,,,,6.5,,,,10.9,,,9.3,,,,,48.4,,2,
2018-11-27 04:00:00,70,79.4,10.4,13.6,23.1,5,2.1,21,4.6,16.8,8.6,10.9,6.7,7.9,15.8,12.2,12.7,8.9,7.4,9.8,9.2,12.4,52.7,77.3,2,7.6
2018-11-27 03:00:00,93.5,109.5,13.6,17.5,29.9,5.6,6.6,24.8,6.4,16.8,9.8,13,10,14.5,16.3,15.7,12.7,11.7,9.4,14.2,10.3,13.2,50,75.4,2,9.4
2018-11-27 02:00:00,158.3,171.4,19.3,19.3,43.4,13.2,15.4,50.8,30,26.7,17.1,18.8,14.5,28.6,33.8,28.5,25.4,17.5,17.5,34.4,18.1,21.7,58.7,81.5,1.5,15.2
2018-11-27 01:00:00,234.6,229.7,52.6,133.3,71.3,30.5,58.7,94.6,88.8,71.7,54.1,56.1,52.6,75.2,113,124.8,93.5,55.3,111.2,102.2,31.4,108.8,132.3,79.2,19.4,61.3
2018-11-27 00:00:00,276.4,264,221,223.4,222.9,112.9,160.2,174.7,117.8,257,110.7,166,144.6,172.5,301.7,362.9,295.6,156.6,186.9,292.7,40.5,126.8,217.2,77.2,20.6,161.6
2018-11-26 23:00:00,296.8,292.9,276,237,299.2,143.4,178.9,196.6,121.6,312.6,123.2,157.2,179.8,189.8,383.3,383.5,330.6,208,199.7,348.2,52.2,146.2,237.1,89.7,35.6,164.4
2018-11-26 22:00:00,321.6,310.1,305.9,255.6,334.8,150.6,189.6,216.5,138.8,345.8,142.5,138.4,203.9,191.7,407.1,382.7,330.7,226.3,207.9,347.1,62.5,164.9,238.2,123.7,20.9,182.8
2018-11-26 21:00:00,315.4,320.6,301.7,278.9,344.3,149.4,188.9,233.4,169.5,344.4,158.2,223.7,197.6,194.7,373.7,373.4,322.8,229.9,202.4,308.6,81.8,170.5,232.3,163.9,65.6,183.6
2018-11-26 20:00:00,265.8,294.6,280.3,249.3,307,141.3,189,223.4,157.8,313.7,154.7,247.6,180.2,182.3,315.2,334.8,291.5,223.3,167.7,272.3,90.8,165.5,221.7,216.6,91.6,175.2
2018-11-26 19:00:00,235.6,274.3,254.3,225.7,284.8,132.5,178.4,201.9,140.3,285.2,140,224.9,158.8,157.7,271.1,289.5,257.2,202.5,151.1,250.5,104.5,160.4,176.3,269.6,58.6,145.3
2018-11-26 18:00:00,203.6,237.4,235.4,196.6,230.8,122.2,156.4,182.7,126.1,213.4,124,207.2,140.8,152.7,241.6,259.1,245.8,160.4,134.3,233.6,99.9,163.8,152.2,281.4,33.3,121.4
2018-11-26 17:00:00,200.4,175.1,173.9,157.2,203.2,120.5,165.1,187.6,126,172.1,95.4,179.3,141.1,138.8,232.8,257.4,219,138,105.1,229.8,76.4,156.2,144.2,207.4,115.2,119.6
2018-11-26 16:00:00,211.9,162.4,164.9,117,205.2,89.2,155.5,176,136.5,169.6,83.3,129.7,139,138,240.8,271,233.9,131.1,103.4,241.9,62,135,141,164.3,105.4,122.3
2018-11-26 15:00:00,191.6,154.5,179.6,131.7,226.8,96.4,129.5,170,125,173.3,84.2,116.9,122.9,149.1,255.4,279.8,248.1,149.7,115.9,253.5,59.1,105.4,128,128.8,102.7,119
2018-11-26 14:00:00,177.5,183.2,181.4,169.3,264.4,123.5,155.7,208.5,153.1,166.4,81.8,122.2,145.5,160.4,269.1,290.5,260.7,164.5,139.5,271.5,62.9,115.8,151.3,138.7,119.8,112.9
2018-11-26 13:00:00,196.9,208.6,226.1,202.3,297.9,134.4,163.8,221.5,155.1,213,103.7,169.3,159.4,162.5,276.7,286.8,270.2,168.9,155.5,274.7,81.9,132.9,170.8,173,128.8,111.8
2018-11-26 12:00:00,186.2,201.4,221.1,198.7,274.4,135.5,157.6,217.2,148.2,217.4,102.8,184.6,146.9,158.2,279.7,280.5,259.2,166.1,149.2,261.3,78.8,126.4,166.5,162.7,122.8,122.9
2018-11-26 11:00:00,191,187.2,208.2,181.5,295.4,127.4,139.6,206.2,136.2,198.3,103.5,173.1,142.5,153.2,257.2,262.1,251.9,156.9,139.4,247.4,57.1,103.6,160.7,165.4,119.8,127.7
2018-11-26 10:00:00,207.7,154.6,223.5,161.5,279.3,120.6,128.4,179.1,112.5,202.9,87,122.2,125.5,153.5,235.9,263.8,257.5,169.2,125.7,256,66.6,68.3,139.9,145,54,140.7
2018-11-26 09:00:00,175.4,136.2,185.5,137.9,247.1,108.1,111.8,155.6,96.8,159.2,67.4,91.8,109.4,145,242,249.2,243.9,166.2,84,245.7,75.3,61.9,138,158.8,97.5,116.2
2018-11-26 08:00:00,147.2,133.8,159.4,121.4,195.3,94.2,103.4,157.5,105,127.9,62.5,89.6,108.4,137.6,238.6,242.2,231.1,143.4,79.7,236.4,60.6,62.5,140,152.4,16.8,112.6
2018-11-26 07:00:00,131.9,132.4,131,149.4,174.8,90.5,109.3,164,124.7,113.6,64.2,84.2,113.6,129.6,223.6,235.2,215,128.9,87.4,221.5,58.9,60.5,137.9,143.3,1,107.8
2018-11-26 06:00:00,92,102,127.6,153.6,172.5,98.2,101.6,143,102.8,91.5,60.8,77.2,111.6,116.6,187,213,185.4,119,95.1,198.7,57.8,57,127.6,140.1,1,93.4
2018-11-26 05:00:00,84.5,88.8,170.2,158.4,181,104,106.9,134.8,107.5,75.2,50.8,69.2,118.9,106.3,178.7,211.6,177.8,101.1,116.7,180.4,56.1,55.8,116.2,133.4,1,70.9
2018-11-26 04:00:00,98.4,98.8,132.6,130.6,190.8,92.6,101.6,144.8,109,80.4,51.4,71,112.9,121.4,173.8,211.6,195.4,90.8,120,168,47.3,55.8,110.4,127.3,1,64.4
2018-11-26 03:00:00,113.2,108.7,171.5,131,188.4,89.4,101.2,138.6,99.5,95.7,54.7,76.4,105,129.9,171.4,202.6,186,104.2,118.6,169.4,48.3,57.4,112,125.8,1,66.8
2018-11-26 02:00:00,126.7,108.1,179.4,157.3,168.4,87.7,98,144.8,89.4,125.3,56.2,103.8,100,106.8,161.1,178.4,157,146.9,117.6,168.8,47.7,58.1,104.9,122.4,15.4,76.1
2018-11-26 01:00:00,133.6,121.6,175.3,154.9,159.3,81.4,92.9,135,80.6,147.4,61.1,86,88.2,100.6,152.8,176.4,148,149.7,103.2,157.6,45.6,63.8,109.6,119.1,14.6,81.9
2018-11-26 00:00:00,123.6,121.3,149.6,132.3,155.8,76,81.9,107.1,74.4,134.9,61.1,75.8,83.6,93.7,143.2,167.3,127.5,126.6,94.4,141.1,43.3,70.7,112.3,139.9,2.8,83.7
2018-11-25 23:00:00,128.5,117.5,127.3,110.6,147.8,73,81.4,88.3,71,120.4,61,74.7,76.4,84.3,125.9,149.8,119.2,105.5,94.1,128,38.4,78.4,107.7,107.4,2.8,75.4
2018-11-25 22:00:00,119.9,116,122.7,98.2,139.5,71.4,80.5,87.8,68.8,117.1,62.2,75.6,73.8,78.9,122.5,142.5,123.1,99.1,79.6,125.2,40.8,76.7,103.8,89,2.8,74.8
2018-11-25 21:00:00,109.3,115.7,123.4,94.9,132.4,70,78,96.4,68.9,114.6,60.4,91.8,68.9,81.4,112.6,121.7,119.5,99.5,72.6,117.3,47.3,79.7,100.4,108,2.8,69.5
2018-11-25 20:00:00,104.9,112.1,111.9,81.2,115.7,61.8,69.6,97.2,65.3,102.2,56.5,95.4,59.2,69.8,93.6,117.8,103.9,89.5,63,98.4,49.5,66.7,102.6,133.4,2.8,69.2
2018-11-25 19:00:00,90,104.4,94,63.7,102.4,51.3,58.1,72.8,52.4,91,57.6,84.1,59.8,55.6,76,96.4,68.5,78.6,58,72.3,49.6,74.9,71.4,149.5,2.8,67.4
2018-11-25 18:00:00,78,76.7,74.8,56.5,74.8,43.4,46.2,56.7,46.3,72.5,52.9,78.3,51.8,49.1,64.1,77.1,55.7,63.5,48,62.6,45.3,74,66.4,129.8,2.8,57.3
2018-11-25 17:00:00,77.6,75,62.4,50.7,69.9,40.6,41.2,52.5,42,72.4,47.8,67.8,44.6,44.9,56.8,70.4,52.5,58.8,46.7,53.5,46.8,56.1,57.9,125.1,50.7,53.1
2018-11-25 16:00:00,70.1,72.5,64.8,47.3,77.6,39.9,37.9,49.2,41.7,74.1,48.4,72.4,42.1,41.6,54.4,59.6,53.1,60.1,46.8,52,52.3,65.8,56.5,131.6,72.8,51.2
2018-11-25 15:00:00,71.6,68,74,57.5,87.6,46.4,44.3,52.4,44.5,67.6,46.8,70.3,48.5,40.2,54.5,63.5,51.9,64.3,51.1,51.4,47.7,68.2,56.7,118.4,67.5,52.2
2018-11-25 14:00:00,76.5,82.1,72.8,60,80.6,45.3,47,50.3,40.5,71.7,47.1,60.8,59.2,44.9,58.8,76.7,53.5,65.1,54.1,58.6,42.4,57.7,64.1,97.4,62,50.4
2018-11-25 13:00:00,88.4,97.6,80.5,51,63.6,34.1,41.4,51.2,38.8,86.7,52,75.7,45.7,44.3,52.6,74.4,55.3,59.7,57,51,40.7,54.7,82.6,93.6,61,63.3
2018-11-25 12:00:00,100.3,106.1,100.2,50.2,68,37.6,41.9,51.8,39,102.2,56.3,76.4,44.6,43.3,56.8,83.8,56.1,52.4,59.1,56.8,46.5,58.3,78.5,91.7,69.4,59.8
2018-11-25 11:00:00,100.3,107.1,80,69,85,42,46.5,58.2,46.2,111,60.1,86.2,48.7,48.1,61.8,81.9,51.8,62.7,67.9,71.1,53,62.3,83.8,100,80.3,59.6
2018-11-25 10:00:00,103,85.4,99.7,64.1,109.7,50.2,48.3,69,51.8,100,57.6,90.8,59.6,55.7,77.1,101.8,63.1,84.2,69.6,78.3,49.6,52,90.3,97,102,75.9
2018-11-25 09:00:00,84.2,107.5,99.8,69.9,108.9,52.6,45.4,67.5,51.8,89.6,57.5,93,61.5,61.3,113.8,135.7,88.2,83,82.9,102,45.9,41.7,91.2,78.8,61.6,60.9
2018-11-25 08:00:00,96.5,103.3,106.3,80.9,94.9,51.8,50.1,68.6,59.3,92.4,57.3,91,49.9,80.5,147.6,167.1,140.3,82.5,82.9,146.1,39.8,41.8,97.9,76.8,5,65.9
2018-11-25 07:00:00,107.1,108.6,108.6,81.1,88.5,53.7,47.7,65.7,63.2,110.4,59.7,94.8,56.2,91.6,165.4,173,155.9,92.3,84.6,163.2,35.7,41.1,97.5,70.8,5,71.9
2018-11-25 06:00:00,124.9,108.8,130.6,84.9,102.5,52.2,48.2,67.7,64.3,115.3,59.8,77.8,55.6,94.7,164.8,176.4,153,97.2,85,165.5,25,46,102.4,83.2,5,82.7
2018-11-25 05:00:00,128.8,110.9,131.5,80.9,138.8,60.8,52.8,97.5,76.6,112.5,61.1,84.3,59.4,95.4,145.5,174.2,143,103.9,77.1,162.6,16.9,50.3,103.9,83,5,79.6
2018-11-25 04:00:00,126.2,110.8,133.7,86.4,155.8,76.1,69.1,116.6,71.9,95.8,61.2,76.4,69.4,94.8,153.5,176.7,152.8,113.9,79.3,151.8,26.2,56.2,110.4,82.8,5,87.4
2018-11-25 03:00:00,123.3,111.4,129.9,93.9,154.5,93.4,70.2,113.8,73.4,82.2,56.5,52.3,87.8,95.9,163.8,182.3,160,114.2,95.4,160.9,39.2,60.6,114.3,96.6,5,85.5
2018-11-25 02:00:00,127.6,127.8,137.7,119.6,163.5,94.1,78,103,79.9,83.2,52.8,63.3,87.3,94.1,162.8,175.4,159,114.2,110.6,162.6,41.2,66.8,114.2,94.2,5,85.6
2018-11-25 01:00:00,147.1,145.4,154.3,114.4,189.1,91,73.1,101.8,80,115.1,59.2,78.3,85.9,95.2,160.4,175.2,153.4,132.5,113.8,160.9,38.9,71,110.6,95.1,5,87.8
2018-11-25 00:00:00,168.6,165,179.3,109.2,194.6,85.2,78.5,108.8,80.2,161,78.8,90.8,82.6,91.5,163.2,171.9,151.9,122.5,102.2,160.4,46.3,75.8,107,111.2,5.2,99.4
2018-11-24 23:00:00,174.4,182,178.7,108.7,192.3,83.9,71.6,116.9,82.2,200.3,85.6,144.6,84.7,92.6,159.5,166.4,138.8,134.9,104.4,159.1,55.1,85.6,118.1,105.3,5.2,110.6
2018-11-24 22:00:00,190.3,179.1,173.2,114.8,183.4,87.8,81.3,126.4,89,208.8,90.3,128.7,88.7,90.9,162.1,166.7,136.8,149.7,106.2,161.3,55.2,98.2,119.8,114.9,5.2,119
2018-11-24 21:00:00,188.7,179.9,177.4,134.5,170.4,91.8,80.4,137.9,98.2,208.3,96.2,131.2,99.5,91.8,165,173.1,143.7,143.6,109.2,157.7,57.1,106.1,125.6,135.2,5.2,121.1
2018-11-24 20:00:00,179.3,182.4,171.8,144.6,177.4,90.5,79.7,146.2,102,187.4,95.9,138.8,96.7,94,169.7,163.4,143.6,142.9,109.9,162.3,61,115.6,120.5,161.7,5.2,116.2
2018-11-24 19:00:00,157.6,169.2,162,140.2,184,88.6,83.7,136.8,94.6,176.9,96.6,142,91.4,96.4,162.2,167.9,142.6,140,106.2,148.2,62.4,124.4,113,165.4,5.2,114
2018-11-24 18:00:00,134.2,129.4,147.8,122.2,165.1,83.9,74.7,134.3,89.5,165.4,93.4,138.8,87.4,95.8,158,165.7,139.2,123.7,96.2,147.4,61,118.6,109.8,181.9,5.2,107.4
2018-11-24 17:00:00,109,107.4,124.6,102.8,137.3,72.7,69.4,121.6,77.1,131.2,79.8,117.6,73.7,91,145.9,159.4,133.6,97.4,87.9,126.5,57.6,102,110.4,159.6,39.1,79.9
2018-11-24 16:00:00,113.9,116,117.6,81.6,134.5,59,51.1,94.3,62.7,119.5,67,93.7,52.4,67.6,106.2,124.1,92.4,102.7,78.5,92.7,60.2,86.1,93.6,151.5,92.6,82.8
2018-11-24 15:00:00,92.6,110.4,110.8,72.6,110.4,59.7,52.7,101.4,72.7,133.5,74.7,105.3,54.5,69.4,117.5,122.6,94.6,92.1,74.3,103.6,54.3,85.4,86.4,137.9,97.9,79
2018-11-24 14:00:00,94.1,97.7,98.5,63,110.7,52.8,51,100.3,67.1,102.4,59.8,94.2,52.6,73.4,109.2,121.3,91,78.3,67,100.4,52.4,81.8,89.3,129.6,91.7,60.6
2018-11-24 13:00:00,90.1,102.1,107.2,66.3,120.5,57.8,54.6,102.4,67.3,110.7,60.1,91.9,49.7,74.3,111.8,124.2,90.4,89.8,68.4,102.8,52.1,77.3,91.3,119.4,85.8,70.3
2018-11-24 12:00:00,77,93.6,87.6,54.8,101.8,52.3,48.7,87.2,56.4,100.6,58,79.3,60,68.2,90.3,116.7,84.1,73,62,89.1,47.4,62.5,83.8,103.4,78.5,60.8
2018-11-24 11:00:00,64.6,71.5,71.5,54.7,73.6,47.6,42.3,66.5,42.1,77.7,50.8,64.7,51.7,54.4,73.9,88.5,55.9,59.2,53.4,71.7,42.5,55.8,75.6,105.2,73.7,53
2018-11-24 10:00:00,69.3,73.7,63.7,55.3,47.5,33.8,27.6,28.9,15.3,61.2,42.6,65.8,37.8,38.1,50.7,64.1,51.4,41.7,51.7,47.6,46.2,34,69.9,105.9,76.8,42.8
2018-11-24 09:00:00,72.8,84.3,60.4,53.6,52.4,38.8,27.7,32.2,13.9,71,45.4,63.2,42.2,42.1,57,73,59.5,47,51.8,50.3,47,31.2,66.7,100.4,44.9,45.4
2018-11-24 08:00:00,75.4,66,57.4,50.8,54.3,34.8,27.1,40.8,20.7,62.7,43,64.4,42.4,39.9,59.8,67.7,56.6,48.4,49.5,51.4,28.1,30,69.2,65.3,2,46
2018-11-24 07:00:00,61,78.1,52.9,44.1,56.4,34.8,29,34.7,21.1,64.7,39.8,65.9,34.3,37.1,53.5,75,52.3,41.1,47.8,48.9,22.1,40.2,69.4,69.9,2,46.9
2018-11-24 06:00:00,54.6,67.4,52.9,45.4,55.6,38.8,31.5,45.4,24,61.3,40.8,63.8,41.6,35.5,54.2,61.1,45.8,46.9,46.4,46.6,43.2,52,68.6,93,2,43.1
2018-11-24 05:00:00,55.4,72.5,55.6,44.3,59.6,41.2,30.6,54.7,39.4,60.6,42.8,61.1,42.4,46,60.4,77.9,52.1,47.9,41.6,53.1,17.9,61.2,66.6,86.4,2,43.1
2018-11-24 04:00:00,77,71.8,59.5,45.5,71.6,42.6,35.9,63.8,50.9,62.9,46.8,56.3,51,51.5,71.2,96.9,57.9,57.3,42.2,67.7,10.7,65.6,66.3,61.1,2,47.2
2018-11-24 03:00:00,106.4,101.4,70.4,55.4,92.8,45.3,42,72.4,53.8,92.3,53.1,53.8,54.9,56,79.7,104.4,75.5,65.7,53.1,74.1,8.2,67.2,79,55.6,13.9,63.1
2018-11-24 02:00:00,115,102.9,100.4,49.8,107.2,52.8,46.4,77.7,56.8,103.7,55.8,62.6,56.6,59.4,94.1,109.9,78.9,85.3,61.7,92.1,11.6,70.4,84.6,61.9,5,66.6
2018-11-24 01:00:00,121.9,100.5,102.7,63.8,110.2,55.1,47.5,73.8,54,103.8,56.6,64.8,63.5,58.2,91,106.8,71.4,91.1,69.9,81.5,34,73.7,80.4,55,2.8,70.6
2018-11-24 00:00:00,115.7,110.2,101.4,60.7,108.9,51.7,44.4,65.2,45.8,107.3,56.6,82.6,62.4,57.9,87.4,105,70.3,85.6,69.5,81.8,37.6,72.8,76.6,57.9,45.4,71.8
2018-11-23 23:00:00,116.5,111.9,102,57,111.9,52.4,48.3,69.6,51.4,111.5,57.8,83,63.5,58.4,88.5,106.1,71,90.6,68.9,80.6,54.8,70.7,75.1,89.4,11,73.5
2018-11-23 22:00:00,109.8,102.2,102.5,57,115,55.4,48.9,77.4,54.2,103.5,55.2,80.8,61.3,59.9,99.8,113,78.2,87.2,64.5,80.7,55.1,83.4,82.7,114.9,2,72.8
2018-11-23 21:00:00,106.2,96.9,100,52.1,118,55.1,49,72.1,56.3,105.9,56.2,79.1,63.2,61.6,97.7,105.4,74.5,86.3,62.4,86.2,53.9,80.2,82,107.7,2,71.1
2018-11-23 20:00:00,97.3,102.6,96.2,47.3,106.3,52.2,47.7,66.1,52.5,112.4,55.7,84.2,62.4,58.4,89.8,100.7,67.2,83.6,59.6,84.2,53.5,73.4,76.8,108.6,2,67.8
2018-11-23 19:00:00,91.7,105.1,90.9,44,100,52.1,45.7,69.6,52.5,101,55.8,85,61.3,58.3,85.8,97.8,65.4,78.7,58,80.5,54.1,90.6,74,110.5,2,62.9
2018-11-23 18:00:00,80.5,99,87.3,44.6,96.2,51.3,46.3,71.2,51.2,97.7,55.3,85.3,61.6,58.4,87.9,98.6,71.6,74.9,56,79.7,56.5,79.6,72.3,116,2,62.4
2018-11-23 17:00:00,81,86.3,86.3,46.5,102.6,52.4,46.3,73.5,52.7,90.8,54,81.3,61.3,55.3,90.1,98.8,64.3,73.5,57.9,79.3,55.7,69.6,73,114.3,2,60.7
2018-11-23 16:00:00,74.5,70.6,80.7,55,96.4,48.6,42.4,66.2,52.7,86.2,52.7,82,57.5,51.7,78.4,84.6,51.3,72.7,53.7,70.2,51.5,68,70,106.7,2,61.2
2018-11-23 15:00:00,60.6,60.1,65,53,78.9,44.4,40,60.7,49,66,46.4,65.5,52.6,49.2,67.5,70.8,59.6,58.8,51.2,65,48.7,57.6,68,101.1,2,53.5
2018-11-23 14:00:00,53.4,59.7,60.4,50.6,70.5,42.6,39.9,56.7,43.2,60.1,43.7,56.2,48.6,46.9,60.1,64.1,57.4,54.9,49.8,56.4,40.6,53.1,63.5,91.2,1.5,49.1
2018-11-23 13:00:00,55.3,55.8,58.3,48.7,68.3,39.8,38,51.6,40.7,59.4,43,55.6,43.9,42.3,57,58.6,49.9,54.3,48,51.2,40.9,51.6,62.6,89.5,1,48.7
2018-11-23 12:00:00,54.8,56.1,56,46,62.3,37,28.9,47.1,37.2,56.2,40.9,54.7,37.4,41,55,54.2,50.6,53,45.7,48.7,40.2,51,59.6,94.3,1,48.8
2018-11-23 11:00:00,49.7,66.1,54,44.2,61.2,35.3,26.4,44.8,34.3,55.4,39.6,54.4,31.7,37.5,53.3,53.9,47.7,50.4,42.6,48,40.4,51.4,54.5,90.2,21.4,46.9
2018-11-23 10:00:00,56.4,58.7,56.8,47.9,62.6,31,24.9,48.9,36.6,59.1,41.1,55.2,30.7,39.3,56,57.7,51.8,52.2,45.7,49.6,40.8,53.8,58.4,92,67.6,47.6
2018-11-23 09:00:00,60.8,52.1,55.8,51.6,65.7,40.9,31,52.4,39.8,58,37.3,50.7,46.4,43.3,61.9,69.6,56,53.7,47.6,54.2,39.6,52.7,63.2,89.4,46.2,48.4
2018-11-23 08:00:00,53.7,51.3,57.4,57.1,63.4,45.6,35.6,58.9,44.7,55,34.2,47.2,52.1,47.9,67.6,84.9,52.2,53,57,65.6,39.2,53,64.1,90,5.9,43.9
2018-11-23 07:00:00,47.9,43.6,71.4,63.4,70.1,45.8,37,60.5,50.5,55.1,34.6,47.7,53.9,52.2,71.1,90.1,51.7,53.2,57.8,69.5,40.4,53.9,67,96.1,5.9,41.1
2018-11-23 06:00:00,54.5,52.7,73.9,59.8,78.2,47.2,36.9,65.6,55.6,53.3,33.7,52,55.3,56.7,79.2,97.4,58.6,54.8,56.2,79.3,41,52.5,67.2,100.9,31,43.4
2018-11-23 05:00:00,66.8,65.2,72.1,55.2,73.8,46.2,37.8,66.6,57.8,56.2,36,53.1,56.2,58.8,82.8,89,62.2,51.4,56.6,83.6,41.6,54.6,64.4,95.3,75.3,41.8
2018-11-23 04:00:00,82.6,83.3,83.5,59.3,85.5,44.8,35.2,58.1,51.6,59.2,45.2,59.6,52.5,51.2,73.2,78.7,56.6,70.6,58.3,71,45.6,53.2,65.4,110.9,72.3,46.3
2018-11-23 03:00:00,97.4,105,79,61.3,84.5,47.8,38.5,63.9,53.3,72.2,49,78,59,51.3,73,85.4,50.8,70,56.3,71.8,46.5,53,66.6,108.4,38.4,57.3
2018-11-23 02:00:00,101.4,108.6,79.1,58.5,78.6,46.8,39.4,63.1,53.3,87.6,53.2,84.2,57.8,55.4,72.8,82.3,53.8,74.4,57.3,75.4,43.1,53.9,68.6,125,1.3,63.8
2018-11-23 01:00:00,91.8,100.5,85,58.9,86.2,46,35.4,60.1,50.4,89.1,55,76.6,56.2,51.8,69.2,76.7,48.6,77,57.9,67.7,40.9,56.1,67.1,120.2,1.3,64.9
2018-11-23 00:00:00,83.5,93.5,82.7,58,86,42.4,33.7,55.6,45.5,81.7,54.2,80.2,51.2,48.8,64.8,71.5,63.8,74,58.2,58.8,40.2,57.8,67,107,1.7,61.2
2018-11-22 23:00:00,77.2,89.4,74.2,59.3,76.9,43,30.7,50.8,35.8,69.8,52.7,68.6,49.4,45.6,61.5,65.3,60.6,66.8,55.4,53.3,37.8,55.1,70.6,107.2,4.3,57.8
2018-11-22 22:00:00,69,76.2,73.6,58.6,74.5,41.6,30,48.5,34.6,61.6,47,62.9,50,42.7,58.8,62.9,57.7,67.2,54.7,49.5,39.4,49.8,71.5,98.1,1.5,54.2
2018-11-22 21:00:00,58.5,62.7,65.3,56.2,69.6,38.1,28,45.7,30,56.3,46.3,62.2,45,40,54.6,60,52.2,57.7,49.2,48.7,37.9,47,67.4,111.9,1.5,51.8
2018-11-22 20:00:00,51.1,57.5,54.8,43.6,53.6,34.4,24.9,44.8,29.8,45.6,37.3,51.8,37.3,36.4,51,54.3,47.7,49.9,37.5,45.5,28.7,40.3,58.6,98.9,1.5,43
2018-11-22 19:00:00,40.1,44.6,43.4,33.5,46,29.8,22.3,42.2,28.2,39.4,32.5,43.4,27.8,35,45.2,44.9,41.3,39.6,30.3,42.2,21.6,36.1,54.6,76.2,1.5,35.2
2018-11-22 18:00:00,30.2,34.6,37.2,27.4,37.2,20.6,14.6,28.7,15.7,34.2,25,37.4,18,27.3,37,40.6,33.7,33.6,23.7,32.2,20.4,35.6,51.7,68.1,1.5,29.2
2018-11-22 17:00:00,29.2,26.5,32.8,22.6,34.2,18.9,13,27,16.7,33.6,17.8,29.4,15.7,19.6,30.8,36.2,25.7,29.5,21.1,29.8,17.4,33.7,49.1,64.9,1.5,26.1
2018-11-22 16:00:00,22,18.9,28.2,17,26.3,18.5,24.7,25.6,15.5,31.2,19.6,27.4,17.3,19.2,29.8,35.7,22.4,24.8,18.5,28,11.5,30,44.7,59.6,1.5,25.5
2018-11-22 15:00:00,15.6,15.9,23.4,10.8,24,14.2,16.7,19.6,13.3,28.3,16.7,30.5,16.8,17.4,24.4,32.3,19.1,21.2,15.1,21.8,13.5,27,38.1,55.3,15.6,19.7
2018-11-22 14:00:00,13.2,21.6,21.1,13.6,24.1,11,11.3,19.1,13.2,21.6,12.6,19.9,19,13.9,22.3,28.1,14.3,20.3,14.1,20,9.6,22.7,38.4,54.9,48.5,17
2018-11-22 13:00:00,17,20.7,23.3,17.2,21.7,12.3,8.2,15.9,10.3,22.8,12.1,17.6,15.9,15.2,20.4,27.5,14.7,19.2,12.6,20.2,10.4,17.7,42.3,54.4,42.8,16.6
2018-11-22 12:00:00,17.2,22.7,20.4,17.8,21.8,13.2,10.8,14.9,8.8,21.1,9.6,18.3,15.1,13,18.3,24.9,16.3,18.3,12.6,15.8,8.9,19.4,45.9,55.5,40.5,13.8
2018-11-22 11:00:00,19.3,21.8,20.2,11.1,25.4,12.6,7.4,17.5,9.1,20.9,10.5,15.4,15.9,12.4,17.9,26.4,13.9,18.8,13.5,16.5,5.2,17,45.8,55.2,40.8,15.1
2018-11-22 10:00:00,30.6,24.7,22.2,17.4,25.7,12.4,7.4,18.8,9.1,23.1,10,14,14.7,13.7,21.3,35.2,15,19.4,18.6,19.6,6.4,13.3,50.6,53.2,45.5,14.8
2018-11-22 09:00:00,46.7,19.9,25.4,28.3,23.2,12.9,8.2,15.7,5.6,19,5.9,12.1,16.2,27.3,19.6,67.8,38.6,19.1,28,23.5,4.8,13.1,51.2,53.2,35.4,14.2
2018-11-22 08:00:00,35.1,20.4,19.5,28,21.7,13,6,19.2,8.3,15.9,9.2,10,15.3,53.2,48.1,66.5,48.1,16.2,39.5,73,2.2,9.5,59.5,54,1,13
2018-11-22 07:00:00,22.3,31.5,26,36,17.5,14.5,7.1,23.3,29.9,19,8.6,7.1,18.7,51.3,74.2,68.4,58.9,13.2,44.6,72.6,2.3,7.5,62.6,53.2,1,10.6
2018-11-22 06:00:00,26.5,32.2,22.2,41.1,21.7,35.7,18.9,47.7,35.3,20.4,15.2,8.2,39.9,47.8,70.3,73.3,54.6,14.6,48.2,68,2.4,8.7,64.4,53.5,1,11.9
2018-11-22 05:00:00,28.3,39.6,28.2,47.7,27.3,36.6,31.2,55.6,43.8,33.7,19.4,6.2,52.3,47.7,68.8,69.2,58.5,19.6,50.8,63.8,3,12.6,65.5,53.3,1,13
2018-11-22 04:00:00,32.6,53.8,35.6,48.6,40.8,43.8,29.8,49.1,41.2,46,18.5,16.2,49.9,45.6,69.1,67.6,62.9,25.1,53.2,62.5,2.3,23.1,67.3,52.7,1,14.3
2018-11-22 03:00:00,44.1,64,56.2,50.4,44.1,39.8,32.8,42.8,39.5,38.9,28.6,12.8,48.2,45.4,67,64.8,60.3,35.2,52,61.3,1.8,34.4,66.8,52.5,1,16.7
2018-11-22 02:00:00,45.2,86.1,59.5,51.2,41.4,36.6,27.2,38.7,33.2,47.4,26.6,7.1,46.7,43.6,67.7,66,59.3,41.1,48.6,59.5,1.4,42.4,67.2,50.8,1,22.8
2018-11-22 01:00:00,44.4,64.7,56.3,47.6,40.8,38.9,21.8,40.2,28.1,48.1,30.2,23.2,42.5,43.6,65.7,62.9,57.7,38.4,48.2,57.1,1.7,45.6,64.8,51.3,5.4,25.9
2018-11-22 00:00:00,48.8,60,41.9,45.6,41,37.4,23.2,43.8,34.8,47.4,32.9,17.2,44.4,42.4,61.5,59.9,56.4,29.9,44.7,55.6,1.4,45,63.1,51.2,6.3,28
2018-11-21 23:00:00,47,54.4,34,39.3,49.8,35.5,26.6,44.5,37.3,46.6,35.8,32.3,45.1,40.8,59.9,60.5,55.4,48.2,38.6,52.9,2.1,41.8,69.8,50,6.3,35.5
2018-11-21 22:00:00,54.6,53.5,46.2,37.6,52.8,35.7,24.7,44.6,32.6,49,36.7,41.8,40.8,38.2,56.9,57,50.6,53,40.4,48.3,9.2,44,68,52.2,6.3,39.8
2018-11-21 21:00:00,50.4,58.2,47.6,39,51.1,30.7,23.6,43.6,32.6,50.7,36.2,46.1,35.9,37.9,51.1,52.6,46,51.6,36.5,42.6,20.1,44.1,64.2,65.1,6.3,40.9
2018-11-21 20:00:00,41.5,52.5,43.7,36.5,47.3,29.2,22.7,36.8,26.7,44.6,37.6,44.3,29.4,32.7,43.3,45.5,41.9,41.5,33.6,36.9,24.3,42.3,56.9,71.4,6.3,36.2
2018-11-21 19:00:00,32.1,36,40.3,32.2,39.7,21.6,15.2,29.7,19.4,33.6,28,42.1,21,26.9,37.1,37.7,32,36,25.4,33.2,20.6,40.6,54,71.1,6.3,28.2
2018-11-21 18:00:00,30.8,23.4,33.6,23.8,37,18,11,24.5,17,32.7,22.2,32.3,14.4,22.8,36,35.7,27.9,32.4,23.5,28.7,18.8,38.1,49.4,66.1,6.3,28
2018-11-21 17:00:00,24.2,29.1,33,19.7,29.5,13.6,9.5,16,9.4,32.3,19.8,32.8,14.6,13.9,6.3,29.8,18.9,28.8,20.1,17.3,15.7,33.1,47.3,61.2,6.3,25.7
2018-11-21 16:00:00,17.7,16.8,22.9,13,16.4,6.6,9.8,8.6,3.9,27.1,15.8,30.9,11.3,8.9,1,17.4,13.1,18.1,14.8,10.6,16.3,32.7,40.9,59.7,21.7,18.4
2018-11-21 15:00:00,9.2,12,12.4,10.1,8.7,2.8,5.2,5.1,2.2,16.4,10.5,22.8,3.8,10.6,1,9,8.4,8,6.6,5.5,12.9,27,34.5,55.8,45.9,11
2018-11-21 14:00:00,4.5,9.2,6.5,4.8,4.9,2.6,4.8,4.6,2.3,10,4.5,16.9,4.4,5.2,1,6,6,5.3,3.6,4.1,10.9,22,31,54.6,41.8,6.6
2018-11-21 13:00:00,1.6,5.5,5.2,4.2,5.2,2.6,1.6,3.8,2,4.4,1.7,13.4,2.8,3.4,1,4.6,5.5,3.7,3,3.9,5.6,16.4,35.5,53.5,38.2,3.3
2018-11-21 12:00:00,4.8,5.7,4,2.9,4.9,2,1,5,1.2,3.7,1.3,1.8,1.9,3.7,1,4.5,4.6,4.1,2.2,3.5,1,18.3,38.5,49.8,36.8,2.1
2018-11-21 11:00:00,4.3,4.2,5.2,3.3,4.9,1.6,1.3,6,1.6,3,1,1.2,1.5,3.9,1,4,3.8,4.2,2,3.6,1,10.1,39,29.3,38.5,1.6
2018-11-21 10:00:00,6.5,5.1,4.4,3.8,5.3,2,2.6,5.4,1.7,4.2,1,1.3,2.1,3.6,1,4.5,4.7,3.7,2.1,4.1,1.2,1.8,37.6,38.5,40.7,2.5
2018-11-21 09:00:00,6.7,5.9,4.4,3,4.2,2.1,3.2,7.4,2,3.7,1.2,1.2,2.8,4,1,9,5.2,2.9,2.5,4.3,1,2.8,41.2,38.4,25,2.9
2018-11-21 08:00:00,6.6,0.2,5.1,4.1,5.8,2.2,9.2,8.8,1.6,4.4,1.1,1.5,2.3,4.4,1,6.3,7.3,2.6,2.9,5.9,1,2.5,45.1,39.7,1,2.8
2018-11-21 07:00:00,8.2,7.9,5,4.8,4.5,1.8,6.4,7,1.7,6.4,1.2,1.1,2.2,11.5,1,15.9,6.8,3.1,3.3,5.9,1,3,52,39,1,3.9
2018-11-21 06:00:00,11.8,19.8,17.4,25.8,15.4,12.4,13.1,22,19,16.8,6,8,10.4,40.1,1,49.4,33.4,7,23,35,1,12.9,61.6,37.4,1,4
2018-11-21 05:00:00,24.6,28.6,34.2,41.5,36.6,31.2,24.8,44.3,35.5,26.4,13.9,25,34.9,40,1,55.2,50.7,27.6,40.4,49.3,3.9,38.8,59,39.1,1,14.5
2018-11-21 04:00:00,22.7,18.5,44.8,41.7,43.9,32.4,27.4,44.7,36,34.4,15.4,21,35.2,37,1,54.5,47.5,30.6,40.3,47.6,2.4,10,59.6,37.2,1,23.9
2018-11-21 03:00:00,5.9,6.5,20.6,46.6,36.7,35.4,26.3,45.4,39.1,14.5,2.6,5.6,37.8,39.7,1,56,47.6,23.6,42.6,47.4,1.9,4.5,62.8,37,1,8.4
2018-11-21 02:00:00,3.9,8.8,7.5,48.1,7.8,41,33.6,51.7,45.1,7.6,3.5,7.7,51.3,48.5,1,76.5,54.6,6.1,36.9,57.3,2.8,8.3,68.2,37.9,1,4.3
2018-11-21 01:00:00,9.5,11.9,8.9,42.7,11.6,32.1,38.4,63.6,56.2,11.9,4,12.4,55.3,52.8,1,80.3,48.8,8.8,33.6,75.2,1.9,10.2,66,36.9,1,7.7
2018-11-21 00:00:00,16.1,25.6,12.4,13,17.6,12.5,23.6,41.5,41.8,12,5.5,14,23,42.8,1,45.1,50.9,10.5,8.1,54.4,2.6,13.6,51.4,38.6,1,7.7
2018-11-20 23:00:00,38.7,50.5,28,31.4,32.6,17,11.7,23,14.7,28.3,20.7,13.5,16.3,32,1,41.4,35.6,17.9,34.4,33.3,3.4,24.3,59,43.8,1,12.8
2018-11-20 22:00:00,63.5,66.1,47.1,34.6,41.7,19.8,12.2,29,17.4,52.8,35.5,22,19.2,31.1,1,41.5,37.2,38,40,34.8,5.3,33.2,54.4,47.5,1,32.8
2018-11-20 21:00:00,59.8,61.1,44.2,35,43.1,15,14,23.6,13.1,49.6,38.4,38.7,14.8,25.9,1,36.6,30.6,45.7,33.7,29.6,8,36.9,52.7,51,13.3,43.7
2018-11-20 20:00:00,56.6,68.4,47.8,36.3,44.7,16.5,9.9,20.6,10.6,43.5,42.2,50,15.1,20.6,1,31,21.3,44.4,33.4,27.4,15.2,36.9,52.5,56,21.5,43.8
2018-11-20 19:00:00,51.8,62.5,38,28.9,35,13,7.2,19.4,9.5,44.2,38.9,42.8,14.6,16.4,1,27.2,14.9,43,15.3,23.1,14,37.9,48,54.3,21.5,38.3
2018-11-20 18:00:00,48.5,47.7,24.4,14,24.3,10.2,6.9,18,9,47.7,33.8,39.4,14.6,13.1,1,24.5,13.6,32.4,11.3,22.4,13.5,41.7,44.8,56.1,21.5,37.8
2018-11-20 17:00:00,28.6,29.5,19.4,17.7,21.3,8.1,9.2,16.1,7.6,42.4,32.5,40.8,13.4,10,1,19.4,15.2,14.5,10.9,16.8,18.5,40.3,42,60.2,51.8,29.7
2018-11-20 16:00:00,16.8,20.2,14.8,13.2,16.3,7.7,4.7,13.9,5.8,8.7,7.1,27.2,12.2,9.5,1,16.1,16.9,13.1,8.6,11.2,18,36.6,38.7,55.4,52.9,11
2018-11-20 15:00:00,14.6,21,11.4,12.4,15.7,6.2,2.9,11.1,5.4,10.1,5.7,12.4,9.5,8.3,1,14.2,14.8,10.1,8.2,10.8,7.2,11.8,36.7,46.6,46.9,9.4
2018-11-20 14:00:00,15.2,22.2,13,12.2,17,6.2,2.8,11.7,5.3,12,6.8,14.3,11.1,8.5,1,12.9,13.6,10.9,8.8,10.7,17.5,11.6,38,62.3,43.7,9.1
2018-11-20 13:00:00,18.4,25.7,17.9,11.3,16.6,6,2.9,10.8,5.6,12.4,9.3,16.9,8,9.2,1,11.3,13.2,12.7,8.5,9.4,12.2,23.7,39.5,68,44.8,10.4
2018-11-20 12:00:00,19.9,27.1,13.5,13.2,20,6.8,5.8,15.9,10.5,15.5,8.8,16.3,10.5,12,1,15.1,15.5,12.5,9.9,17.4,3.8,4.8,39.6,42.9,43.5,12.2
2018-11-20 11:00:00,24.6,36.4,23.6,15,27.8,9.6,6.9,18.7,12.4,18.2,8.5,15.6,15.6,13.8,1,19.7,12.9,19.5,14.2,19.2,3.6,5.5,42.8,44.4,43.2,16.8
2018-11-20 10:00:00,35.7,24.9,27.7,17.1,38.8,14.9,11.2,24.5,16.4,27.6,13.3,6.9,16.4,20.4,1,29.3,24.6,25,19.6,27.2,3.4,8.5,48.4,42.9,52.4,19.7
2018-11-20 09:00:00,38.7,47,35.6,23.7,40.8,18.8,16.3,32.5,20.7,33.1,19,5.2,19.4,31.8,1,45.3,36.7,34.4,26.4,36.9,3.4,8.2,51.9,42.1,38.2,31.8
2018-11-20 08:00:00,53.2,49.1,42.9,38.1,49.4,37.1,23,50.5,34.7,44.9,32,31.2,41.2,51.3,1,86.4,52.8,36.9,50.6,52.5,3.6,43.6,65.7,40.6,35.3,35.4
2018-11-20 07:00:00,55.8,63.2,55.9,44.9,56.7,44.4,33.6,62.2,48.6,52.8,38.8,47,51.6,59.6,1,91.2,60.3,45,52.4,72.3,3.6,53.1,65.2,38.7,2,40.5
2018-11-20 06:00:00,61,63.1,64.5,52.6,67,50.5,37.7,67.4,51.4,52.5,41.8,47.1,60.6,59.3,1,82.8,52.6,54.1,52.4,81.4,5.8,59,62.9,42.6,3.2,46.2
2018-11-20 05:00:00,68.4,59.4,58.4,51.2,64.2,47.6,34.1,63.2,48.3,52.6,42.5,52,57,53.3,1,72.8,60.8,55,54.1,64.6,16.1,59.4,61.2,48.6,2.4,46.8
2018-11-20 04:00:00,84.9,60.6,58.5,52.4,61,38.8,30.1,54.8,40.8,54.9,42.2,52.2,42.5,46.6,1,59.6,57.8,53.2,56.6,56.5,27.5,60.7,63.2,75.3,2.4,49
2018-11-20 03:00:00,88.8,55.6,62.1,54.4,58.1,36.4,28.1,50.2,35.6,54.1,40.6,52.8,40.2,45.6,1,57.4,53.6,54.8,59.6,52.2,35.5,63.3,65.4,64.7,5,51.8
2018-11-20 02:00:00,89.8,55.4,63.7,56.4,57.8,34.9,23.6,47.3,29.1,52.3,41.7,53.9,37.4,46.3,1,55,53.7,54.9,61.1,51,37,64,65.3,74.8,15,51.9
2018-11-20 01:00:00,84.3,59,60.7,54.6,58.2,34,20.9,46,30.8,53.2,41.1,53.8,35.8,43.8,1,56.6,50.5,52.1,56.6,48.3,39.6,68.3,64.6,94.2,9.7,55.8
2018-11-20 00:00:00,81.9,64,63,53.4,57.8,33.7,19.3,46.8,30.2,54.6,42.4,58.9,35.5,45.5,1,80.4,49.1,51.4,53.4,47.1,41.6,74.3,72.4,102.5,9.7,54.9
2018-11-19 23:00:00,90.5,65.9,63.6,56.3,57.2,40.1,22.2,47.1,27.4,53.2,44.3,58.6,48.2,51.9,1,118.3,50.7,53.6,52.7,49,43.6,65.5,77.4,115,9.7,55.3
2018-11-19 22:00:00,105.6,66.6,57,58.2,61.3,46.5,26.5,55,39.2,53.2,44.6,55,52.1,65.3,1,143.5,63,50.2,59.1,55.4,49.1,66,86.8,118.7,9.7,55.7
2018-11-19 21:00:00,81.4,71.2,58.1,73.6,62.2,55.6,33.3,63.4,42.6,54.6,43.9,52.2,57.9,87.3,1,145.6,100.2,54.2,80.4,92,46.9,65.8,95.1,122.2,9.7,50.9
2018-11-19 20:00:00,67,94.8,57.1,90.2,59.5,66.6,46,66.6,51,59.8,43.1,54.2,63.9,85.5,1,146.7,120,54.1,88.5,127.1,44,71.8,90.9,120.8,9.7,46.5
2018-11-19 19:00:00,68.4,117.5,116.4,89.2,62.2,67.4,45.4,94.2,63.5,81,50.2,67.8,60.3,80.6,1,136.2,108.9,52.9,83.5,116.2,39.6,75.4,89.9,113.3,9.7,46.8
2018-11-19 18:00:00,83.4,98.5,108.3,80.6,79.4,60.5,43.8,87.8,59.4,73.8,59.6,88.4,52.3,79.2,1,125.3,105.5,59,73.1,112.6,46.9,72.7,88.2,115,9.7,49.2
2018-11-19 17:00:00,86.6,87.8,88.1,55,89.9,54.6,42.9,78.6,57.5,71.8,53.2,76.4,55.6,72.6,1,117.5,95.5,73.9,59.8,96,43.1,78.4,84.1,97.2,67.2,57.2
2018-11-19 16:00:00,73.3,70.8,79,45.2,86.6,51.2,41.3,75.8,56,65.2,49.6,68.6,60.3,60.5,1,100.8,76.3,66.4,55.9,90.5,42.2,63.6,70.8,84.9,79.7,55.4
2018-11-19 15:00:00,66.2,67.5,70.6,60.8,73.8,47.5,35,65.9,53.4,57.2,48,59.8,52.8,55.4,1,88,65,58,52.6,77.5,38.4,53.6,61.6,78.9,70.5,50
2018-11-19 14:00:00,55,55.2,58.7,47.5,61.8,43,29.4,59.2,52.7,51.8,42.9,55.7,47.2,51,1,75.9,50.7,51.4,48.5,70.2,27.6,47.4,59.2,62.7,62.7,46.7
2018-11-19 13:00:00,35.9,41.1,56.7,43.2,57.6,38.8,24,52.4,45.9,46.1,34,45,42.1,45.7,1,61.8,53.7,47.2,45.4,57.4,18.1,38.1,59.9,59.8,56.2,38.5
2018-11-19 12:00:00,24,36.4,43.1,39.7,45.7,34.3,25.8,43.3,35.8,30.5,20.6,30.8,37.4,39.5,1,51.1,47.8,32.9,42.1,46.5,14,28,58,53.8,48,27.8
2018-11-19 11:00:00,25.2,25.7,31.9,21.1,34.2,25.2,16.7,34.2,28.6,19.8,13.1,17.4,24.2,31.9,1,44.8,38.3,24.9,22.4,40,7.3,16.8,52.3,45.1,47,17.4
2018-11-19 10:00:00,17.8,18.3,25,11.8,26.7,12.4,8.6,31.6,24.9,16.8,7.8,15.9,17.2,25.9,1,38.6,30.4,17.9,16.3,35.5,4.8,13,48.8,45.2,44.8,10.2
2018-11-19 09:00:00,23.4,20.6,15.6,13.8,17.5,7.9,6.7,17.1,6.8,15.4,7.6,13.8,10,16.1,1,31.7,20.1,13.3,13.2,27.5,3,13.9,44.8,46.6,18.3,10.8
2018-11-19 08:00:00,25,18.8,17.6,13.7,17.3,7.5,5.6,16.5,6.2,14.1,8,11.6,8.9,14.9,1,37.2,31.5,11.9,19.2,31.4,4,21,51.3,49,19.5,12.5
2018-11-19 07:00:00,31.5,23.4,20.2,14.6,20.9,6.5,11.2,11.8,5.5,12.6,6.3,10.7,6.7,22.4,1,35.8,31.2,15,18,40.5,4.7,13.1,50.6,49.5,2.3,12.3
2018-11-19 06:00:00,42.6,27.2,21,14.6,21.8,9.2,6.4,16.8,8.2,11,5.6,12.1,10.6,21.9,1,34.6,25.8,16.9,20,41.1,5.2,11.1,50.6,48.5,2.3,15.1
2018-11-19 05:00:00,50.5,27.1,20.4,18.4,24.4,19.4,8,19.4,13,11.2,4.5,8.5,12.7,19.1,1,33.2,23.5,16.6,23.6,39.2,5.6,11.9,50.4,52.2,2.3,16.5
2018-11-19 04:00:00,46.4,34.7,22.6,21.9,22.1,19.4,10.4,18.1,11.2,12.8,6,8.7,11.6,17.2,1,31.3,21.9,18,31.1,34,9.8,12.2,48.9,57.2,2.3,15.3
2018-11-19 03:00:00,42.4,38.9,41.2,17.1,23.6,16.6,8.9,22.4,7.9,24,10.8,11.1,16.8,17.8,1,29.3,21.6,22.6,24.9,34.2,4.5,7.8,49.1,51.5,2.3,16.3
2018-11-19 02:00:00,33.1,33.5,28.1,15.7,23.9,13.5,8.5,20.7,9.5,22.7,13,9.2,16.1,18.7,1,28.9,17,33,16.8,32.6,4.2,9,49.1,43.7,2.3,13.9
2018-11-19 01:00:00,32.5,28.9,17.7,10.8,23.7,12.9,5.8,19.3,12.6,20.7,10.4,7,15.2,20,1,27,21,23.8,18.8,29.8,5.2,10.6,46.8,47.4,2.3,12.2
2018-11-19 00:00:00,36.3,37.7,16.4,15.2,22.8,18.8,6,19.4,9.6,15.1,13.3,9.2,13.7,19.8,1,26.7,24.7,12.7,20.2,24,4,15.1,48.6,42,2.3,10.4
2018-11-18 23:00:00,29.8,36.4,23.2,13.6,22,14,5.2,18.4,5.1,11.2,13,8.7,15.4,16.8,1,30.2,14.1,21.1,15.2,21,3.3,13.8,47.3,43.6,2.3,13.3
2018-11-18 22:00:00,23.6,28.9,20.8,16,22.6,10.4,4.2,13.9,5.7,11.2,5.4,6.4,13.5,15.8,1,24.8,15.8,15.6,11.3,15.7,2.9,8.8,50.3,44.4,2.3,9.8
2018-11-18 21:00:00,21.6,26.7,18.3,15.4,17.4,5.4,6.5,13.2,4.3,9.7,9,7.6,8.1,13.4,1,18.2,14.5,9,10.4,10.9,3.9,15,46.6,43.2,2.3,9.4
2018-11-18 20:00:00,16.2,24.5,12,12.2,14.3,5.6,4.7,10.7,3.9,9.3,4.7,5.1,7.1,11.2,1,13.3,14,8.7,6,9.1,2.8,8.3,43.3,42.5,2.3,7.6
2018-11-18 19:00:00,13.7,20.5,9.6,9,10.7,4.7,3.9,10.6,2.7,7.2,4.1,5.3,6.5,8.8,1,10,12.3,7.7,6.3,6.8,2,13,39,40.9,2.3,5.7
2018-11-18 18:00:00,12.2,20.6,9.6,8.2,10,4.7,1.9,8.8,3,9.4,4.6,5.8,4.8,6.4,1,8,11.4,6.7,5.7,7.6,2.3,14.9,39.2,41.7,2.3,5.2
2018-11-18 17:00:00,12.3,17.7,8.2,8,10.8,4.7,6.8,9.1,3.4,9.4,3.4,5,5.7,6.1,1,10.3,10.3,7.9,5.1,7.4,2.8,16.7,37.2,45.1,32.7,7.2
2018-11-18 16:00:00,8.7,12.2,7.5,7.3,7.7,4.9,2.2,9.2,3.6,6.2,3.7,5.2,6.4,5.8,1,9.1,9.9,6.6,5.4,7.2,3,27.5,34.8,53.3,48.9,5.7
2018-11-18 15:00:00,7.2,9.7,8.1,6.8,11,4.6,1.7,9.2,4.2,7,3.8,6.1,4.8,5.9,1,7.7,8.8,6.9,4.8,7.4,3.1,29.1,31.3,45.5,44.4,5.5
2018-11-18 14:00:00,6.9,9.2,7.2,5.8,7,3,1.2,8.9,5,6.1,3.6,3.6,3.9,5.6,8.7,7.4,7.6,6.4,5,6,2.3,22.2,31.4,46.3,39.6,4.7
2018-11-18 13:00:00,5.2,15,7.3,6.3,10.2,3.8,1.8,6.9,3.9,7.5,3.6,3.9,5.2,6.4,2,7.2,8,5.1,5.3,7.1,2.1,8.1,37.1,42,36.7,5
2018-11-18 12:00:00,9.8,15.4,7.9,6.1,10.2,3.9,1,8.5,5.1,7,3.7,5,5.8,5.8,1,7.2,9.7,6,5.2,8.3,3,6.1,39.2,42.3,38.3,4.9
2018-11-18 11:00:00,12,18.3,8.6,8.3,12.3,5.3,2.1,10.8,6.3,7.2,4.8,4.6,7.2,6.6,1,9.8,10.5,7.6,5.7,9,3.1,6.9,40.3,41.6,41.2,4.6
2018-11-18 10:00:00,17,36.7,11.2,11.2,13.1,5.5,5.1,10.8,5.4,9.2,6,5.2,6.7,10.2,1,11.9,12.7,10.2,7.6,10.6,3.3,7.8,40.3,43.3,43.4,8.2
2018-11-18 09:00:00,37.2,38.2,20.9,18.9,17,9,12.6,14.1,12.4,27.2,14.7,9.4,17.7,29.3,1,61.3,44.8,11.3,24,31.8,5.3,43.5,54.5,42.4,44.1,12.5
2018-11-18 08:00:00,63,50.4,52.2,45.3,51.9,49.2,36,46.9,37.5,48.2,35.2,31.5,59.3,67.9,9.6,111.7,93.2,46.1,49,107.3,7.3,51.8,62.2,42.8,26.8,45.2
2018-11-18 07:00:00,56.5,48.4,54.8,46.8,65.2,43.6,40.6,56.8,47.7,46.7,36,45.8,62,65.4,12,111.8,95.1,55.1,53.8,109,24.2,53,65.7,63.9,6.2,49.7
2018-11-18 06:00:00,53.3,44.4,55.7,47.3,60.2,46.7,44.4,59.1,48.6,47.2,35.6,44.4,56.8,67.8,4.9,113.1,94.1,55.5,49.4,102.9,32.1,54.3,68,71.1,6.2,49.1
2018-11-18 05:00:00,64,54.4,58,50.7,63.5,54.3,42.7,58.1,47.6,45.3,31.7,53,56.4,65.6,4.9,120.5,95.7,57.9,52.8,106.3,31.8,56.5,67.9,74.3,6.2,50.2
2018-11-18 04:00:00,78.8,61.6,64,59.5,61.9,61.7,43.4,58.2,47.8,45.8,36.3,47.1,48.7,68.9,26.5,121.2,95.6,62.5,61.8,112.1,36.3,58.4,77.3,78.5,6.2,52.8
2018-11-18 03:00:00,95.8,64.3,74,48.7,73.2,62.6,56.4,60,54.9,51.4,39.1,47.2,47.1,67.2,33.8,115.1,93.6,73.8,65.5,105.1,39.2,60.6,94.3,81.5,6.2,56.2
2018-11-18 02:00:00,91,81.7,85.3,50.8,95.1,60,58,70.4,59.3,55,46.4,43.4,49.6,65.7,9.7,113.1,89.1,94.5,75.6,101.6,39.6,59.9,87.1,85.2,6.2,58
2018-11-18 01:00:00,98.8,90.1,94.9,59.8,96.6,59.2,56.3,69.6,57.5,62.4,48.6,55,55,60.2,1,111,80.5,84.4,78.9,96.5,40.2,58.6,81.8,87.6,6.2,61.6
2018-11-18 00:00:00,101.7,85.6,101,67.1,105.3,56.9,51.2,63,55.2,81.5,51.5,61.4,59.7,60.4,1,103.6,74.6,91.4,80.6,89.6,41.3,58.8,78.8,91.3,6.2,67.6
