,时间,东高地街道,东高地街道_root,相对偏差
34,2018-12-16 14:00:00,84.1972301566283,51.0,0.6509260815025155
35,2018-12-16 13:00:00,94.72582411785991,52.1,0.8181540137785012
36,2018-12-16 12:00:00,112.7652823307109,61.2,0.8425699727240343
37,2018-12-16 11:00:00,131.59461032364084,68.8,0.9127123593552448
38,2018-12-16 10:00:00,132.7103845175252,66.8,0.9866824029569642
39,2018-12-16 09:00:00,140.171471185789,68.5,1.0462988494275764
40,2018-12-16 08:00:00,152.8123320521082,84.8,0.8020322175956155
41,2018-12-16 07:00:00,153.139628291349,74.6,1.0528100307151342
42,2018-12-16 06:00:00,166.90272107546122,81.4,1.0504019788140198
43,2018-12-16 05:00:00,162.92602089160653,79.1,1.059747419615759
44,2018-12-16 04:00:00,166.44893544957267,78.8,1.1122961351468614
45,2018-12-16 03:00:00,173.86141698511344,85.7,1.0287213183793866
46,2018-12-16 02:00:00,176.3432673483949,90.3,0.952860103525968
47,2018-12-16 01:00:00,174.52726936952564,88.2,0.9787672264118553
48,2018-12-16 00:00:00,186.09370558802888,91.6,1.031590672358394
49,2018-12-15 23:00:00,184.8225268994584,92.2,1.0045827212522604
50,2018-12-15 22:00:00,177.6010413829296,89.2,0.9910430648310492
51,2018-12-15 21:00:00,171.12282888073693,87.0,0.9669290675946773
52,2018-12-15 20:00:00,167.1410558089254,84.6,0.9756625982142482
53,2018-12-15 19:00:00,168.2683128191718,87.6,0.9208711509037878
54,2018-12-15 18:00:00,126.96888486326941,67.6,0.8782379417643406
55,2018-12-15 17:00:00,96.6239686952978,57.3,0.6862821761832079
56,2018-12-15 16:00:00,91.96464357388959,55.5,0.6570206049349475
57,2018-12-15 15:00:00,92.50476372243924,55.5,0.6667524995034096
58,2018-12-15 14:00:00,89.74687911834162,53.3,0.6838063624454339
59,2018-12-15 13:00:00,87.41626296263605,53.9,0.6218230605312812
60,2018-12-15 12:00:00,89.96852769708798,53.3,0.6879648723656282
61,2018-12-15 11:00:00,91.21121689384647,56.4,0.6172201576923133
62,2018-12-15 10:00:00,96.16732378964355,56.5,0.7020765272503282
63,2018-12-15 09:00:00,100.10944932075326,58.3,0.717143213048941
64,2018-12-15 08:00:00,98.2553356931684,58.4,0.6824543783076782
65,2018-12-15 07:00:00,94.08250532823713,58.2,0.6165378922377514
66,2018-12-15 06:00:00,88.06862314826124,55.2,0.5954460715264717
67,2018-12-15 05:00:00,83.5689838190895,53.4,0.5649622438031742
68,2018-12-15 04:00:00,84.92120065251763,52.5,0.6175466790955738
69,2018-12-15 03:00:00,81.84909209953334,50.6,0.6175709901093545
70,2018-12-15 02:00:00,76.7938886241947,49.1,0.5640303182117045
71,2018-12-15 01:00:00,75.09595137494941,48.1,0.5612463903315885
72,2018-12-15 00:00:00,72.59998228067502,47.2,0.5381352178109113
74,2018-12-14 22:00:00,62.4700834863163,43.1,0.4494218906337888
75,2018-12-14 21:00:00,58.265625053063744,42.5,0.37095588360149984
76,2018-12-14 20:00:00,52.357800787383184,38.7,0.35291474902798914
77,2018-12-14 19:00:00,47.57749628559085,35.1,0.35548422466070784
79,2018-12-14 17:00:00,43.20949163370408,30.1,0.43553128351176346
80,2018-12-14 16:00:00,49.99617769013152,33.8,0.479176854737619
81,2018-12-14 15:00:00,71.03782502723963,45.1,0.5751180715574198
82,2018-12-14 14:00:00,101.93568735632984,57.5,0.7727945627187798
83,2018-12-14 13:00:00,99.31812428407024,55.1,0.8025067928143418
84,2018-12-14 12:00:00,66.89737723587008,43.3,0.5449740701124731
85,2018-12-14 11:00:00,50.514628499302155,35.6,0.4189502387444425
119,2018-12-13 01:00:00,62.26358602459862,45.8,0.35946694376852883
120,2018-12-13 00:00:00,78.03621785001222,50.3,0.5514158618292689
121,2018-12-12 23:00:00,104.1959014534657,58.1,0.7933890095260876
122,2018-12-12 22:00:00,128.46654889128075,65.7,0.9553508202630251
123,2018-12-12 21:00:00,128.4962205116827,65.3,0.9677828562279129
124,2018-12-12 20:00:00,108.298618362625,62.8,0.7245002923984875
125,2018-12-12 19:00:00,98.00765138926955,56.6,0.7315839468068825
126,2018-12-12 18:00:00,60.222301618495315,45.5,0.3235670685383586
127,2018-12-12 17:00:00,57.77509116402007,41.0,0.40914856497609925
128,2018-12-12 16:00:00,50.15953395293209,40.1,0.25086119583371785
129,2018-12-12 15:00:00,48.643634243037184,37.7,0.2902820754121268
163,2018-12-11 05:00:00,42.035717918222865,33.4,0.2585544286893074
164,2018-12-11 04:00:00,61.63530777908742,44.8,0.3757881200689157
165,2018-12-11 03:00:00,66.64675073401149,49.0,0.36013777008186715
166,2018-12-11 02:00:00,66.44889826684283,49.2,0.35058736314721195
167,2018-12-11 01:00:00,72.35076799367614,51.5,0.40486928143060474
168,2018-12-11 00:00:00,65.50235394882687,48.1,0.3617953003914109
169,2018-12-10 23:00:00,63.687849855987906,46.6,0.3666920569954486
170,2018-12-10 22:00:00,67.52476670622269,46.8,0.4428368954321089
171,2018-12-10 21:00:00,66.40633442693927,47.1,0.4099009432471182
172,2018-12-10 20:00:00,60.504684834599416,45.5,0.32977329306811903
174,2018-12-10 18:00:00,57.089861496035404,42.6,0.34013759380364794
175,2018-12-10 17:00:00,55.40551762131575,42.8,0.29452143975036815
176,2018-12-10 16:00:00,54.5511664997793,42.4,0.2865841155608326
177,2018-12-10 15:00:00,54.26044453586159,42.7,0.27073640599207455
178,2018-12-10 14:00:00,57.281305890441224,42.5,0.3477954327162641
179,2018-12-10 13:00:00,56.34803238259532,42.7,0.3196260511146444
180,2018-12-10 12:00:00,54.830760182056075,42.7,0.2840927443104466
181,2018-12-10 11:00:00,52.37167908219479,40.4,0.2963286901533364
182,2018-12-10 10:00:00,51.11876450192044,39.3,0.3007319211684591
183,2018-12-10 09:00:00,51.05520502575548,37.2,0.3724517480041794
184,2018-12-10 08:00:00,51.5120462030057,38.2,0.34848288489543716
185,2018-12-10 07:00:00,56.26791422800821,40.1,0.4031898809977109
186,2018-12-10 06:00:00,56.841475874113456,38.7,0.4687719864112003
187,2018-12-10 05:00:00,65.12880001001304,46.1,0.41277223449052136
188,2018-12-10 04:00:00,76.27250878898707,49.8,0.5315764817065677
189,2018-12-10 03:00:00,76.29321728119491,49.3,0.547529762296043
190,2018-12-10 02:00:00,74.23364294498542,51.0,0.4555616263722631
191,2018-12-10 01:00:00,72.68631762159906,50.8,0.4308330240472257
192,2018-12-10 00:00:00,77.45685824967198,47.0,0.6480182606313187
193,2018-12-09 23:00:00,88.12749018356138,55.0,0.6023180033374796
194,2018-12-09 22:00:00,99.91565827412504,61.0,0.6379616110512301
195,2018-12-09 21:00:00,100.64030218058366,60.3,0.668993402663079
196,2018-12-09 20:00:00,101.63318474312746,58.2,0.7462746519437706
197,2018-12-09 19:00:00,100.39598217328103,60.8,0.6512497067973854
198,2018-12-09 18:00:00,91.9189965610532,57.1,0.6097897821550473
199,2018-12-09 17:00:00,74.64703232437839,48.5,0.5391140685438842
200,2018-12-09 16:00:00,78.44581383856257,51.6,0.5202677100496622
201,2018-12-09 15:00:00,72.07636551746322,49.0,0.4709462350502697
202,2018-12-09 14:00:00,52.57694454211279,40.2,0.3078841925898703
203,2018-12-09 13:00:00,42.07569521843445,34.3,0.22669665359867203
206,2018-12-09 10:00:00,51.312191077244016,37.2,0.3793599751947315
207,2018-12-09 09:00:00,75.62702959277347,48.8,0.5497342129666695
208,2018-12-09 08:00:00,60.610669083606126,48.7,0.24457226044365754
209,2018-12-09 07:00:00,55.0950818779521,46.2,0.19253423978251286
210,2018-12-09 06:00:00,38.4546882594482,43.9,0.12403899181211393
211,2018-12-09 05:00:00,35.608386379543646,43.9,0.18887502552292376
212,2018-12-09 04:00:00,33.779743138983115,44.0,0.23227856502311103
213,2018-12-09 03:00:00,35.93630458195741,44.7,0.19605582590699316
214,2018-12-09 02:00:00,31.8246922130921,42.8,0.25643242492775464
215,2018-12-09 01:00:00,29.810520471405475,40.6,0.2657507273052839
217,2018-12-08 23:00:00,35.190593702419676,31.0,0.13518044201353793
288,2018-12-06 00:00:00,36.92871577888008,33.6,0.0990689219904786
289,2018-12-05 23:00:00,37.46468677180647,33.8,0.10842268555640452
290,2018-12-05 22:00:00,55.0347841101989,43.8,0.25650192032417585
291,2018-12-05 21:00:00,56.98536352360528,43.9,0.2980720620411226
292,2018-12-05 20:00:00,52.785462572137945,40.0,0.3196365643034486
293,2018-12-05 19:00:00,52.540204240560776,41.7,0.25995693622447896
294,2018-12-05 18:00:00,48.930994726925874,38.8,0.2611081115187082
295,2018-12-05 17:00:00,43.82955788383215,36.3,0.20742583702016956
296,2018-12-05 16:00:00,37.058192522851485,30.8,0.20318806892374947
298,2018-12-05 14:00:00,37.11211571874199,31.2,0.18949088842121764
299,2018-12-05 13:00:00,44.93280869101148,36.2,0.24123780914396345
300,2018-12-05 12:00:00,50.00401839688824,40.2,0.24388105464896115
301,2018-12-05 11:00:00,48.81496157024161,38.2,0.27787857513721476
302,2018-12-05 10:00:00,48.31715941822434,39.3,0.22944426000570856
304,2018-12-05 08:00:00,36.85010067285292,31.2,0.18109297028374738
357,2018-12-03 03:00:00,90.25283349079716,30.9,1.920803672841332
358,2018-12-03 02:00:00,138.99912393169743,59.0,1.3559173547745327
359,2018-12-03 01:00:00,188.4913217536265,91.1,1.069059514309841
360,2018-12-03 00:00:00,209.16823694547813,99.6,1.1000827002558047
361,2018-12-02 23:00:00,207.84217378232108,97.0,1.1427028224981555
363,2018-12-02 21:00:00,216.83804489117594,99.4,1.181469264498752
364,2018-12-02 20:00:00,208.9776991023155,95.7,1.1836750167431087
365,2018-12-02 19:00:00,199.76238611276528,94.9,1.1049777251081694
366,2018-12-02 18:00:00,203.33370417487959,94.5,1.151679409257985
367,2018-12-02 17:00:00,208.0647674058284,97.6,1.13181114145316
368,2018-12-02 16:00:00,201.16562251199343,94.8,1.1220002374682851
369,2018-12-02 15:00:00,197.37568891629246,94.0,1.0997413714499198
370,2018-12-02 14:00:00,208.25280227262306,101.3,1.0558025890683422
371,2018-12-02 13:00:00,186.60006206349112,91.8,1.0326804146349795
372,2018-12-02 12:00:00,171.75650178793614,87.8,0.9562243939400473
373,2018-12-02 11:00:00,163.7347361477942,80.5,1.0339718776123503
374,2018-12-02 10:00:00,151.56392508874126,82.9,0.8282741265228136
375,2018-12-02 09:00:00,146.1046875745258,84.1,0.7372733362012581
376,2018-12-02 08:00:00,164.43033498681234,87.4,0.8813539472175324
377,2018-12-02 07:00:00,172.98505987842265,92.1,0.8782308347277161
378,2018-12-02 06:00:00,185.4527711764314,100.9,0.8379858392114113
379,2018-12-02 05:00:00,184.05446022267614,94.9,0.9394569043485367
380,2018-12-02 04:00:00,191.3844850940007,99.0,0.9331766171111181
381,2018-12-02 03:00:00,209.23124722268273,100.1,1.0902222499768506
382,2018-12-02 02:00:00,200.43190222477554,99.4,1.0164175274122287
383,2018-12-02 01:00:00,207.3337052104435,100.7,1.058924580044126
384,2018-12-02 00:00:00,207.34692033237917,98.5,1.1050448764708545
385,2018-12-01 23:00:00,202.8962162807338,100.2,1.0249123381310759
386,2018-12-01 22:00:00,201.72767376931196,100.5,1.0072405350180296
387,2018-12-01 21:00:00,202.42647647558607,97.0,1.0868708915008873
388,2018-12-01 20:00:00,187.24387365097672,91.8,1.039693612755738
389,2018-12-01 19:00:00,198.23620350080196,89.9,1.20507456619357
390,2018-12-01 18:00:00,204.22343663408168,91.2,1.2392920683561588
391,2018-12-01 17:00:00,224.54479258353098,103.0,1.180046529937194
392,2018-12-01 16:00:00,218.28600990488445,102.5,1.129619608828141
393,2018-12-01 15:00:00,198.42879587795068,91.2,1.175754340767003
394,2018-12-01 14:00:00,202.31086937399118,90.8,1.2280932750439557
395,2018-12-01 13:00:00,193.87958640701308,92.4,1.098263922153821
396,2018-12-01 12:00:00,183.25990334371534,89.3,1.0521825682386936
397,2018-12-01 11:00:00,133.68779010525435,66.2,1.019453022737981
398,2018-12-01 10:00:00,115.71576247801843,59.1,0.9579655241627484
399,2018-12-01 09:00:00,109.28952279999768,59.0,0.8523647932202997
400,2018-12-01 08:00:00,102.75529607480608,58.6,0.7535033459864519
401,2018-12-01 07:00:00,104.1187257549666,57.1,0.8234452846754221
402,2018-12-01 06:00:00,115.25008688744298,59.7,0.9304872175451083
403,2018-12-01 05:00:00,124.93473965595413,59.2,1.1103841158100358
404,2018-12-01 04:00:00,143.568865617317,68.9,1.0837280931395787
405,2018-12-01 03:00:00,158.9155752864659,80.1,0.9839647351618714
406,2018-12-01 02:00:00,169.04191332735172,80.2,1.1077545302662308
407,2018-12-01 01:00:00,172.26935504666213,84.8,1.0314782434747893
408,2018-12-01 00:00:00,169.71542035383698,81.7,1.0773001267299507
409,2018-11-30 23:00:00,159.85717164932362,82.8,0.9306421696778215
410,2018-11-30 22:00:00,160.458707367116,82.2,0.9520524010598054
411,2018-11-30 21:00:00,153.3012028549701,80.8,0.8972921145417091
412,2018-11-30 20:00:00,151.4058847175808,79.0,0.916530186298491
413,2018-11-30 19:00:00,148.45393250363725,79.3,0.8720546343459931
414,2018-11-30 18:00:00,140.9196070640267,75.1,0.8764261925968937
415,2018-11-30 17:00:00,135.029121921081,71.6,0.8858815910765506
416,2018-11-30 16:00:00,129.60508522856546,66.3,0.9548278315017416
417,2018-11-30 15:00:00,126.91396384121617,66.1,0.9200297101545565
418,2018-11-30 14:00:00,121.92469916775595,66.1,0.8445491553367013
419,2018-11-30 13:00:00,106.62570560858042,59.6,0.7890219061842352
420,2018-11-30 12:00:00,86.311722026193,53.1,0.6254561586853671
421,2018-11-30 11:00:00,78.65186526740199,52.2,0.5067407139349039
422,2018-11-30 10:00:00,81.02172380434608,54.1,0.49762890581046354
423,2018-11-30 09:00:00,75.30775120020954,54.1,0.39201018854361436
424,2018-11-30 08:00:00,81.99451513842932,54.1,0.5156102613388044
425,2018-11-30 07:00:00,74.83192382705055,52.4,0.42809014937119366
426,2018-11-30 06:00:00,75.32547345493535,52.0,0.4485667972102952
427,2018-11-30 05:00:00,75.15737620744859,52.7,0.42613617091932804
428,2018-11-30 04:00:00,76.68763911152783,52.3,0.46630285108083813
429,2018-11-30 03:00:00,76.01787317302681,52.6,0.4452067143160991
430,2018-11-30 02:00:00,74.59092414215941,51.2,0.4568539871515509
431,2018-11-30 01:00:00,73.9931821458963,50.8,0.45655870365937606
432,2018-11-30 00:00:00,66.3905615957242,48.7,0.36325588492246796
433,2018-11-29 23:00:00,61.454829890385476,46.8,0.31313739082020253
434,2018-11-29 22:00:00,58.06887816928563,45.6,0.27344031072994807
435,2018-11-29 21:00:00,50.86763955793653,41.3,0.231661974768439
436,2018-11-29 20:00:00,47.986502937069595,39.9,0.20266924654309768
437,2018-11-29 19:00:00,49.17505615070346,40.0,0.22937640376758656
438,2018-11-29 18:00:00,52.61256602094708,43.7,0.20394887919787355
439,2018-11-29 17:00:00,49.47007751226192,41.3,0.1978227000547682
440,2018-11-29 16:00:00,46.10157879529769,37.9,0.21640049591814492
441,2018-11-29 15:00:00,46.475494672459,39.8,0.16772599679545233
442,2018-11-29 14:00:00,46.37963758599327,37.2,0.2467644512363782
443,2018-11-29 13:00:00,49.156600753201516,40.1,0.22585039284791808
444,2018-11-29 12:00:00,47.81650524761834,39.3,0.21670496813278223
445,2018-11-29 11:00:00,48.60566554532051,37.7,0.28927494815173765
446,2018-11-29 10:00:00,43.946005591929556,36.8,0.19418493456330324
447,2018-11-29 09:00:00,38.16192628402949,32.7,0.16703138483270605
451,2018-11-29 05:00:00,46.74604607261329,36.9,0.2668305168729889
452,2018-11-29 04:00:00,55.41106576303645,44.0,0.2593424037053738
453,2018-11-29 03:00:00,61.59415248420572,44.6,0.38103480906290854
454,2018-11-29 02:00:00,62.00143555993137,45.3,0.3686851116982644
455,2018-11-29 01:00:00,63.11190176732081,46.3,0.363108029531767
456,2018-11-29 00:00:00,61.12741893189639,46.4,0.31740127008397406
457,2018-11-28 23:00:00,58.67026440585806,44.5,0.3184329079968104
458,2018-11-28 22:00:00,55.708491596644045,43.7,0.2747938580467744
459,2018-11-28 21:00:00,51.916918622518224,42.4,0.22445562788958082
460,2018-11-28 20:00:00,50.05050627749834,39.2,0.27679862952801887
461,2018-11-28 19:00:00,45.841711383405865,36.8,0.24569867889689861
462,2018-11-28 18:00:00,41.514781766396595,32.4,0.28132042488878384
463,2018-11-28 17:00:00,39.7835854811417,31.7,0.25500269656598423
464,2018-11-28 16:00:00,38.73214563266735,31.4,0.23350782269641238
465,2018-11-28 15:00:00,40.960200322632886,33.0,0.24121819159493593
466,2018-11-28 14:00:00,45.452696451001074,33.3,0.3649458393694017
467,2018-11-28 13:00:00,48.78959356111971,37.4,0.3045345871957142
468,2018-11-28 12:00:00,61.838145268962116,44.1,0.4022255163029958
469,2018-11-28 11:00:00,69.33556943593135,46.1,0.5040253673737819
470,2018-11-28 10:00:00,73.78588607545956,48.9,0.5089138256740197
471,2018-11-28 09:00:00,72.3207749894488,50.3,0.4377887671858608
472,2018-11-28 08:00:00,59.9150222333264,45.5,0.316813675457723
473,2018-11-28 07:00:00,53.66030864421289,41.2,0.30243467583040984
474,2018-11-28 06:00:00,49.265888660121895,37.7,0.3067874976159653
475,2018-11-28 05:00:00,47.55734819887585,39.0,0.21941918458656026
476,2018-11-28 04:00:00,44.73693177532888,36.9,0.212382974941162
477,2018-11-28 03:00:00,40.37989043692702,35.6,0.13426658530693872
478,2018-11-28 02:00:00,40.729790659560244,36.0,0.13138307387667345
479,2018-11-28 01:00:00,38.14666506416626,35.8,0.06554930346833128
480,2018-11-28 00:00:00,36.20523965709998,34.0,0.0648599899147053
481,2018-11-27 23:00:00,37.115054970283474,30.0,0.2371684990094491
503,2018-11-27 01:00:00,198.44540322566618,75.2,1.638901638639178
504,2018-11-27 00:00:00,389.67375604171355,172.5,1.2589782958939915
505,2018-11-26 23:00:00,421.2319040448826,189.8,1.2193461751574424
506,2018-11-26 22:00:00,428.0842328211447,191.7,1.2330945895730034
507,2018-11-26 21:00:00,428.5812851410701,194.7,1.2012392662612745
508,2018-11-26 20:00:00,384.49619119495657,182.3,1.1091398310200578
509,2018-11-26 19:00:00,339.63346198983766,157.7,1.1536681166127944
510,2018-11-26 18:00:00,326.4823977757742,152.7,1.1380641635610622
511,2018-11-26 17:00:00,314.3424623631244,138.8,1.264715146708389
512,2018-11-26 16:00:00,306.4395541061439,138.0,1.220576479030028
513,2018-11-26 15:00:00,325.2651520120202,149.1,1.1815234876728387
514,2018-11-26 14:00:00,372.00235040018026,160.4,1.3192166483801762
515,2018-11-26 13:00:00,378.7794544356316,162.5,1.330950488834656
516,2018-11-26 12:00:00,353.3178534303953,158.2,1.2333619053754445
517,2018-11-26 11:00:00,325.2215265814679,153.2,1.1228559176336028
518,2018-11-26 10:00:00,323.40754994890506,153.5,1.1068895762143651
519,2018-11-26 09:00:00,284.6659048815155,145.0,0.9632131371138998
520,2018-11-26 08:00:00,256.45676111577643,137.6,0.8637846011320962
521,2018-11-26 07:00:00,239.04709290577264,129.6,0.8444991736556532
522,2018-11-26 06:00:00,209.8831262833721,116.6,0.8000268120357813
523,2018-11-26 05:00:00,194.54336834360922,106.3,0.8301351678608582
524,2018-11-26 04:00:00,224.32715547820172,121.4,0.8478348886178065
525,2018-11-26 03:00:00,229.9415745666378,129.9,0.7701429912751176
526,2018-11-26 02:00:00,196.93457753764878,106.8,0.8439567185173107
527,2018-11-26 01:00:00,179.0632531019548,100.6,0.7799528141347398
528,2018-11-26 00:00:00,166.31780744106032,93.7,0.7750032811212414
529,2018-11-25 23:00:00,147.8616295358488,84.3,0.7539932329282184
530,2018-11-25 22:00:00,146.39560110732307,78.9,0.8554575552258944
531,2018-11-25 21:00:00,135.2639519405208,81.4,0.6617193113086092
532,2018-11-25 20:00:00,112.94483526167271,69.8,0.618120849021099
533,2018-11-25 19:00:00,86.66919847457288,55.6,0.5587985337153395
534,2018-11-25 18:00:00,67.72825398037412,49.1,0.37939417475303705
535,2018-11-25 17:00:00,57.67556241427758,44.9,0.2845336840596343
536,2018-11-25 16:00:00,50.47806536186264,41.6,0.21341503273708265
537,2018-11-25 15:00:00,50.31577507235892,40.2,0.2516361958298237
538,2018-11-25 14:00:00,58.172797944930274,44.9,0.2956079720474449
539,2018-11-25 13:00:00,53.356580321577,44.3,0.20443747904237025
540,2018-11-25 12:00:00,62.30054130856936,43.3,0.4388115775651123
541,2018-11-25 11:00:00,75.46911828415696,48.1,0.5690045381321613
542,2018-11-25 10:00:00,93.83706411638924,55.7,0.6846869679782628
543,2018-11-25 09:00:00,118.96384569554736,61.3,0.9406826377740191
544,2018-11-25 08:00:00,151.72752628722725,80.5,0.8848139911456802
545,2018-11-25 07:00:00,166.87229587448124,91.6,0.8217499549615856
546,2018-11-25 06:00:00,171.5008689965398,94.7,0.8109912248842639
547,2018-11-25 05:00:00,178.59821117575075,95.4,0.872098649640993
548,2018-11-25 04:00:00,179.43212412756978,94.8,0.8927439253963058
549,2018-11-25 03:00:00,164.3532571207709,95.9,0.7137983015721678
550,2018-11-25 02:00:00,163.52580430797255,94.1,0.7377875059295702
551,2018-11-25 01:00:00,165.70084796123245,95.2,0.740555125643198
552,2018-11-25 00:00:00,165.37482307178945,91.5,0.8073751155386825
553,2018-11-24 23:00:00,163.76297749862064,92.6,0.7684986770909358
554,2018-11-24 22:00:00,161.74798369714657,90.9,0.7794057612447366
555,2018-11-24 21:00:00,165.7982224962343,91.8,0.8060808550788051
556,2018-11-24 20:00:00,182.0493459898681,94.0,0.9366951701049798
557,2018-11-24 19:00:00,185.92383536553683,96.4,0.9286704913437429
558,2018-11-24 18:00:00,178.70853067619103,95.8,0.865433514365251
559,2018-11-24 17:00:00,167.5687839916413,91.0,0.841415208699355
560,2018-11-24 16:00:00,120.94574860713799,67.6,0.7891382930049999
561,2018-11-24 15:00:00,129.4482828474951,69.4,0.8652490323846556
562,2018-11-24 14:00:00,125.22023261853961,73.4,0.7059977195986322
563,2018-11-24 13:00:00,135.4595308371678,74.3,0.8231430799080457
564,2018-11-24 12:00:00,120.35312153491613,68.2,0.7647085269049285
565,2018-11-24 11:00:00,85.2615253667101,54.4,0.5673074515939358
566,2018-11-24 10:00:00,48.17587730019147,38.1,0.2644587217898024
567,2018-11-24 09:00:00,58.431009291370906,42.1,0.38790995941498585
568,2018-11-24 08:00:00,48.39639857470325,39.9,0.21294232016800124
569,2018-11-24 07:00:00,40.278870271332195,37.1,0.08568383480679767
570,2018-11-24 06:00:00,33.81880540247671,35.5,0.04735759429643063
571,2018-11-24 05:00:00,56.76886851605484,46.0,0.23410583730553994
572,2018-11-24 04:00:00,77.47563293905698,51.5,0.5043812221176113
573,2018-11-24 03:00:00,95.12890170754257,56.0,0.6987303876346888
574,2018-11-24 02:00:00,103.3416629146377,59.4,0.7397586349265606
575,2018-11-24 01:00:00,93.94841327521374,58.2,0.6142339050724009
576,2018-11-24 00:00:00,91.42473302774306,57.9,0.5790109331216419
577,2018-11-23 23:00:00,93.31298089321841,58.4,0.5978250152948358
578,2018-11-23 22:00:00,102.176899005098,59.9,0.7057913022553922
579,2018-11-23 21:00:00,98.96971738026494,61.6,0.6066512561731321
580,2018-11-23 20:00:00,95.35972514543735,58.4,0.6328720059150232
581,2018-11-23 19:00:00,84.9224119436225,58.3,0.4566451448305748
582,2018-11-23 18:00:00,91.96658795688279,58.4,0.5747703417274451
583,2018-11-23 17:00:00,88.50008499329793,55.3,0.6003632006021327
584,2018-11-23 16:00:00,79.37061296663072,51.7,0.5352149509986598
585,2018-11-23 15:00:00,65.11596718241258,49.2,0.3234952679352149
586,2018-11-23 14:00:00,58.97434223015203,46.9,0.2574486616237108
587,2018-11-23 13:00:00,50.27855672466176,42.3,0.1886183622851481
588,2018-11-23 12:00:00,47.68867394542975,41.0,0.16313838891292068
589,2018-11-23 11:00:00,44.4331963193079,37.5,0.1848852351815441
590,2018-11-23 10:00:00,48.544125402238755,39.3,0.23521947588393788
591,2018-11-23 09:00:00,57.360025799000425,43.3,0.3247119122171
592,2018-11-23 08:00:00,74.37405582133434,47.9,0.552694276019506
593,2018-11-23 07:00:00,81.8006914027877,52.2,0.5670630536932509
594,2018-11-23 06:00:00,92.54351826019672,56.7,0.6321608158764853
595,2018-11-23 05:00:00,93.22803648775242,58.8,0.5855108246216398
596,2018-11-23 04:00:00,71.3871221074657,51.2,0.3942797286614394
597,2018-11-23 03:00:00,74.52243864204577,51.3,0.45267911582935233
598,2018-11-23 02:00:00,75.45826002896271,55.4,0.3620624553964389
599,2018-11-23 01:00:00,68.18451984492445,51.8,0.3163034719097385
600,2018-11-23 00:00:00,60.78643656383383,48.8,0.24562370007856218
601,2018-11-22 23:00:00,52.88684423323498,45.6,0.159799215641118
602,2018-11-22 22:00:00,48.65347250018579,42.7,0.1394255854844447
603,2018-11-22 21:00:00,46.77539663676664,40.0,0.1693849159191659
604,2018-11-22 20:00:00,42.83613292965417,36.4,0.17681683872676296
605,2018-11-22 19:00:00,35.570459979895084,35.0,0.016298856568430966
616,2018-11-22 08:00:00,68.3026489845251,53.2,0.2838843794083666
617,2018-11-22 07:00:00,65.8996335085572,51.3,0.2845932457808422
618,2018-11-22 06:00:00,60.40380935797831,47.8,0.26367802004138735
619,2018-11-22 05:00:00,57.57451319418112,47.7,0.20701285522392282
620,2018-11-22 04:00:00,53.63366069354267,45.6,0.176176769595234
621,2018-11-22 03:00:00,53.179902368073776,45.4,0.17136348828356338
622,2018-11-22 02:00:00,50.43593731720605,43.6,0.15678755314692766
623,2018-11-22 01:00:00,47.98419233807969,43.6,0.10055487013944232
624,2018-11-22 00:00:00,45.08541305543485,42.4,0.06333521357157665
625,2018-11-21 23:00:00,44.65021106047447,40.8,0.09436791814888411
626,2018-11-21 22:00:00,41.6248623164819,38.2,0.08965608158329579
627,2018-11-21 21:00:00,35.352184515824746,37.9,0.0672246829597692
628,2018-11-21 20:00:00,30.331358972792682,32.7,0.07243550541918413
642,2018-11-21 06:00:00,37.49706322189993,40.1,0.06491114159850556
643,2018-11-21 05:00:00,43.68766098476595,40.0,0.0921915246191487
644,2018-11-21 04:00:00,41.93325833839395,37.0,0.13333130644307967
645,2018-11-21 03:00:00,46.07418463438257,39.7,0.16055880691139962
646,2018-11-21 02:00:00,62.44238744990489,48.5,0.287471906183606
647,2018-11-21 01:00:00,75.56585820255455,52.8,0.43117155686656355
648,2018-11-21 00:00:00,54.250465205226305,42.8,0.26753423376696983
649,2018-11-20 23:00:00,36.26515810675257,32.0,0.1332861908360179
650,2018-11-20 22:00:00,36.60902076258735,31.1,0.17713893127290506
663,2018-11-20 09:00:00,39.85609137754483,31.8,0.2533362068410323
664,2018-11-20 08:00:00,68.73714477742534,51.3,0.3399053562850945
665,2018-11-20 07:00:00,87.61179902658239,59.6,0.46999662796279174
666,2018-11-20 06:00:00,82.11285857108449,59.3,0.3847025054145783
667,2018-11-20 05:00:00,71.50187439630176,53.3,0.3414985815441231
668,2018-11-20 04:00:00,54.98379220715352,46.6,0.17990970401616993
669,2018-11-20 03:00:00,51.8943185470818,45.6,0.1380333014710921
670,2018-11-20 02:00:00,56.70467023463929,46.3,0.22472289923626979
671,2018-11-20 01:00:00,53.86818936866931,43.8,0.22986733718423097
672,2018-11-20 00:00:00,56.00218961945414,45.5,0.2308173542737174
673,2018-11-19 23:00:00,66.77675668947667,51.9,0.28664271077989734
674,2018-11-19 22:00:00,96.9135428350495,65.3,0.4841277616393492
676,2018-11-19 20:00:00,134.7744646555647,85.5,0.5763095281352598
677,2018-11-19 19:00:00,130.13722143416436,80.6,0.6146057249896324
678,2018-11-19 18:00:00,126.48053236786045,79.2,0.5969764187861167
679,2018-11-19 17:00:00,117.24628958981548,72.6,0.6149626665263841
712,2018-11-18 08:00:00,100.33889485490826,67.9,0.47774513777479016
713,2018-11-18 07:00:00,101.25676458590804,65.4,0.54826857164997
714,2018-11-18 06:00:00,100.8790085426153,67.8,0.48789098145450294
715,2018-11-18 05:00:00,101.72320958644664,65.6,0.5506586827202233
716,2018-11-18 04:00:00,107.27043262755355,68.9,0.5569003284115173
717,2018-11-18 03:00:00,104.72341194470633,67.2,0.5583841063200345
718,2018-11-18 02:00:00,97.99414157974961,65.7,0.4915394456582893
719,2018-11-18 01:00:00,94.03603572672105,60.2,0.5620603941315789
720,2018-11-18 00:00:00,89.71008489344295,60.4,0.4852663061828304
