,时间,丰台街道,丰台街道_root,相对偏差
12,2018-12-17 12:00:00,42.512262486941744,43.6,0.024948108097666462
13,2018-12-17 11:00:00,44.00319368759091,44.5,0.011164186795709928
14,2018-12-17 10:00:00,42.62038924247292,44.4,0.04008132336772705
15,2018-12-17 09:00:00,33.841030127510116,42.9,0.21116479889253806
30,2018-12-16 18:00:00,111.23220154878327,111.2,0.00028958227323078216
31,2018-12-16 17:00:00,106.9955319695501,115.8,0.07603167556519773
32,2018-12-16 16:00:00,52.24506228977657,49.3,0.059737571800741844
33,2018-12-16 15:00:00,33.868907086311395,33.3,0.01708429688622818
34,2018-12-16 14:00:00,72.92230671584993,69.3,0.05226993817965268
35,2018-12-16 13:00:00,93.81412802503537,83.1,0.1289305418175136
36,2018-12-16 12:00:00,111.22334286094629,108.2,0.027942170618727228
37,2018-12-16 11:00:00,123.41925699249084,117.2,0.053065332700433794
38,2018-12-16 10:00:00,122.73892351231274,116.4,0.05445810577588257
39,2018-12-16 09:00:00,128.3902174782467,122.2,0.05065644417550498
40,2018-12-16 08:00:00,124.27192105723213,122.7,0.012811092560979067
41,2018-12-16 07:00:00,123.05893735296813,121.3,0.014500720139885676
42,2018-12-16 06:00:00,121.0307739741912,121.7,0.005498981313137198
43,2018-12-16 05:00:00,124.49173528181807,114.7,0.08536822390425512
44,2018-12-16 04:00:00,126.69649846733466,120.8,0.0488120734050883
45,2018-12-16 03:00:00,137.3253595999534,123.7,0.11014842037149068
46,2018-12-16 02:00:00,131.05503765863088,143.0,0.08353120518439944
47,2018-12-16 01:00:00,132.8194995410407,142.8,0.06989145979663383
48,2018-12-16 00:00:00,138.67528743606218,148.4,0.0655304081127886
49,2018-12-15 23:00:00,143.79949832304467,146.0,0.015071929294214565
50,2018-12-15 22:00:00,138.74939027329708,147.8,0.06123551912518897
51,2018-12-15 21:00:00,139.29146047290584,145.6,0.04332788136740491
52,2018-12-15 20:00:00,135.1690261609634,142.5,0.051445430449379666
53,2018-12-15 19:00:00,116.72071562301358,123.4,0.0541271019204735
54,2018-12-15 18:00:00,99.86140044571421,106.6,0.0632138794961143
55,2018-12-15 17:00:00,100.32784122072786,107.0,0.062356624105347085
56,2018-12-15 16:00:00,104.60457059537843,108.4,0.035013186389497894
57,2018-12-15 15:00:00,98.88660793030732,103.7,0.04641650983310205
58,2018-12-15 14:00:00,96.86718191847325,101.0,0.040918990906205446
59,2018-12-15 13:00:00,102.37199699163192,100.2,0.02167661668295324
60,2018-12-15 12:00:00,99.36918477146664,92.4,0.0754240776132752
61,2018-12-15 11:00:00,90.9717400913717,90.0,0.010797112126352223
62,2018-12-15 10:00:00,99.92025946956444,90.5,0.10409126485706566
63,2018-12-15 09:00:00,96.39047162193675,88.4,0.0903899504743976
64,2018-12-15 08:00:00,96.2409486956874,85.2,0.12958859971464073
65,2018-12-15 07:00:00,92.76759881867731,82.3,0.12718832100458466
66,2018-12-15 06:00:00,90.26628768007033,85.2,0.0594634704233607
67,2018-12-15 05:00:00,89.73384215561377,80.2,0.11887583735179262
68,2018-12-15 04:00:00,88.98762724820479,79.2,0.12358115212379779
69,2018-12-15 03:00:00,97.3367355985913,84.7,0.14919404484759505
70,2018-12-15 02:00:00,94.70078170122167,88.4,0.0712758110997926
71,2018-12-15 01:00:00,105.19053481387937,94.2,0.1166723440963839
72,2018-12-15 00:00:00,105.29492192004672,91.6,0.1495078812232175
74,2018-12-14 22:00:00,78.87444590961667,79.0,0.0015892922833333177
75,2018-12-14 21:00:00,72.99071984908139,73.9,0.012304196900116627
76,2018-12-14 20:00:00,66.20463191470105,64.9,0.02010218666719642
77,2018-12-14 19:00:00,59.93130461784907,60.6,0.011034577263216652
78,2018-12-14 18:00:00,53.61711789083964,54.0,0.00709040942889561
79,2018-12-14 17:00:00,65.62767938730784,63.3,0.03677218621339398
80,2018-12-14 16:00:00,88.84555826873319,87.1,0.020040852683503918
81,2018-12-14 15:00:00,93.14655988610644,93.8,0.006966312514856633
82,2018-12-14 14:00:00,89.25715205231494,79.1,0.12840900192559979
83,2018-12-14 13:00:00,84.11561991539027,73.0,0.15226876596425026
84,2018-12-14 12:00:00,52.717828063684095,46.6,0.13128386402755565
85,2018-12-14 11:00:00,37.227809529068864,41.1,0.09421388007131722
86,2018-12-14 10:00:00,33.3133323302281,37.9,0.12102025513910024
87,2018-12-14 09:00:00,31.583843520675362,36.1,0.12510128751591798
90,2018-12-14 06:00:00,31.501310497867262,36.7,0.14165366490824904
91,2018-12-14 05:00:00,34.996301628349364,38.0,0.0790446939908062
92,2018-12-14 04:00:00,34.65371656792535,35.2,0.015519415683938985
93,2018-12-14 03:00:00,35.09934307715393,35.8,0.019571422425867735
94,2018-12-14 02:00:00,34.51088784928107,36.0,0.0413642264088592
95,2018-12-14 01:00:00,34.011529721087996,36.2,0.06045498008044218
96,2018-12-14 00:00:00,31.102118689689068,31.6,0.015755737668067527
119,2018-12-13 01:00:00,30.352365877294076,41.4,0.26685106576584355
120,2018-12-13 00:00:00,38.903199136490755,36.8,0.05715215044811844
121,2018-12-12 23:00:00,63.86343232237562,57.8,0.10490367339750217
122,2018-12-12 22:00:00,82.7289818767629,68.3,0.2112588854577292
123,2018-12-12 21:00:00,98.38911764249069,79.7,0.2344933204829446
124,2018-12-12 20:00:00,64.64508568331783,64.9,0.003927801489709938
125,2018-12-12 19:00:00,50.96395528487577,49.7,0.025431695872751917
126,2018-12-12 18:00:00,31.845626709700415,47.8,0.3337734997970624
127,2018-12-12 17:00:00,39.22864835853735,44.0,0.10843981003324207
128,2018-12-12 16:00:00,37.273998572931404,41.2,0.09529129677350967
129,2018-12-12 15:00:00,41.667358226796395,42.5,0.019591571134202467
134,2018-12-12 10:00:00,31.291529910127107,62.0,0.49529790467536927
135,2018-12-12 09:00:00,31.14577546252675,41.6,0.2513034744584916
136,2018-12-12 08:00:00,31.53726396896921,38.3,0.17657274232456366
137,2018-12-12 07:00:00,28.063418622211458,37.1,0.24357362204281788
138,2018-12-12 06:00:00,31.058825609007073,41.5,0.2515945636383838
139,2018-12-12 05:00:00,37.119688395652645,45.0,0.17511803565216344
140,2018-12-12 04:00:00,35.97257718919819,39.1,0.07998523812792355
141,2018-12-12 03:00:00,30.015237054418197,38.6,0.22240318511869958
142,2018-12-12 02:00:00,28.09569577199738,39.7,0.2922998546096378
143,2018-12-12 01:00:00,27.77248834231104,38.2,0.27297150936358544
162,2018-12-11 06:00:00,21.65394885783038,31.1,0.3037315479797306
163,2018-12-11 05:00:00,44.13829312053493,50.6,0.12770171698547567
164,2018-12-11 04:00:00,66.05423701978991,71.8,0.08002455404192324
165,2018-12-11 03:00:00,70.35751614970653,76.2,0.07667301640805087
166,2018-12-11 02:00:00,71.82647873423832,76.6,0.06231750999688868
167,2018-12-11 01:00:00,80.0510847831252,80.2,0.0018567982153964812
168,2018-12-11 00:00:00,88.83747627668963,86.2,0.030597172583406326
169,2018-12-10 23:00:00,90.19324646702951,85.2,0.058606179190487176
170,2018-12-10 22:00:00,85.84005757488366,78.8,0.08934083216857439
171,2018-12-10 21:00:00,79.62535104246328,77.5,0.027423884418881023
172,2018-12-10 20:00:00,66.43293681465572,72.5,0.08368363014267974
174,2018-12-10 18:00:00,60.97507619893158,66.0,0.07613520910709724
175,2018-12-10 17:00:00,60.7348527619205,62.3,0.025122748604807336
176,2018-12-10 16:00:00,61.32569216249962,64.8,0.053615861689820625
177,2018-12-10 15:00:00,61.31260107997395,64.4,0.0479409770190381
178,2018-12-10 14:00:00,62.63291285816899,66.1,0.052452150405915304
179,2018-12-10 13:00:00,65.20276696981652,66.1,0.013573873376451917
180,2018-12-10 12:00:00,63.969304354585304,63.8,0.0026536732693621824
181,2018-12-10 11:00:00,53.31431174484105,60.2,0.11438020357406899
182,2018-12-10 10:00:00,47.557341883553484,56.3,0.1552870002921228
183,2018-12-10 09:00:00,54.69172328446147,59.2,0.0761533228976104
184,2018-12-10 08:00:00,50.571217576341134,59.4,0.14863270073499774
185,2018-12-10 07:00:00,46.49766893144709,55.6,0.16371099044159917
186,2018-12-10 06:00:00,45.74778196070307,56.7,0.1931608119805455
187,2018-12-10 05:00:00,49.70934612820084,60.3,0.17563273419235748
188,2018-12-10 04:00:00,51.27279637157894,58.6,0.12503760458056415
189,2018-12-10 03:00:00,49.38571678410967,54.2,0.08882441357731244
190,2018-12-10 02:00:00,48.05361424685927,56.0,0.14189974559179877
191,2018-12-10 01:00:00,69.7696267636262,68.5,0.018534697279214692
192,2018-12-10 00:00:00,80.15176700673406,77.1,0.039581932642465206
193,2018-12-09 23:00:00,92.5989802732556,86.5,0.07050844246538272
194,2018-12-09 22:00:00,123.99846386816034,117.9,0.05172573255437096
195,2018-12-09 21:00:00,103.29108068816917,115.2,0.10337603569297595
196,2018-12-09 20:00:00,101.66642765577988,108.2,0.06038421759907688
197,2018-12-09 19:00:00,109.08007584330984,115.2,0.05312434163793542
198,2018-12-09 18:00:00,81.98803583155608,99.4,0.17517066567851036
199,2018-12-09 17:00:00,70.04602207078058,71.2,0.016207555185666047
200,2018-12-09 16:00:00,82.18501117557834,87.5,0.06074272942196184
201,2018-12-09 15:00:00,67.01760717816991,73.4,0.08695358067888412
202,2018-12-09 14:00:00,55.27488745558784,51.2,0.07958764561694989
203,2018-12-09 13:00:00,42.55810652032835,42.8,0.005651716814758076
204,2018-12-09 12:00:00,32.92966048816599,43.2,0.23773934055171317
205,2018-12-09 11:00:00,35.638600740328506,52.1,0.3159577593027158
206,2018-12-09 10:00:00,10.33584877017985,44.8,0.7692890899513426
207,2018-12-09 09:00:00,7.950700691435221,49.5,0.8393797840114097
208,2018-12-09 08:00:00,9.4386525383928,48.5,0.8053886074558185
209,2018-12-09 07:00:00,11.024801015914054,48.8,0.7740819463952039
210,2018-12-09 06:00:00,11.959944595131832,50.0,0.7608011080973633
211,2018-12-09 05:00:00,13.188522958486752,58.0,0.7726116731295388
212,2018-12-09 04:00:00,15.932593255581592,74.5,0.7861396878445424
213,2018-12-09 03:00:00,17.41858353922963,68.9,0.747190369532226
214,2018-12-09 02:00:00,16.248530466828658,66.9,0.7571221155929947
215,2018-12-09 01:00:00,16.32374596349463,64.8,0.7480903400695273
217,2018-12-08 23:00:00,46.96994580365567,52.1,0.09846553159969927
218,2018-12-08 22:00:00,11.76926883498305,45.3,0.7401927409496015
219,2018-12-08 21:00:00,10.416884643501357,40.3,0.741516510086815
220,2018-12-08 20:00:00,9.97691897920913,37.6,0.7346564101274168
221,2018-12-08 19:00:00,9.046560174847382,34.6,0.7385387232703069
286,2018-12-06 02:00:00,40.906092839249034,33.8,0.21023943311387686
287,2018-12-06 01:00:00,55.35444004114853,48.9,0.13199263887829304
288,2018-12-06 00:00:00,63.20730265375882,51.8,0.2202181979490121
289,2018-12-05 23:00:00,64.21551471019991,52.5,0.223152661146665
290,2018-12-05 22:00:00,63.23283209619833,53.9,0.17315087376991337
291,2018-12-05 21:00:00,72.59726759255128,67.7,0.07233777832424332
292,2018-12-05 20:00:00,74.08085153984376,60.6,0.22245629603702577
293,2018-12-05 19:00:00,76.75237656791003,59.2,0.29649284743091264
294,2018-12-05 18:00:00,71.58775607882446,55.8,0.2829346967531265
295,2018-12-05 17:00:00,67.8551636901556,52.0,0.304906994041454
296,2018-12-05 16:00:00,63.559447228720245,50.6,0.2561155578798467
297,2018-12-05 15:00:00,58.26716986536598,47.2,0.23447393782555032
298,2018-12-05 14:00:00,59.15662266974631,45.0,0.3145916148832514
299,2018-12-05 13:00:00,60.330737287595966,48.7,0.23882417428328465
300,2018-12-05 12:00:00,46.494225438257175,38.5,0.20764221917551104
301,2018-12-05 11:00:00,44.93202880908568,36.8,0.22097904372515442
302,2018-12-05 10:00:00,51.937300810846914,42.2,0.2307417253755192
304,2018-12-05 08:00:00,37.92279159231232,37.0,0.024940313305738433
305,2018-12-05 07:00:00,41.95116266352301,33.3,0.2597946745802706
306,2018-12-05 06:00:00,39.20566670439197,30.1,0.30251384399973325
307,2018-12-05 05:00:00,34.893209334284556,30.4,0.14780293862778152
309,2018-12-05 03:00:00,37.10167521081445,35.9,0.033472847097895546
357,2018-12-03 03:00:00,84.94043923218025,42.5,0.9985985701689472
358,2018-12-03 02:00:00,149.9332351295568,85.3,0.7577167072632686
359,2018-12-03 01:00:00,194.81096207058832,134.3,0.4505656148219531
360,2018-12-03 00:00:00,208.40271448533434,151.1,0.3792370250518488
361,2018-12-02 23:00:00,214.1337992378031,163.8,0.3072881516349394
363,2018-12-02 21:00:00,226.9760232424178,171.1,0.32656939358514203
364,2018-12-02 20:00:00,216.4777703444889,164.7,0.31437626195803836
365,2018-12-02 19:00:00,210.5222202734459,159.3,0.32154563887913296
366,2018-12-02 18:00:00,211.2454352452807,167.2,0.26342963663445407
367,2018-12-02 17:00:00,210.66841349613486,170.0,0.23922596174196978
368,2018-12-02 16:00:00,204.60418510055237,182.4,0.12173347094601077
369,2018-12-02 15:00:00,205.45226905940777,182.0,0.12885862120553718
370,2018-12-02 14:00:00,201.64451962044188,187.3,0.07658579615825879
371,2018-12-02 13:00:00,203.7273687052756,187.9,0.08423293616431933
372,2018-12-02 12:00:00,193.02372970997794,187.7,0.02836297128384632
373,2018-12-02 11:00:00,190.57436624695225,187.5,0.016396619983745343
374,2018-12-02 10:00:00,189.88097544348864,189.7,0.0009540086636196552
375,2018-12-02 09:00:00,195.08122911851422,196.1,0.0051951600279743935
376,2018-12-02 08:00:00,190.9962559420228,187.2,0.02027914498943809
377,2018-12-02 07:00:00,187.97525245171417,185.3,0.014437412043789304
378,2018-12-02 06:00:00,190.37792633722168,188.3,0.011035190319817678
379,2018-12-02 05:00:00,179.86289162587582,176.0,0.021948247874294422
380,2018-12-02 04:00:00,159.92184541317573,151.6,0.05489343940089536
381,2018-12-02 03:00:00,178.29368765963665,164.2,0.08583244616100279
382,2018-12-02 02:00:00,189.61272741121408,172.4,0.09984180632954799
383,2018-12-02 01:00:00,201.68206989307558,173.8,0.16042617890147046
384,2018-12-02 00:00:00,206.99535218595122,181.5,0.14047025997769266
385,2018-12-01 23:00:00,209.74560828379327,180.5,0.1620255306581345
386,2018-12-01 22:00:00,207.56582704228725,172.6,0.2025830071974928
387,2018-12-01 21:00:00,213.35227795932963,182.0,0.17226526351280014
388,2018-12-01 20:00:00,220.73151007033533,194.8,0.1331186348579842
389,2018-12-01 19:00:00,225.30490229755767,202.8,0.11097091862701017
390,2018-12-01 18:00:00,230.34476948645994,200.6,0.14827901040109642
391,2018-12-01 17:00:00,234.6983278673694,210.0,0.11761108508271136
392,2018-12-01 16:00:00,198.67467027125036,175.7,0.13076078697353657
393,2018-12-01 15:00:00,183.82496200489737,162.2,0.13332282370466944
394,2018-12-01 14:00:00,185.6846087243549,164.6,0.12809604328283655
395,2018-12-01 13:00:00,187.23543355680198,164.1,0.14098375110787317
396,2018-12-01 12:00:00,174.20325134386314,156.6,0.11240901241291923
397,2018-12-01 11:00:00,124.7915796285204,111.6,0.11820411853512905
398,2018-12-01 10:00:00,93.90200311734145,86.2,0.08935038419189614
399,2018-12-01 09:00:00,93.64302731798995,87.1,0.07512086473007983
400,2018-12-01 08:00:00,90.73210083245938,89.6,0.012635053933698508
401,2018-12-01 07:00:00,91.56352228386986,88.9,0.029960880583462905
402,2018-12-01 06:00:00,96.21618834055148,91.6,0.05039506921999442
403,2018-12-01 05:00:00,103.68370088918964,104.1,0.0039990308435192785
404,2018-12-01 04:00:00,111.29672853240787,103.8,0.0722228182312897
405,2018-12-01 03:00:00,116.2204372523339,107.3,0.08313548231438861
406,2018-12-01 02:00:00,120.37500257865902,110.1,0.09332427410226184
407,2018-12-01 01:00:00,123.73017523729638,116.0,0.06663944170083086
408,2018-12-01 00:00:00,132.2057312793182,121.1,0.09170711213309832
409,2018-11-30 23:00:00,139.59505537108913,130.1,0.07298274689538153
410,2018-11-30 22:00:00,149.44289297664196,144.2,0.03635848111402198
411,2018-11-30 21:00:00,150.97696087207115,140.4,0.07533447914580584
412,2018-11-30 20:00:00,146.63104853467178,135.3,0.08374758710030868
413,2018-11-30 19:00:00,141.70876322719153,129.0,0.09851754439683354
414,2018-11-30 18:00:00,142.00991708761205,130.4,0.08903310650009238
415,2018-11-30 17:00:00,138.38583668415188,128.5,0.07693258119962555
416,2018-11-30 16:00:00,130.34849892920633,120.5,0.081730281570177
417,2018-11-30 15:00:00,122.78399593477812,110.4,0.11217387622081623
418,2018-11-30 14:00:00,120.89194907436298,112.0,0.0793924024496695
419,2018-11-30 13:00:00,113.29137923115056,101.8,0.11288191779126287
420,2018-11-30 12:00:00,98.56295760973059,86.1,0.14474979802242272
421,2018-11-30 11:00:00,87.2862781357494,76.5,0.14099709981371764
422,2018-11-30 10:00:00,83.08069767988157,71.5,0.16196779971862332
423,2018-11-30 09:00:00,82.54484650323916,71.4,0.1560902871602122
424,2018-11-30 08:00:00,79.55354563510448,70.3,0.1316293831451563
425,2018-11-30 07:00:00,81.52240055427008,75.2,0.08407447545571908
426,2018-11-30 06:00:00,86.21510816470028,77.8,0.10816334401928387
427,2018-11-30 05:00:00,84.67331535477928,75.5,0.12150086562621558
428,2018-11-30 04:00:00,83.35929323436105,68.0,0.22587195932883894
429,2018-11-30 03:00:00,83.90875927129278,69.4,0.20905993186300825
430,2018-11-30 02:00:00,85.89060391613069,74.1,0.15911746175614971
431,2018-11-30 01:00:00,89.69507029183512,77.6,0.1558643078844733
432,2018-11-30 00:00:00,86.11718246642614,75.3,0.14365448162584524
433,2018-11-29 23:00:00,80.77744395016529,73.4,0.10051013556083496
434,2018-11-29 22:00:00,77.18634148064359,67.4,0.1451979448166704
435,2018-11-29 21:00:00,76.59960187189726,66.7,0.14841981816937422
436,2018-11-29 20:00:00,73.03051868209184,60.0,0.2171753113681973
437,2018-11-29 19:00:00,71.90947524474812,57.9,0.24195984878666882
438,2018-11-29 18:00:00,70.11593516840591,57.2,0.22580306238471867
439,2018-11-29 17:00:00,73.14664721684991,59.5,0.22935541540924226
440,2018-11-29 16:00:00,74.45842750506742,60.8,0.2246451892280826
441,2018-11-29 15:00:00,72.17057584671846,58.1,0.24217858600203893
442,2018-11-29 14:00:00,65.85128044308738,50.8,0.29628504809227124
443,2018-11-29 13:00:00,67.08461079980952,53.0,0.2657473735813118
444,2018-11-29 12:00:00,63.63199475110966,48.8,0.30393431867028
445,2018-11-29 11:00:00,65.79684791955668,48.6,0.3538446073982856
446,2018-11-29 10:00:00,64.74782066559533,52.4,0.2356454325495292
447,2018-11-29 09:00:00,70.8772490925933,50.9,0.3924803358073341
448,2018-11-29 08:00:00,69.48184909189621,46.4,0.4974536442219011
449,2018-11-29 07:00:00,58.358776264117935,45.0,0.29686169475817636
450,2018-11-29 06:00:00,69.81734593051323,50.8,0.37435720335655964
451,2018-11-29 05:00:00,81.51685661592305,52.7,0.5468094234520501
452,2018-11-29 04:00:00,84.15164674995115,53.5,0.572927976634601
453,2018-11-29 03:00:00,86.26608746938342,55.6,0.5515483357802773
454,2018-11-29 02:00:00,78.91018877849184,54.0,0.4612997921942934
455,2018-11-29 01:00:00,79.87121191283808,54.8,0.4575038670225927
456,2018-11-29 00:00:00,82.0205216630268,56.2,0.45943988724246965
457,2018-11-28 23:00:00,76.1855216807759,53.0,0.4374626732221869
458,2018-11-28 22:00:00,77.43748785995757,54.2,0.42873593837560087
459,2018-11-28 21:00:00,79.85725712400506,52.1,0.5327688507486575
460,2018-11-28 20:00:00,75.23593819940542,51.5,0.46089200387195
461,2018-11-28 19:00:00,74.40486086862794,49.1,0.5153739484445607
462,2018-11-28 18:00:00,69.69705914484794,54.6,0.27650291474080474
463,2018-11-28 17:00:00,62.01972446629393,47.8,0.29748377544547977
464,2018-11-28 16:00:00,60.248764360516404,47.4,0.2710709780699664
465,2018-11-28 15:00:00,62.25701585180387,48.2,0.2916393330249765
466,2018-11-28 14:00:00,61.23054301535569,48.8,0.2547242421179446
467,2018-11-28 13:00:00,60.13916000414005,48.6,0.23743127580535084
468,2018-11-28 12:00:00,58.193947260232285,47.2,0.2329226114455992
469,2018-11-28 11:00:00,55.24084112359228,45.6,0.21142195446474302
470,2018-11-28 10:00:00,53.02791146628865,36.9,0.4370707714441369
471,2018-11-28 09:00:00,42.45388746010498,34.7,0.2234549700318437
472,2018-11-28 08:00:00,58.14377384997303,53.4,0.08883471629162981
473,2018-11-28 07:00:00,67.69828422968942,55.7,0.2154090525976556
474,2018-11-28 06:00:00,72.11130984908073,53.9,0.3378721678864699
475,2018-11-28 05:00:00,71.25275680636612,52.4,0.3597854352359947
476,2018-11-28 04:00:00,70.26039153745296,51.0,0.3776547360284894
477,2018-11-28 03:00:00,65.04837215898868,48.5,0.34120354966986977
478,2018-11-28 02:00:00,63.6376013701053,47.2,0.3482542663157902
479,2018-11-28 01:00:00,61.4705538938175,45.6,0.3480384625837171
480,2018-11-28 00:00:00,58.92110946056229,44.0,0.33911612410368847
481,2018-11-27 23:00:00,57.921009572757924,40.8,0.4196325875675963
482,2018-11-27 22:00:00,54.06031128547949,37.6,0.4377742363159439
483,2018-11-27 21:00:00,50.461685365655654,34.8,0.4500484300475764
503,2018-11-27 01:00:00,112.5930180261987,52.6,1.1405516735018766
504,2018-11-27 00:00:00,263.28877307401183,221.0,0.19135191436204446
505,2018-11-26 23:00:00,311.90318433492564,276.0,0.1300840012134987
506,2018-11-26 22:00:00,330.4698367681719,305.9,0.0803198325209935
507,2018-11-26 21:00:00,339.97155616094864,301.7,0.12685302008932267
508,2018-11-26 20:00:00,319.8121160878074,280.3,0.14096366781237027
509,2018-11-26 19:00:00,305.5015903048152,254.3,0.20134325719549812
510,2018-11-26 18:00:00,286.69455865939176,235.4,0.21790381758450192
511,2018-11-26 17:00:00,217.9358240871744,173.9,0.2532249803747809
512,2018-11-26 16:00:00,208.90155966512611,164.9,0.26683783908505826
513,2018-11-26 15:00:00,204.20554099628433,179.6,0.13700189864300855
514,2018-11-26 14:00:00,216.4085765611381,181.4,0.19299105050241502
515,2018-11-26 13:00:00,239.0005712046084,226.1,0.05705692704382314
516,2018-11-26 12:00:00,241.4600642348505,221.1,0.0920853199224356
517,2018-11-26 11:00:00,216.26843326700978,208.2,0.03875328178198749
518,2018-11-26 10:00:00,234.19457296117082,223.5,0.047850438305014856
519,2018-11-26 09:00:00,199.57849813009037,185.5,0.07589486862582408
520,2018-11-26 08:00:00,173.9436615030229,159.4,0.09124003452335563
521,2018-11-26 07:00:00,150.88873527386576,131.0,0.15182240667073102
522,2018-11-26 06:00:00,125.49181693721155,127.6,0.016521810836900012
523,2018-11-26 05:00:00,118.10108565495328,170.2,0.30610407958311814
524,2018-11-26 04:00:00,123.55234560640051,132.6,0.0682326877345361
525,2018-11-26 03:00:00,160.9061101785641,171.5,0.06177195231157964
526,2018-11-26 02:00:00,207.36091337531423,179.4,0.1558579340875932
527,2018-11-26 01:00:00,196.43084500211944,175.3,0.1205410439367908
528,2018-11-26 00:00:00,161.63077570453459,149.6,0.08041962369341304
529,2018-11-25 23:00:00,138.39782290461451,127.3,0.08717849885793022
530,2018-11-25 22:00:00,138.11340883643942,122.7,0.12561865392371163
531,2018-11-25 21:00:00,137.54532107972585,123.4,0.11462983046779454
532,2018-11-25 20:00:00,121.47445890860598,111.9,0.08556263546564769
533,2018-11-25 19:00:00,107.36378287792341,94.0,0.14216790295663204
534,2018-11-25 18:00:00,88.5335585980331,74.8,0.18360372457263502
535,2018-11-25 17:00:00,76.20443814928578,62.4,0.22122497034111827
536,2018-11-25 16:00:00,75.86396267076398,64.8,0.17074016467228373
537,2018-11-25 15:00:00,87.16961444256155,74.0,0.1779677627373183
538,2018-11-25 14:00:00,85.64233024438343,72.8,0.17640563522504715
539,2018-11-25 13:00:00,92.23209749788613,80.5,0.14574034158864757
540,2018-11-25 12:00:00,94.070622518584,100.2,0.06117143195025948
541,2018-11-25 11:00:00,96.59387771571095,80.0,0.20742347144638681
542,2018-11-25 10:00:00,115.68679218720571,99.7,0.16034896877839225
543,2018-11-25 09:00:00,111.20194275555221,99.8,0.11424792340232678
544,2018-11-25 08:00:00,103.0596374336181,106.3,0.030483185008296373
545,2018-11-25 07:00:00,114.14769315144042,108.6,0.05108373067624703
546,2018-11-25 06:00:00,136.5497884800913,130.6,0.04555733905123518
547,2018-11-25 05:00:00,140.7206905827313,131.5,0.0701193200207703
548,2018-11-25 04:00:00,144.49836904156405,133.7,0.08076566224056887
549,2018-11-25 03:00:00,142.54177244868424,129.9,0.09731926442405107
550,2018-11-25 02:00:00,148.73307604914166,137.7,0.08012400907147182
551,2018-11-25 01:00:00,170.17413811272942,154.3,0.10287840643376157
552,2018-11-25 00:00:00,188.10362233441708,179.3,0.049099957247167154
553,2018-11-24 23:00:00,195.91237857908348,178.7,0.09631996966470897
554,2018-11-24 22:00:00,202.35405362010698,173.2,0.16832594468883946
555,2018-11-24 21:00:00,201.71265314426444,177.4,0.13704990498457964
556,2018-11-24 20:00:00,191.84447695871262,171.8,0.11667332339180796
557,2018-11-24 19:00:00,182.52240547458288,162.0,0.12668151527520297
558,2018-11-24 18:00:00,166.4356904708975,147.8,0.12608721563530098
559,2018-11-24 17:00:00,133.33308934519815,124.6,0.07008899956017779
560,2018-11-24 16:00:00,129.2919039897634,117.6,0.0994209522939065
561,2018-11-24 15:00:00,114.49343014602348,110.8,0.0333342070940748
562,2018-11-24 14:00:00,108.94126372699024,98.5,0.10600267743137302
563,2018-11-24 13:00:00,126.15358096063898,107.2,0.176805792543274
564,2018-11-24 12:00:00,95.83592345728982,87.6,0.09401739106495238
565,2018-11-24 11:00:00,89.06174767550858,71.5,0.2456188486085117
566,2018-11-24 10:00:00,70.16511537186057,63.7,0.10149317695228513
567,2018-11-24 09:00:00,61.43428987862097,60.4,0.017124004612930042
568,2018-11-24 08:00:00,60.99473297069585,57.4,0.06262600994243643
569,2018-11-24 07:00:00,60.839224653528454,52.9,0.1500798611253016
570,2018-11-24 06:00:00,56.56973343415335,52.9,0.06937114242255861
571,2018-11-24 05:00:00,64.95202304090037,55.6,0.1682018532536038
572,2018-11-24 04:00:00,70.45363669964394,59.5,0.18409473444779725
573,2018-11-24 03:00:00,83.96533505304254,70.4,0.1926894183670814
574,2018-11-24 02:00:00,113.58413785752744,100.4,0.13131611411879912
575,2018-11-24 01:00:00,113.89161520450503,102.7,0.10897385788223006
576,2018-11-24 00:00:00,121.4803186175572,101.4,0.198030755597211
577,2018-11-23 23:00:00,118.93065584339215,102.0,0.16598682199404063
578,2018-11-23 22:00:00,115.21439991159679,102.5,0.1240429259667979
579,2018-11-23 21:00:00,118.68357151969477,100.0,0.18683571519694767
580,2018-11-23 20:00:00,116.0709767607076,96.2,0.2065590099865654
581,2018-11-23 19:00:00,108.85392109723605,90.9,0.1975128833579323
582,2018-11-23 18:00:00,97.16752940960326,87.3,0.11303011923944176
583,2018-11-23 17:00:00,91.37814618105922,86.3,0.05884294531934212
584,2018-11-23 16:00:00,94.10472603989682,80.7,0.16610565105200514
585,2018-11-23 15:00:00,63.10982958723501,65.0,0.029079544811769043
586,2018-11-23 14:00:00,58.62947558757221,60.4,0.02931331808655281
587,2018-11-23 13:00:00,57.71275218535628,58.3,0.010072861314643524
588,2018-11-23 12:00:00,55.51629037784321,56.0,0.00863767182422835
589,2018-11-23 11:00:00,53.859810685017834,54.0,0.002596098425595667
590,2018-11-23 10:00:00,62.77143591404992,56.8,0.10513091397975212
591,2018-11-23 09:00:00,65.74951108258274,55.8,0.17830665022549724
592,2018-11-23 08:00:00,66.60386163473896,57.4,0.16034602151113178
593,2018-11-23 07:00:00,64.13054892290123,71.4,0.1018130402955011
594,2018-11-23 06:00:00,68.88217572725425,73.9,0.06790019313593715
595,2018-11-23 05:00:00,78.89507365181159,72.1,0.09424512693219962
596,2018-11-23 04:00:00,94.62039051129535,83.5,0.13317832947659108
597,2018-11-23 03:00:00,92.62799363560617,79.0,0.17250624855197688
598,2018-11-23 02:00:00,94.57250727214264,79.1,0.19560691873758093
599,2018-11-23 01:00:00,105.67584945593661,85.0,0.24324528771690135
600,2018-11-23 00:00:00,95.3825770291963,82.7,0.15335643324300235
601,2018-11-22 23:00:00,88.93958680232012,74.2,0.1986467224032361
602,2018-11-22 22:00:00,84.8397998548808,73.6,0.15271467194131524
603,2018-11-22 21:00:00,79.75444916181794,65.3,0.22135450477516
604,2018-11-22 20:00:00,56.972120737236736,54.8,0.03963723973059743
605,2018-11-22 19:00:00,42.945636527483735,43.4,0.010469204435858602
606,2018-11-22 18:00:00,34.890628502835995,37.2,0.062079878956021725
607,2018-11-22 17:00:00,29.7686918254973,32.8,0.0924179321494725
620,2018-11-22 04:00:00,33.57935134846513,35.6,0.05675979358244017
621,2018-11-22 03:00:00,49.97915337027653,56.2,0.11069122116945684
622,2018-11-22 02:00:00,60.878907035199816,59.5,0.02317490815461876
623,2018-11-22 01:00:00,55.25791074719766,56.3,0.018509578202528142
624,2018-11-22 00:00:00,39.77796573226772,41.9,0.050645209253753744
625,2018-11-21 23:00:00,34.79628507798798,34.0,0.023420149352587693
626,2018-11-21 22:00:00,49.999124832944254,46.2,0.08223213924121756
627,2018-11-21 21:00:00,52.26398817570721,47.6,0.09798294486779853
628,2018-11-21 20:00:00,44.170362246119446,43.7,0.010763438126303038
629,2018-11-21 19:00:00,37.946156243480964,40.3,0.05840803366052193
630,2018-11-21 18:00:00,32.72684102654126,33.6,0.025986874210081636
631,2018-11-21 17:00:00,31.570162971618615,33.0,0.04332839479943592
643,2018-11-21 05:00:00,25.595851566259153,34.2,0.2515832875362821
644,2018-11-21 04:00:00,32.72072311986554,44.8,0.2696267160744299
650,2018-11-20 22:00:00,64.81577442534238,47.1,0.37613109183317156
651,2018-11-20 21:00:00,58.21598407760677,44.2,0.317103712163049
652,2018-11-20 20:00:00,56.70882539507071,47.8,0.18637710031528693
653,2018-11-20 19:00:00,47.48141504264172,38.0,0.24951092217478213
663,2018-11-20 09:00:00,40.36485702184164,35.6,0.13384429836633807
664,2018-11-20 08:00:00,46.97915146484692,42.9,0.09508511573069751
665,2018-11-20 07:00:00,54.78786025988874,55.9,0.019895165297160292
666,2018-11-20 06:00:00,69.45474704872346,64.5,0.07681778370113894
667,2018-11-20 05:00:00,67.89178967629692,58.4,0.16253064514207063
668,2018-11-20 04:00:00,70.4090846425384,58.5,0.2035740964536479
669,2018-11-20 03:00:00,72.71172017801055,62.1,0.17088116228680436
670,2018-11-20 02:00:00,80.59190291541636,63.7,0.2651790096611672
671,2018-11-20 01:00:00,75.90834902658648,60.7,0.25054940735727305
672,2018-11-20 00:00:00,79.80691710212005,63.0,0.26677646193841353
673,2018-11-19 23:00:00,81.52831091380648,63.6,0.28189168103469303
674,2018-11-19 22:00:00,70.25517181307168,57.0,0.23254687391353832
676,2018-11-19 20:00:00,61.489587101389375,57.1,0.07687543084744963
677,2018-11-19 19:00:00,95.9079249485716,116.4,0.1760487547373574
678,2018-11-19 18:00:00,106.64334758965632,108.3,0.01529688282865819
679,2018-11-19 17:00:00,93.65340289216805,88.1,0.06303522011541489
712,2018-11-18 08:00:00,52.52276670101302,52.2,0.006183270134348969
713,2018-11-18 07:00:00,55.82238028646157,54.8,0.01865657457046672
714,2018-11-18 06:00:00,56.766351927043985,55.7,0.019144558833823735
715,2018-11-18 05:00:00,61.135215798577036,58.0,0.05405544480305235
716,2018-11-18 04:00:00,69.07112906246937,64.0,0.07923639160108387
717,2018-11-18 03:00:00,77.21957709069184,74.0,0.04350779852286274
718,2018-11-18 02:00:00,82.41725849195971,85.3,0.033795328347482806
719,2018-11-18 01:00:00,84.6756846394969,94.9,0.10773778040572299
720,2018-11-18 00:00:00,90.59640078059171,101.0,0.10300593286542864
