,时间,云岗街道,云岗街道_root,相对偏差
12,2018-12-17 12:00:00,52.0838719466623,51.8,0.005480153410469148
13,2018-12-17 11:00:00,50.47093936208365,48.3,0.0449469847222288
14,2018-12-17 10:00:00,38.291699478293495,45.1,0.15096010025956777
15,2018-12-17 09:00:00,22.439733200471068,33.7,0.33413254598008707
30,2018-12-16 18:00:00,119.43936380310058,119.1,0.002849402209072898
31,2018-12-16 17:00:00,114.2717942676117,93.9,0.21695201562951746
32,2018-12-16 16:00:00,102.52342982746153,77.9,0.31609024168756766
33,2018-12-16 15:00:00,79.27760185764774,66.4,0.19393978701276704
34,2018-12-16 14:00:00,75.17048815378833,63.3,0.18752745898559764
35,2018-12-16 13:00:00,91.75933017299931,79.7,0.15130903604767013
36,2018-12-16 12:00:00,101.56482635025259,93.7,0.08393624706779707
37,2018-12-16 11:00:00,85.70139169955237,72.1,0.18864620942513705
38,2018-12-16 10:00:00,96.12139643330104,80.1,0.20001743362423285
39,2018-12-16 09:00:00,98.91731298161845,79.7,0.24112061457488643
40,2018-12-16 08:00:00,100.85776282250978,86.8,0.16195579288605746
41,2018-12-16 07:00:00,106.50755388696268,86.1,0.23702153178818455
42,2018-12-16 06:00:00,102.54291379083672,88.7,0.15606441703310842
43,2018-12-16 05:00:00,108.55352187040103,93.6,0.1597598490427461
44,2018-12-16 04:00:00,114.75858793203295,96.7,0.1867485825442911
45,2018-12-16 03:00:00,110.47516486173672,99.4,0.11142016963517816
46,2018-12-16 02:00:00,124.70225087289994,99.0,0.25961869568585794
47,2018-12-16 01:00:00,127.31956220323148,111.0,0.14702308291199537
48,2018-12-16 00:00:00,136.69256572241466,118.8,0.150610822579248
49,2018-12-15 23:00:00,138.2035030460845,117.6,0.17519985583405198
50,2018-12-15 22:00:00,131.69657532486195,119.3,0.10391094153279092
51,2018-12-15 21:00:00,125.70644631004375,114.1,0.10172170298022569
52,2018-12-15 20:00:00,121.89722817938643,108.8,0.12037893547230179
53,2018-12-15 19:00:00,113.45344216069127,95.8,0.1842739265207857
54,2018-12-15 18:00:00,106.30805729241406,93.8,0.13334815876774056
55,2018-12-15 17:00:00,105.31502047142115,90.7,0.16113583761214054
56,2018-12-15 16:00:00,107.34093083567882,90.2,0.19003249263502012
57,2018-12-15 15:00:00,102.86000234248931,92.6,0.11079916136597533
58,2018-12-15 14:00:00,95.67820525225245,92.8,0.031015142804444576
59,2018-12-15 13:00:00,87.01753121166745,89.2,0.02446713888265198
60,2018-12-15 12:00:00,82.05376499960506,92.4,0.1119722402640145
61,2018-12-15 11:00:00,84.0502932462963,85.7,0.019249787091058308
62,2018-12-15 10:00:00,89.3713248807776,74.4,0.20122748495668819
63,2018-12-15 09:00:00,81.66077588044183,71.3,0.14531242469062883
64,2018-12-15 08:00:00,84.23254992646184,71.9,0.17152364292714653
65,2018-12-15 07:00:00,84.78441809713797,73.4,0.15510106399370527
66,2018-12-15 06:00:00,81.26195245715283,69.7,0.16588167083433036
67,2018-12-15 05:00:00,85.3727365551711,70.9,0.20412886537617905
68,2018-12-15 04:00:00,92.01556128206582,77.8,0.18271929668465065
69,2018-12-15 03:00:00,91.57597835487056,75.4,0.21453552194788528
70,2018-12-15 02:00:00,93.2290534095517,77.1,0.20919654227693518
71,2018-12-15 01:00:00,99.20745255993526,82.7,0.199606439660644
72,2018-12-15 00:00:00,102.1869955214278,83.3,0.22673464011317895
74,2018-12-14 22:00:00,102.57507085613476,84.0,0.22113179590636617
75,2018-12-14 21:00:00,99.42095303397156,81.2,0.22439597332477282
76,2018-12-14 20:00:00,96.81628293027595,80.1,0.20869267078996195
77,2018-12-14 19:00:00,106.04088658984418,91.4,0.16018475481229946
78,2018-12-14 18:00:00,115.3848637756334,112.0,0.030221997996726837
79,2018-12-14 17:00:00,115.04275434140412,117.8,0.023406160089948027
80,2018-12-14 16:00:00,113.3086013573963,123.4,0.08177794686064592
81,2018-12-14 15:00:00,91.30971861665819,88.3,0.034085148546525376
82,2018-12-14 14:00:00,78.03936582051118,69.0,0.13100530174653882
83,2018-12-14 13:00:00,60.4652665191504,56.1,0.07781223741801062
84,2018-12-14 12:00:00,39.07384081123577,39.6,0.013286848201116983
92,2018-12-14 04:00:00,40.79409890151961,30.6,0.333140486977765
93,2018-12-14 03:00:00,42.492790305651695,46.0,0.07624368900757184
94,2018-12-14 02:00:00,39.1574326381121,72.5,0.45989748085362625
95,2018-12-14 01:00:00,38.90364972451111,32.8,0.1860868818448511
96,2018-12-14 00:00:00,39.339392831166066,37.3,0.054675411023219
97,2018-12-13 23:00:00,33.81606600495387,34.1,0.008326510118654947
98,2018-12-13 22:00:00,28.250433235938193,31.0,0.08869570206650991
101,2018-12-13 19:00:00,42.02689652772135,39.1,0.07485668868852549
102,2018-12-13 18:00:00,29.27278566508167,33.1,0.11562581072260818
121,2018-12-12 23:00:00,43.28781206917531,37.5,0.15434165517800827
122,2018-12-12 22:00:00,46.974667279842905,43.8,0.0724809881242673
123,2018-12-12 21:00:00,52.280199811029114,46.8,0.11709828656045121
124,2018-12-12 20:00:00,57.25515828802681,52.2,0.09684211279744846
125,2018-12-12 19:00:00,51.90170854609039,51.5,0.007800165943502718
126,2018-12-12 18:00:00,31.94668138021616,40.0,0.20133296549459603
127,2018-12-12 17:00:00,32.76800312761223,37.1,0.11676541435007463
128,2018-12-12 16:00:00,31.59326209833377,36.4,0.1320532390567645
129,2018-12-12 15:00:00,26.027712259340156,30.4,0.14382525462696852
130,2018-12-12 14:00:00,31.15710625553622,31.1,0.0018362140043800305
164,2018-12-11 04:00:00,70.60451058058952,63.7,0.10839106091977262
165,2018-12-11 03:00:00,70.31329626558596,66.7,0.05417235780488693
166,2018-12-11 02:00:00,73.05832593046544,66.2,0.10360008958407009
167,2018-12-11 01:00:00,71.30472458625262,66.8,0.06743599680018894
168,2018-12-11 00:00:00,71.51120228305705,65.8,0.08679638728050225
169,2018-12-10 23:00:00,73.41162937419688,64.6,0.13640293148911586
170,2018-12-10 22:00:00,71.73807567877512,62.6,0.14597564982068875
171,2018-12-10 21:00:00,72.4247032802102,60.3,0.20107302288905804
172,2018-12-10 20:00:00,74.30442454894884,61.9,0.20039458075846278
174,2018-12-10 18:00:00,64.2206925742877,63.0,0.01937607260774121
175,2018-12-10 17:00:00,60.73231957801584,59.2,0.025883776655672923
176,2018-12-10 16:00:00,59.445540850721514,58.4,0.017903096758930058
177,2018-12-10 15:00:00,56.61696651683488,59.8,0.05322798466831302
178,2018-12-10 14:00:00,59.18053304458681,63.2,0.06359916068691761
179,2018-12-10 13:00:00,62.86932993548806,65.0,0.03277953945402983
180,2018-12-10 12:00:00,60.988681650892445,60.9,0.001456184743718339
181,2018-12-10 11:00:00,58.49768269134175,60.5,0.033096153862119816
182,2018-12-10 10:00:00,53.58964567463761,57.1,0.06147730867534838
183,2018-12-10 09:00:00,53.065620701493785,55.0,0.035170532700113
184,2018-12-10 08:00:00,51.061862092587425,53.3,0.04199133034545163
185,2018-12-10 07:00:00,51.12121248869384,50.2,0.0183508463883235
186,2018-12-10 06:00:00,47.0974832723315,51.2,0.08012727983727541
187,2018-12-10 05:00:00,50.48471502781042,50.0,0.009694300556208332
188,2018-12-10 04:00:00,55.95750168173525,54.2,0.03242623029031825
189,2018-12-10 03:00:00,64.9346551229961,56.4,0.151323672393548
190,2018-12-10 02:00:00,67.84205211757198,56.8,0.19440232601359128
191,2018-12-10 01:00:00,68.91574170059809,60.0,0.14859569500996817
192,2018-12-10 00:00:00,84.86060831647676,59.5,0.42622871120129
193,2018-12-09 23:00:00,101.87661173898954,59.4,0.7150944737203626
194,2018-12-09 22:00:00,113.56407569626953,91.2,0.24522012824856934
195,2018-12-09 21:00:00,109.9688691531431,104.5,0.052333676106632566
196,2018-12-09 20:00:00,109.06049264716474,101.7,0.07237455896917142
197,2018-12-09 19:00:00,101.40034832489786,97.2,0.04321346013269403
198,2018-12-09 18:00:00,86.29314315997468,85.6,0.008097466822134131
199,2018-12-09 17:00:00,62.46351088380184,65.1,0.04049906476494864
200,2018-12-09 16:00:00,54.232121316774816,58.5,0.07295519116624247
201,2018-12-09 15:00:00,58.334172851210894,58.1,0.004030513790204697
202,2018-12-09 14:00:00,49.995490029339194,51.6,0.031095154470170677
203,2018-12-09 13:00:00,47.40308732173456,51.4,0.07776094704796573
204,2018-12-09 12:00:00,38.214313879947014,42.8,0.1071421990666585
205,2018-12-09 11:00:00,34.650996459248596,41.9,0.17300724440934137
211,2018-12-09 05:00:00,15.383492994809542,30.8,0.5005359417269629
213,2018-12-09 03:00:00,24.324397270669696,43.9,0.4459135018070684
214,2018-12-09 02:00:00,24.06986073277293,45.8,0.4744571892407657
215,2018-12-09 01:00:00,24.544794134512717,42.5,0.42247543212911254
217,2018-12-08 23:00:00,42.571779478363,43.4,0.019083422157534568
218,2018-12-08 22:00:00,21.294958734912175,45.7,0.5340271611616593
219,2018-12-08 21:00:00,20.055008203564576,40.3,0.5023571165368591
220,2018-12-08 20:00:00,18.749611808678473,32.9,0.4301029845386482
221,2018-12-08 19:00:00,18.142135699618713,31.2,0.4185212916788874
287,2018-12-06 01:00:00,52.914132117630004,40.4,0.30975574548589124
288,2018-12-06 00:00:00,64.49006450474769,46.9,0.3750546802718059
289,2018-12-05 23:00:00,69.43260341345926,45.8,0.5159957077174512
290,2018-12-05 22:00:00,65.02580659269827,47.7,0.36322445686998467
291,2018-12-05 21:00:00,70.07210367134917,52.8,0.3271231755937343
292,2018-12-05 20:00:00,71.20057529601753,58.7,0.21295698971069046
293,2018-12-05 19:00:00,73.93645700582087,61.2,0.20811204257877233
294,2018-12-05 18:00:00,69.93254358648797,58.5,0.1954280954955208
295,2018-12-05 17:00:00,66.93523301008287,54.2,0.23496739871001596
296,2018-12-05 16:00:00,62.40190220224262,52.5,0.18860766099509746
297,2018-12-05 15:00:00,60.55224411450631,51.5,0.17577173037876326
298,2018-12-05 14:00:00,56.174092185795054,44.1,0.2737889384534025
299,2018-12-05 13:00:00,50.23996156184701,40.2,0.2497502876081345
300,2018-12-05 12:00:00,44.52806726912513,36.4,0.22329855134959156
301,2018-12-05 11:00:00,37.970862019110726,30.0,0.2656954006370242
357,2018-12-03 03:00:00,125.04579052455017,62.8,0.9911750083527098
358,2018-12-03 02:00:00,177.56779453378044,113.6,0.5630967828677856
359,2018-12-03 01:00:00,179.29276554091007,130.4,0.3749445210192489
360,2018-12-03 00:00:00,190.62994848760465,126.2,0.5105384190776914
361,2018-12-02 23:00:00,177.8504317133887,131.3,0.3545348949991522
363,2018-12-02 21:00:00,212.47839349963536,146.5,0.4503644607483642
364,2018-12-02 20:00:00,224.75102561405348,147.5,0.5237357668749388
365,2018-12-02 19:00:00,224.65778423044924,157.6,0.4254935547617338
366,2018-12-02 18:00:00,228.34881494817884,159.6,0.43075698589084493
367,2018-12-02 17:00:00,225.8638395362019,163.2,0.3839696050012373
368,2018-12-02 16:00:00,232.34418067617426,168.5,0.3788972146953962
369,2018-12-02 15:00:00,220.95874237335374,171.0,0.2921563881482675
370,2018-12-02 14:00:00,201.06171057182283,166.8,0.2054059386799929
371,2018-12-02 13:00:00,196.8289769853544,170.8,0.1523944788369694
372,2018-12-02 12:00:00,182.34208657444174,162.8,0.12003738682089511
373,2018-12-02 11:00:00,184.60681171937907,169.5,0.08912573285769361
374,2018-12-02 10:00:00,187.4806762342371,166.6,0.12533419108185542
375,2018-12-02 09:00:00,186.4140404733504,163.3,0.14154341992253766
376,2018-12-02 08:00:00,189.1042162578436,151.9,0.24492571598317048
377,2018-12-02 07:00:00,195.0852384790462,154.9,0.25942697533277087
378,2018-12-02 06:00:00,198.04330020194365,159.9,0.2385447167100916
379,2018-12-02 05:00:00,195.7542788388462,167.2,0.17077917965817116
380,2018-12-02 04:00:00,205.97794019406484,170.9,0.20525418486872343
381,2018-12-02 03:00:00,211.03208982191495,180.5,0.1691528521989748
382,2018-12-02 02:00:00,234.90969586002214,180.3,0.30288239523029464
383,2018-12-02 01:00:00,225.4112340388788,177.4,0.2706382978516279
384,2018-12-02 00:00:00,221.47312673365366,179.7,0.23246036023179562
385,2018-12-01 23:00:00,219.4276816929773,175.6,0.24958816453859514
386,2018-12-01 22:00:00,227.46292390639383,181.4,0.2539301207629207
387,2018-12-01 21:00:00,223.82685612434264,186.8,0.19821657454144875
388,2018-12-01 20:00:00,221.77117842489042,186.1,0.19167747675921779
389,2018-12-01 19:00:00,219.76207377105388,178.1,0.23392517558143675
390,2018-12-01 18:00:00,214.92448658736694,186.2,0.1542668452597581
391,2018-12-01 17:00:00,204.8456897440309,168.9,0.21282231938443388
392,2018-12-01 16:00:00,185.09535730840813,150.6,0.22905283737322799
393,2018-12-01 15:00:00,169.82137464998115,146.2,0.16156891005459073
394,2018-12-01 14:00:00,161.48843456317172,132.6,0.21786149745981695
395,2018-12-01 13:00:00,141.77988655050672,119.5,0.18644256527620684
396,2018-12-01 12:00:00,133.4371373455206,111.9,0.19246771533083637
397,2018-12-01 11:00:00,95.71901686351559,86.0,0.11301182399436734
398,2018-12-01 10:00:00,87.30529695364307,79.5,0.09817983589488133
399,2018-12-01 09:00:00,83.18447592133113,63.7,0.3058787428780396
400,2018-12-01 08:00:00,80.70578361946497,64.0,0.2610278690541401
401,2018-12-01 07:00:00,79.02814173803841,69.5,0.1370955645760923
402,2018-12-01 06:00:00,80.24114940490996,69.1,0.1612322634574525
403,2018-12-01 05:00:00,82.04553689191233,70.4,0.16541955812375467
404,2018-12-01 04:00:00,91.88593205379716,73.3,0.2535597824528945
405,2018-12-01 03:00:00,105.68770551546216,86.0,0.2289268083193274
406,2018-12-01 02:00:00,114.26661274895748,89.2,0.2810158379927969
407,2018-12-01 01:00:00,115.47803113469723,88.8,0.3004282785438878
408,2018-12-01 00:00:00,117.97535974204338,90.6,0.3021562885435253
409,2018-11-30 23:00:00,123.17960483885533,91.5,0.34622518949568665
410,2018-11-30 22:00:00,129.41120866018514,98.3,0.3164924583945589
411,2018-11-30 21:00:00,131.48636479734765,101.8,0.29161458543563507
412,2018-11-30 20:00:00,139.40507483847725,106.9,0.3040699236527338
413,2018-11-30 19:00:00,129.63638224770935,105.4,0.22994670064240363
414,2018-11-30 18:00:00,121.39316862105976,103.1,0.17743131543219945
415,2018-11-30 17:00:00,119.40626088907838,99.5,0.20006292350832544
416,2018-11-30 16:00:00,120.51528197932201,101.4,0.1885136289873965
417,2018-11-30 15:00:00,114.93513046828917,95.5,0.20350921956323742
418,2018-11-30 14:00:00,108.2464763246976,88.3,0.2258944091132231
419,2018-11-30 13:00:00,105.23392221350699,84.7,0.2424311949646633
420,2018-11-30 12:00:00,91.365066534161,73.8,0.23800903162819792
421,2018-11-30 11:00:00,83.47500618449021,69.6,0.19935353713348017
422,2018-11-30 10:00:00,73.74331043108899,57.3,0.28696876843087243
423,2018-11-30 09:00:00,68.47853009415573,55.2,0.2405530814158646
424,2018-11-30 08:00:00,66.06156252692,54.2,0.21884801710184495
425,2018-11-30 07:00:00,65.2212858614656,54.3,0.20112865306566494
426,2018-11-30 06:00:00,69.44567955811864,55.1,0.26035716076440363
427,2018-11-30 05:00:00,67.41727997019672,55.0,0.22576872673084938
428,2018-11-30 04:00:00,72.03853179660673,56.0,0.28640235351083454
429,2018-11-30 03:00:00,80.32940084703966,58.0,0.3849896697765459
430,2018-11-30 02:00:00,85.04515513698624,64.8,0.3124252335954667
431,2018-11-30 01:00:00,87.4705305787424,70.5,0.2407167457977645
432,2018-11-30 00:00:00,84.64524505253338,64.1,0.3205186435652635
433,2018-11-29 23:00:00,83.16337844034963,63.2,0.3158762411447726
434,2018-11-29 22:00:00,83.15632428766088,63.7,0.3054368020040954
435,2018-11-29 21:00:00,76.97470386951893,61.0,0.2618803913035891
436,2018-11-29 20:00:00,71.99719965832729,60.4,0.19200661685972337
437,2018-11-29 19:00:00,69.86585408037462,57.4,0.21717515819467978
438,2018-11-29 18:00:00,67.98642517336967,56.0,0.2140433066673155
439,2018-11-29 17:00:00,63.47338445779394,53.6,0.18420493391406603
440,2018-11-29 16:00:00,67.7628835288794,57.8,0.17236822714324226
441,2018-11-29 15:00:00,66.40134371353531,56.9,0.16698319355949584
442,2018-11-29 14:00:00,62.251314511616705,51.2,0.21584598655501372
443,2018-11-29 13:00:00,65.6957394799199,51.6,0.2731732457348816
444,2018-11-29 12:00:00,59.349660852538456,44.1,0.34579729824350236
445,2018-11-29 11:00:00,61.69974060333765,40.7,0.5159641425881486
446,2018-11-29 10:00:00,60.35034393991215,43.6,0.38418220045670065
447,2018-11-29 09:00:00,63.682577637665865,41.0,0.5532336009186797
448,2018-11-29 08:00:00,60.456366105729465,38.4,0.5743845340033715
449,2018-11-29 07:00:00,58.91918632937689,39.6,0.48785824064083055
450,2018-11-29 06:00:00,61.620735865399645,42.2,0.46020701102842754
451,2018-11-29 05:00:00,66.58405268594511,44.9,0.4829410397760604
452,2018-11-29 04:00:00,69.5348521116637,47.6,0.4608162208332709
453,2018-11-29 03:00:00,72.64105017268697,49.4,0.4704666026859712
454,2018-11-29 02:00:00,75.26549300852022,50.5,0.4904058021489153
455,2018-11-29 01:00:00,77.46446057560951,50.3,0.5400489180041652
456,2018-11-29 00:00:00,76.39494270281541,51.0,0.49794005299638067
457,2018-11-28 23:00:00,77.55510783053475,49.4,0.569941454059408
458,2018-11-28 22:00:00,79.92016480649426,47.2,0.6932238306460646
459,2018-11-28 21:00:00,80.62880605546934,50.0,0.6125761211093868
460,2018-11-28 20:00:00,81.4171196539073,49.0,0.6615738704879042
461,2018-11-28 19:00:00,77.13300430823865,47.5,0.6238527222787085
462,2018-11-28 18:00:00,74.05661133674398,46.8,0.5824062251441023
463,2018-11-28 17:00:00,61.05137111368525,46.4,0.3157623084845959
464,2018-11-28 16:00:00,70.84496768207528,47.1,0.5041394412330207
465,2018-11-28 15:00:00,60.987989297132174,47.2,0.29211841731212224
466,2018-11-28 14:00:00,59.194781893539464,45.8,0.29246248675850367
467,2018-11-28 13:00:00,54.03350427792213,45.0,0.2007445395093806
468,2018-11-28 12:00:00,57.68729571885426,45.7,0.2623040638698962
469,2018-11-28 11:00:00,52.31299090009823,37.6,0.3913029494706975
470,2018-11-28 10:00:00,46.630559988607374,34.2,0.36346666633354885
471,2018-11-28 09:00:00,46.31515452062381,30.8,0.5037387831371366
472,2018-11-28 08:00:00,45.97588667090408,30.1,0.5274380953788731
474,2018-11-28 06:00:00,57.63511316997372,34.3,0.6803239991245984
475,2018-11-28 05:00:00,62.26576362688019,43.6,0.4281138446532152
476,2018-11-28 04:00:00,61.24138221407289,46.4,0.3198573753032951
477,2018-11-28 03:00:00,61.33622675017848,43.4,0.4132771140594121
478,2018-11-28 02:00:00,63.53926281999764,43.3,0.46741946466507256
479,2018-11-28 01:00:00,59.5560380781032,44.5,0.33833793433939774
480,2018-11-28 00:00:00,60.09755681334835,42.6,0.4107407702663931
481,2018-11-27 23:00:00,59.688849675159666,39.2,0.5226747366112159
482,2018-11-27 22:00:00,57.74755698881783,33.4,0.7289687721202943
483,2018-11-27 21:00:00,58.14919840619249,37.4,0.5547914012350934
484,2018-11-27 20:00:00,46.518916543195495,33.5,0.3886243744237461
503,2018-11-27 01:00:00,169.0821728885265,56.1,2.01394247573131
504,2018-11-27 00:00:00,226.3435615864817,166.0,0.36351543124386576
505,2018-11-26 23:00:00,245.80877050579812,157.2,0.5636690235737796
506,2018-11-26 22:00:00,303.63747604216957,138.4,1.193912399148624
507,2018-11-26 21:00:00,325.77069956872094,223.7,0.45628386038766633
508,2018-11-26 20:00:00,314.71081708166764,247.6,0.271045303237753
509,2018-11-26 19:00:00,290.9607333346166,224.9,0.2937338076239065
510,2018-11-26 18:00:00,264.7220011453053,207.2,0.27761583564336534
511,2018-11-26 17:00:00,224.2615397568792,179.3,0.2507615156546524
512,2018-11-26 16:00:00,171.4367325964993,129.7,0.3217943916461011
513,2018-11-26 15:00:00,146.1298273477435,116.9,0.25004129467701863
514,2018-11-26 14:00:00,172.3324426558012,122.2,0.4102491215695679
515,2018-11-26 13:00:00,201.91176775594798,169.3,0.19262709838126382
516,2018-11-26 12:00:00,207.27131001189903,184.6,0.12281316366142492
517,2018-11-26 11:00:00,203.77956152581993,173.1,0.1772360573415363
518,2018-11-26 10:00:00,153.3514233251862,122.2,0.2549216311390033
519,2018-11-26 09:00:00,122.70757486127992,91.8,0.3366838220182999
520,2018-11-26 08:00:00,105.08762438527756,89.6,0.1728529507285443
521,2018-11-26 07:00:00,103.07964778820244,84.2,0.22422384546558707
522,2018-11-26 06:00:00,88.95794488969312,77.2,0.15230498561778655
523,2018-11-26 05:00:00,82.54217438174754,69.2,0.19280598817554248
524,2018-11-26 04:00:00,91.90624433150711,71.0,0.29445414551418464
525,2018-11-26 03:00:00,108.68709180477461,76.4,0.42260591367506023
526,2018-11-26 02:00:00,106.16367857556864,103.8,0.02277146989950522
527,2018-11-26 01:00:00,101.93028291678367,86.0,0.18523584786957753
528,2018-11-26 00:00:00,100.54450622393202,75.8,0.3264446731389449
529,2018-11-25 23:00:00,110.98592695246089,74.7,0.48575538088970394
530,2018-11-25 22:00:00,118.5196542258569,75.6,0.5677202939928162
531,2018-11-25 21:00:00,118.95524328137327,91.8,0.2958087503417568
532,2018-11-25 20:00:00,103.45938739080322,95.4,0.08447995168556822
533,2018-11-25 19:00:00,105.1038848410845,84.1,0.24974892795582046
534,2018-11-25 18:00:00,99.90169571538485,78.3,0.2758837256115562
535,2018-11-25 17:00:00,84.78574256508301,67.8,0.2505271764761507
536,2018-11-25 16:00:00,86.10680975143605,72.4,0.18932057667729335
537,2018-11-25 15:00:00,80.52704347876792,70.3,0.14547714763539013
538,2018-11-25 14:00:00,88.30168144142604,60.8,0.4523302868655599
539,2018-11-25 13:00:00,94.83901895114826,75.7,0.252827198826265
540,2018-11-25 12:00:00,101.85669172981372,76.4,0.3332027713326402
541,2018-11-25 11:00:00,103.63237464019497,86.2,0.20223172436421072
542,2018-11-25 10:00:00,112.77095769096013,90.8,0.24197089968017768
543,2018-11-25 09:00:00,101.84254775914104,93.0,0.0950811587004413
544,2018-11-25 08:00:00,91.69526918758812,91.0,0.0076403207427266405
545,2018-11-25 07:00:00,91.36366381018998,94.8,0.0362482720444095
546,2018-11-25 06:00:00,92.83280300463161,77.8,0.1932236890055478
547,2018-11-25 05:00:00,89.8542808067407,84.3,0.0658870795580155
548,2018-11-25 04:00:00,73.68676199529713,76.4,0.03551358644899048
549,2018-11-25 03:00:00,80.28584589716348,52.3,0.5351022160069501
550,2018-11-25 02:00:00,114.13808128643171,63.3,0.8031292462311488
551,2018-11-25 01:00:00,146.7002083393282,78.3,0.8735658791740514
552,2018-11-25 00:00:00,167.0571080538535,90.8,0.8398359917825278
553,2018-11-24 23:00:00,163.47805364673036,144.6,0.13055362134668302
554,2018-11-24 22:00:00,171.54642853993647,128.7,0.3329170826723892
555,2018-11-24 21:00:00,183.9281290746929,131.2,0.40189122770345204
556,2018-11-24 20:00:00,185.75904115386737,138.8,0.3383216221460184
557,2018-11-24 19:00:00,187.63109141211496,142.0,0.3213457141698236
558,2018-11-24 18:00:00,177.58095577969237,138.8,0.2794016987009536
559,2018-11-24 17:00:00,136.70501525180978,117.6,0.1624576126854574
560,2018-11-24 16:00:00,112.97557986988974,93.7,0.2057159004257176
561,2018-11-24 15:00:00,131.27040081106162,105.3,0.24663248633486823
562,2018-11-24 14:00:00,116.23533845922636,94.2,0.23392079043764705
563,2018-11-24 13:00:00,122.46144226927137,91.9,0.33255105842515087
564,2018-11-24 12:00:00,96.54645375659024,79.3,0.21748365392925906
565,2018-11-24 11:00:00,95.48741609385308,64.7,0.47584878043049583
566,2018-11-24 10:00:00,85.19573244156042,65.8,0.29476797023648066
567,2018-11-24 09:00:00,76.77076996891138,63.2,0.21472737292581293
568,2018-11-24 08:00:00,76.10275539627553,64.4,0.18171980428999254
569,2018-11-24 07:00:00,77.7953648029667,65.9,0.1805062944304506
570,2018-11-24 06:00:00,76.07148969018284,63.8,0.19234309859220763
571,2018-11-24 05:00:00,79.35685458697773,61.1,0.2988028573973442
572,2018-11-24 04:00:00,77.46429418734189,56.3,0.37591996780358605
573,2018-11-24 03:00:00,71.91200597828674,53.8,0.3366543862135083
574,2018-11-24 02:00:00,95.33128107268902,62.6,0.5228639148991856
575,2018-11-24 01:00:00,104.31285716303229,64.8,0.6097663142443256
576,2018-11-24 00:00:00,107.13265738412989,82.6,0.2970055373381343
577,2018-11-23 23:00:00,108.39598598525669,83.0,0.30597573476212875
578,2018-11-23 22:00:00,105.12775679384788,80.8,0.3010860989337609
579,2018-11-23 21:00:00,104.18274977216603,79.1,0.31710176703117626
580,2018-11-23 20:00:00,111.90501367450321,84.2,0.32903816715562
581,2018-11-23 19:00:00,111.38756842088486,85.0,0.31044198142217483
582,2018-11-23 18:00:00,106.13090685804546,85.3,0.2442075833299586
583,2018-11-23 17:00:00,95.4613908166467,81.3,0.17418684891324357
584,2018-11-23 16:00:00,95.43181076259219,82.0,0.16380257027551454
585,2018-11-23 15:00:00,69.9486072735391,65.5,0.06791766829830681
586,2018-11-23 14:00:00,63.32269869639981,56.2,0.12673841096796812
587,2018-11-23 13:00:00,63.81809820340288,55.6,0.1478075216439367
588,2018-11-23 12:00:00,60.89395142699756,54.7,0.1132349438207963
589,2018-11-23 11:00:00,60.075597223201136,54.4,0.10433083130884444
590,2018-11-23 10:00:00,62.96465731841032,55.2,0.1406640818552593
591,2018-11-23 09:00:00,63.355211101422526,50.7,0.2496096864185902
592,2018-11-23 08:00:00,56.89079475459182,47.2,0.20531344819050465
593,2018-11-23 07:00:00,56.68170569410641,47.7,0.1882957168575767
594,2018-11-23 06:00:00,63.98394286174792,52.0,0.23046043964899846
595,2018-11-23 05:00:00,69.3388293807792,53.1,0.305815995871548
596,2018-11-23 04:00:00,89.18084295810019,59.6,0.49632286842449974
597,2018-11-23 03:00:00,96.26935192946458,78.0,0.23422246063416124
598,2018-11-23 02:00:00,95.6425381866985,84.2,0.13589712810805818
599,2018-11-23 01:00:00,94.63514590686495,76.6,0.23544576901912476
600,2018-11-23 00:00:00,97.43657894342743,80.2,0.2149199369504667
601,2018-11-22 23:00:00,89.8752984317966,68.6,0.31013554565301166
602,2018-11-22 22:00:00,85.83536390550313,62.9,0.3646321765580784
603,2018-11-22 21:00:00,68.90391752326845,62.2,0.10778002448984636
604,2018-11-22 20:00:00,62.555849185618975,51.8,0.20764187617025054
605,2018-11-22 19:00:00,54.67789140142641,43.4,0.2598592488807928
606,2018-11-22 18:00:00,45.29281934511313,37.4,0.21103795040409445
609,2018-11-22 15:00:00,34.56621071464417,30.5,0.13331838408669414
625,2018-11-21 23:00:00,53.72421990700251,32.3,0.6632885420124617
626,2018-11-21 22:00:00,53.080829180299354,41.8,0.26987629617941045
627,2018-11-21 21:00:00,53.20834536373546,46.1,0.15419404259729846
628,2018-11-21 20:00:00,48.08286632044677,44.3,0.08539201626290681
629,2018-11-21 19:00:00,49.15419171524263,42.1,0.16755799798676083
630,2018-11-21 18:00:00,36.24469868209286,32.3,0.12212689418244159
631,2018-11-21 17:00:00,32.87901791041993,32.8,0.0024090826347541263
651,2018-11-20 21:00:00,67.41896563746927,38.7,0.7420921353351231
652,2018-11-20 20:00:00,68.59775496142676,50.0,0.3719550992285352
653,2018-11-20 19:00:00,59.499721120915595,42.8,0.3901804000213925
654,2018-11-20 18:00:00,54.16443891800624,39.4,0.37473195223366096
655,2018-11-20 17:00:00,48.24289798436091,40.8,0.18242397020492432
664,2018-11-20 08:00:00,48.255579049941005,31.2,0.5466531746775963
665,2018-11-20 07:00:00,56.157083557577934,47.0,0.19483156505484966
666,2018-11-20 06:00:00,58.041913585637204,47.1,0.23231239035323145
667,2018-11-20 05:00:00,56.921607388721405,52.0,0.09464629593695009
668,2018-11-20 04:00:00,55.121254403102455,52.2,0.055962728028782605
669,2018-11-20 03:00:00,58.103912096262704,52.8,0.10045288061103612
670,2018-11-20 02:00:00,60.11746947618606,53.9,0.11535193833369316
671,2018-11-20 01:00:00,63.959445423464686,53.8,0.18883727552908344
672,2018-11-20 00:00:00,71.4633657962366,58.9,0.2132999286288048
673,2018-11-19 23:00:00,70.84489408735607,58.6,0.2089572369855984
674,2018-11-19 22:00:00,68.41462992623389,55.0,0.24390236229516155
676,2018-11-19 20:00:00,73.37879627911309,54.2,0.35385232987293513
677,2018-11-19 19:00:00,112.8159634970814,67.8,0.6639522639687523
678,2018-11-19 18:00:00,103.59101130697036,88.4,0.17184401930961937
679,2018-11-19 17:00:00,93.43017086202153,76.4,0.2229079955761979
712,2018-11-18 08:00:00,57.083943909086365,31.5,0.8121886955265513
713,2018-11-18 07:00:00,58.5026182256046,45.8,0.2773497429171311
714,2018-11-18 06:00:00,63.723628864780416,44.4,0.4352168663238833
715,2018-11-18 05:00:00,60.82736521853831,53.0,0.14768613619883605
716,2018-11-18 04:00:00,58.17890013092702,47.1,0.23522080957382202
717,2018-11-18 03:00:00,67.65481709555239,47.2,0.43336476897356746
718,2018-11-18 02:00:00,74.74603564504262,43.4,0.7222588858304753
719,2018-11-18 01:00:00,77.30795418863723,55.0,0.40559916706613136
720,2018-11-18 00:00:00,76.19216086718531,61.4,0.24091467210399528
