,时间,南苑街道,南苑街道_root,相对偏差
12,2018-12-17 12:00:00,40.39482588850434,44.0,0.08193577526126493
13,2018-12-17 11:00:00,46.056903608111135,48.0,0.04048117483101802
14,2018-12-17 10:00:00,41.01837672791134,51.1,0.1972920405496803
15,2018-12-17 09:00:00,31.045074316956025,32.6,0.047697106841839754
30,2018-12-16 18:00:00,145.98400051942505,141.3,0.03314933134766483
31,2018-12-16 17:00:00,61.27958335165942,61.1,0.0029391710582556004
32,2018-12-16 16:00:00,31.487466910419773,31.8,0.009828084577994587
33,2018-12-16 15:00:00,63.46640840780559,58.2,0.09048811697260455
34,2018-12-16 14:00:00,83.09268103112272,89.6,0.07262632777764812
35,2018-12-16 13:00:00,89.40342868360698,90.2,0.008831167587505847
36,2018-12-16 12:00:00,114.01622747548414,119.8,0.048278568652052205
37,2018-12-16 11:00:00,131.29885072188773,150.7,0.12874020755217158
38,2018-12-16 10:00:00,134.3708958209452,149.4,0.10059641351442301
39,2018-12-16 09:00:00,135.73992106523937,147.4,0.07910501312592016
40,2018-12-16 08:00:00,136.67731890351928,153.8,0.11133082637503727
41,2018-12-16 07:00:00,143.41242259290797,151.3,0.05213203838130891
42,2018-12-16 06:00:00,161.12801570632192,163.8,0.016312480425385186
43,2018-12-16 05:00:00,165.76476949939484,184.0,0.09910451359024541
44,2018-12-16 04:00:00,172.9008304708343,189.8,0.08903672038548842
45,2018-12-16 03:00:00,175.974126817778,191.6,0.08155466170262002
46,2018-12-16 02:00:00,179.31463551808744,195.1,0.08090909524301668
47,2018-12-16 01:00:00,175.15639792102164,193.0,0.09245389678227131
48,2018-12-16 00:00:00,184.0382350520077,205.0,0.10225251194142582
49,2018-12-15 23:00:00,187.17076269617306,218.2,0.14220548718527468
50,2018-12-15 22:00:00,174.9351489960705,188.5,0.07196207429140321
51,2018-12-15 21:00:00,163.3316628062276,178.8,0.08651195298530431
52,2018-12-15 20:00:00,163.86597933549848,173.9,0.057699946316857535
53,2018-12-15 19:00:00,153.68940454190192,165.8,0.07304339842037448
54,2018-12-15 18:00:00,117.51315571731402,133.7,0.12106839403654428
55,2018-12-15 17:00:00,94.54809086346275,115.8,0.1835225314036032
56,2018-12-15 16:00:00,91.30059406367056,111.7,0.1826267317486969
57,2018-12-15 15:00:00,91.44354944814522,108.9,0.16029798486551686
58,2018-12-15 14:00:00,87.06600191231419,109.4,0.20414989111230175
59,2018-12-15 13:00:00,87.2222469931388,109.6,0.20417657852975546
60,2018-12-15 12:00:00,87.70132484488666,107.2,0.18189062644695286
61,2018-12-15 11:00:00,85.5712914385473,99.3,0.13825486970244402
62,2018-12-15 10:00:00,95.63472762989122,114.0,0.16109888043955073
63,2018-12-15 09:00:00,99.29263777350967,107.8,0.07891801694332402
64,2018-12-15 08:00:00,93.41919264458295,99.7,0.06299706474841578
65,2018-12-15 07:00:00,85.41339057155598,91.4,0.06549900906393902
66,2018-12-15 06:00:00,82.81418193162612,90.2,0.08188268368485453
67,2018-12-15 05:00:00,83.19781926634701,93.2,0.10731953576880893
68,2018-12-15 04:00:00,83.805160756431,92.6,0.09497666569728944
69,2018-12-15 03:00:00,82.01911445100623,87.8,0.06584152105915451
70,2018-12-15 02:00:00,75.09705640675297,81.2,0.07515940385772209
71,2018-12-15 01:00:00,71.90935859886379,83.9,0.14291586890508004
72,2018-12-15 00:00:00,69.75336510221703,80.9,0.13778287883538903
74,2018-12-14 22:00:00,61.53922052616199,69.2,0.11070490569130075
75,2018-12-14 21:00:00,56.62066119199484,65.4,0.13424065455665388
76,2018-12-14 20:00:00,51.99159529723969,60.6,0.1420528828838335
77,2018-12-14 19:00:00,47.619567597968356,56.5,0.15717579472622378
78,2018-12-14 18:00:00,43.46121780802223,52.5,0.17216727984719568
79,2018-12-14 17:00:00,46.89206352242104,56.0,0.16264172281391
80,2018-12-14 16:00:00,53.86477041819631,73.7,0.2691347297395345
81,2018-12-14 15:00:00,73.43947154195898,84.2,0.12779725009549908
82,2018-12-14 14:00:00,95.9622660471764,104.4,0.08082120644467056
83,2018-12-14 13:00:00,89.94626761313229,93.4,0.036977862814429475
84,2018-12-14 12:00:00,65.69897348192474,70.8,0.07204839714795563
85,2018-12-14 11:00:00,48.05056241887354,57.7,0.1672346201235089
86,2018-12-14 10:00:00,45.642457083852015,55.7,0.18056630011037678
87,2018-12-14 09:00:00,49.41057430926454,55.7,0.11291608062361692
88,2018-12-14 08:00:00,45.902360417040875,53.3,0.1387924874851618
89,2018-12-14 07:00:00,43.39091149848182,50.4,0.13906921629996385
90,2018-12-14 06:00:00,40.829467154322614,48.0,0.1493861009516122
91,2018-12-14 05:00:00,38.83565047316049,47.7,0.18583541984988491
92,2018-12-14 04:00:00,36.55427599524784,43.4,0.15773557614636305
93,2018-12-14 03:00:00,34.53783491280745,41.0,0.1576137826144525
94,2018-12-14 02:00:00,34.70835542956355,40.9,0.15138495282240713
95,2018-12-14 01:00:00,32.028838963609445,38.6,0.17023733254897813
96,2018-12-14 00:00:00,31.186530934919116,36.1,0.13610717631803007
97,2018-12-13 23:00:00,30.56812085615425,31.7,0.03570596668283126
118,2018-12-13 02:00:00,31.178190638971902,32.2,0.031733209969816795
119,2018-12-13 01:00:00,55.91140886933495,62.7,0.10827099091969783
120,2018-12-13 00:00:00,67.98236715295285,61.6,0.10360985637910464
121,2018-12-12 23:00:00,102.21947068078397,108.9,0.061345540121359364
122,2018-12-12 22:00:00,123.75741260637353,136.6,0.09401601313050117
123,2018-12-12 21:00:00,118.67705965587801,136.1,0.12801572626099914
124,2018-12-12 20:00:00,100.34464012300941,118.0,0.14962169387280158
125,2018-12-12 19:00:00,89.08394426438694,104.8,0.14996236388943754
126,2018-12-12 18:00:00,58.865081994970005,75.4,0.21929599476167108
127,2018-12-12 17:00:00,50.87119956296154,61.6,0.17416883826361135
128,2018-12-12 16:00:00,44.41505050939529,58.4,0.23946831319528605
129,2018-12-12 15:00:00,43.602279439390664,56.5,0.22827824001078473
130,2018-12-12 14:00:00,36.23291158999534,55.0,0.341219789272812
132,2018-12-12 12:00:00,16.753828821390417,30.0,0.44153903928698607
133,2018-12-12 11:00:00,22.092435101442053,32.8,0.3264501493462788
134,2018-12-12 10:00:00,25.771247866053393,30.5,0.1550410535720199
135,2018-12-12 09:00:00,38.76407504523346,45.0,0.13857611010592308
136,2018-12-12 08:00:00,29.983722338199414,39.3,0.23705541124174515
137,2018-12-12 07:00:00,31.458779639178662,41.9,0.24919380336089111
138,2018-12-12 06:00:00,29.724121558458762,44.0,0.32445178276230086
139,2018-12-12 05:00:00,27.33574210068154,43.0,0.3642850674260107
140,2018-12-12 04:00:00,26.05042112320825,36.2,0.28037510709369484
141,2018-12-12 03:00:00,24.300860086116945,37.4,0.3502443827241458
162,2018-12-11 06:00:00,19.39393127976233,33.9,0.42790763186541797
163,2018-12-11 05:00:00,38.162282815701346,53.6,0.288017111647363
164,2018-12-11 04:00:00,61.48677637081098,76.6,0.19730056957165817
165,2018-12-11 03:00:00,66.27028469480996,83.6,0.2072932452773928
166,2018-12-11 02:00:00,66.67494860971122,88.6,0.24746107663982814
167,2018-12-11 01:00:00,71.34808218350362,90.5,0.2116234012872528
168,2018-12-11 00:00:00,67.05912653973274,84.3,0.20451807188929125
169,2018-12-10 23:00:00,63.39557017436828,87.7,0.2771314689353674
170,2018-12-10 22:00:00,65.49263400540494,77.6,0.15602275766230744
171,2018-12-10 21:00:00,64.96795408169336,74.7,0.1302817392008921
172,2018-12-10 20:00:00,60.83901087769118,73.6,0.17338300437919585
174,2018-12-10 18:00:00,59.998157957539064,73.1,0.17923176528674326
175,2018-12-10 17:00:00,55.9293864752101,74.3,0.24724917260820856
176,2018-12-10 16:00:00,54.8252878387334,69.7,0.21341050446580487
177,2018-12-10 15:00:00,54.08769189518405,67.1,0.19392411482587102
178,2018-12-10 14:00:00,61.91766572954534,72.4,0.14478362252009205
179,2018-12-10 13:00:00,64.48973596955051,72.0,0.10430922264513182
180,2018-12-10 12:00:00,61.885957811124406,70.4,0.12093809927380111
181,2018-12-10 11:00:00,52.40094771686167,63.9,0.17995386984567022
182,2018-12-10 10:00:00,48.64302394163934,60.5,0.19598307534480428
183,2018-12-10 09:00:00,46.369176036189444,62.3,0.25571146009326734
184,2018-12-10 08:00:00,47.232222856396234,62.2,0.2406395039164593
185,2018-12-10 07:00:00,48.752272406981206,63.7,0.23465820397203763
186,2018-12-10 06:00:00,48.34447069384498,70.6,0.31523412614950447
187,2018-12-10 05:00:00,60.94246931726665,83.0,0.26575338171967894
188,2018-12-10 04:00:00,74.68585026771821,86.4,0.1355804367162245
189,2018-12-10 03:00:00,76.79918922067634,96.1,0.200840903010652
190,2018-12-10 02:00:00,82.26077164613173,100.5,0.18148485924247035
191,2018-12-10 01:00:00,85.92387159562524,105.8,0.18786510779182186
192,2018-12-10 00:00:00,95.22568297342569,108.4,0.12153428991304717
193,2018-12-09 23:00:00,108.444058381247,108.2,0.002255622747199639
194,2018-12-09 22:00:00,118.01018398717653,121.5,0.02872276553764171
195,2018-12-09 21:00:00,113.8736069256677,130.2,0.12539472407321267
196,2018-12-09 20:00:00,107.59585240205195,128.2,0.16071878001519535
197,2018-12-09 19:00:00,112.72380158760745,128.2,0.12071917638371713
198,2018-12-09 18:00:00,102.91429770368504,115.9,0.1120422976386106
199,2018-12-09 17:00:00,86.04404871505164,99.4,0.13436570709203582
200,2018-12-09 16:00:00,82.95802686833076,98.2,0.15521357567891284
201,2018-12-09 15:00:00,75.30276375728666,95.2,0.20900458238144273
202,2018-12-09 14:00:00,57.24152377755824,70.4,0.18691017361422957
203,2018-12-09 13:00:00,40.344815671658964,61.3,0.3418464001360691
204,2018-12-09 12:00:00,25.289706656602444,61.3,0.587443610822146
205,2018-12-09 11:00:00,29.534939948917543,64.4,0.5413829200478644
206,2018-12-09 10:00:00,34.935673745667074,73.7,0.5259745760425092
207,2018-12-09 09:00:00,86.64933926413548,88.1,0.016466069646589296
208,2018-12-09 08:00:00,52.306954019739074,74.6,0.29883439651824295
209,2018-12-09 07:00:00,47.59910750637713,74.0,0.3567688174813901
210,2018-12-09 06:00:00,28.217786885437455,71.8,0.6069946116234337
211,2018-12-09 05:00:00,17.74093329081458,69.6,0.7451015331779514
212,2018-12-09 04:00:00,19.07492193960206,70.9,0.730960198313088
213,2018-12-09 03:00:00,19.583004348649983,71.3,0.7253435575224407
214,2018-12-09 02:00:00,18.983185722571854,69.2,0.7256765068992507
215,2018-12-09 01:00:00,17.799912670885806,67.6,0.7366876823833461
217,2018-12-08 23:00:00,36.964263850279984,55.5,0.33397722792288315
218,2018-12-08 22:00:00,10.726986349654052,50.6,0.7880042223388528
219,2018-12-08 21:00:00,9.846767822863127,47.6,0.793135129771783
220,2018-12-08 20:00:00,7.828695964208393,41.7,0.8122614876688635
221,2018-12-08 19:00:00,7.768604707417473,34.5,0.7748230519589138
286,2018-12-06 02:00:00,9.393267645278208,35.7,0.7368832592359046
287,2018-12-06 01:00:00,23.325499641716515,49.3,0.5268661330280625
288,2018-12-06 00:00:00,33.51220706795827,54.6,0.38622331377365804
289,2018-12-05 23:00:00,34.050829403354186,58.2,0.4149342026915089
290,2018-12-05 22:00:00,54.388129217632525,74.3,0.2679928772862379
291,2018-12-05 21:00:00,59.42900240250987,77.2,0.23019426939754054
292,2018-12-05 20:00:00,54.014140643907396,71.0,0.23923745571961413
293,2018-12-05 19:00:00,52.090066469987434,65.1,0.19984536912461692
294,2018-12-05 18:00:00,47.65979760421905,61.9,0.23005173498838366
295,2018-12-05 17:00:00,41.392799994057015,58.2,0.28878350525675234
296,2018-12-05 16:00:00,28.512426622138285,52.1,0.4527365331643323
297,2018-12-05 15:00:00,27.57357647074074,51.1,0.46039967767630646
298,2018-12-05 14:00:00,32.345180370624746,49.9,0.3517999925726504
299,2018-12-05 13:00:00,40.2271296809615,53.0,0.24099755318940572
300,2018-12-05 12:00:00,45.93151270146015,59.5,0.2280418033368042
301,2018-12-05 11:00:00,43.24519101225256,57.6,0.2492154338150597
302,2018-12-05 10:00:00,41.61007491741978,53.0,0.21490424684113624
304,2018-12-05 08:00:00,28.165179846993897,43.6,0.35400963653683726
305,2018-12-05 07:00:00,25.18809865830186,42.7,0.4101147855198628
306,2018-12-05 06:00:00,23.313591223522906,41.1,0.43275933762717994
307,2018-12-05 05:00:00,18.99915937651768,39.1,0.5140879954854813
308,2018-12-05 04:00:00,15.883099032834236,37.9,0.5809208698460623
309,2018-12-05 03:00:00,11.078079733665213,36.0,0.692275562953744
310,2018-12-05 02:00:00,8.390321864014272,33.1,0.7465159557699615
357,2018-12-03 03:00:00,81.43310971334462,40.7,1.0008135064703836
358,2018-12-03 02:00:00,152.5073147430785,109.8,0.38895550767831055
359,2018-12-03 01:00:00,205.48191031274587,158.0,0.3005184197009232
360,2018-12-03 00:00:00,221.9609054570646,176.2,0.25971001962011697
361,2018-12-02 23:00:00,219.69158007520645,171.7,0.27950832891791766
363,2018-12-02 21:00:00,213.83469745630546,175.1,0.2212147199103682
364,2018-12-02 20:00:00,210.44854318460375,187.4,0.12299115893598582
365,2018-12-02 19:00:00,210.61072741420634,184.7,0.14028547598379182
366,2018-12-02 18:00:00,215.1478060973052,186.6,0.15298931456219292
367,2018-12-02 17:00:00,221.9317237002802,181.7,0.22141840231304466
368,2018-12-02 16:00:00,223.31730612069504,184.0,0.2136810115255165
369,2018-12-02 15:00:00,215.0729987097718,184.6,0.165075832663986
370,2018-12-02 14:00:00,221.77605122061289,181.9,0.21921963287857546
371,2018-12-02 13:00:00,201.3897350690392,179.3,0.12319986095392745
372,2018-12-02 12:00:00,190.80225597531725,173.4,0.10035903099952276
373,2018-12-02 11:00:00,189.3270547991732,177.2,0.06843710383280592
374,2018-12-02 10:00:00,185.03144749756538,168.4,0.09876156471238345
375,2018-12-02 09:00:00,168.68001269765455,165.2,0.021065452164979168
376,2018-12-02 08:00:00,188.7733724817931,176.8,0.06772269503276636
377,2018-12-02 07:00:00,185.86847779605438,185.0,0.00469447457326691
378,2018-12-02 06:00:00,197.56054659246593,182.9,0.08015607759686123
379,2018-12-02 05:00:00,203.67112176009644,192.3,0.05913219844043904
380,2018-12-02 04:00:00,209.6547342354094,194.1,0.08013773434007934
381,2018-12-02 03:00:00,226.8362036605413,203.7,0.11357979214796907
382,2018-12-02 02:00:00,216.46488641855944,198.5,0.09050320613883851
383,2018-12-02 01:00:00,230.61668776822194,198.9,0.15946047143399664
384,2018-12-02 00:00:00,222.1359639434819,196.2,0.13219145740816468
385,2018-12-01 23:00:00,212.04939532478608,204.5,0.03691635855641113
386,2018-12-01 22:00:00,226.33874568062527,195.0,0.1607115163108988
387,2018-12-01 21:00:00,226.1559600775219,181.7,0.24466681385537659
388,2018-12-01 20:00:00,219.9666357288193,177.6,0.23855087685146012
389,2018-12-01 19:00:00,221.98070473663137,182.4,0.21699947772275965
390,2018-12-01 18:00:00,227.67929302670422,197.5,0.15280654697065427
391,2018-12-01 17:00:00,236.9856047419118,214.2,0.10637537227783292
392,2018-12-01 16:00:00,231.47932529575394,214.6,0.07865482430453842
393,2018-12-01 15:00:00,212.93167313380147,185.6,0.1472611699019476
394,2018-12-01 14:00:00,213.4548785786346,181.8,0.17411924410690094
395,2018-12-01 13:00:00,206.3734956665807,182.3,0.132054282318051
396,2018-12-01 12:00:00,185.41396064418404,164.6,0.12645176576053493
397,2018-12-01 11:00:00,143.95791679558792,138.4,0.040158358349623655
398,2018-12-01 10:00:00,127.22664386942549,131.9,0.035431054818608934
399,2018-12-01 09:00:00,118.189015352546,143.0,0.173503389143035
400,2018-12-01 08:00:00,109.29820446196263,127.4,0.1420863072059449
401,2018-12-01 07:00:00,114.31467917396026,128.8,0.11246367100962541
402,2018-12-01 06:00:00,131.70145072126653,136.6,0.03586053644753638
403,2018-12-01 05:00:00,144.23628120226903,146.4,0.014779499984501223
404,2018-12-01 04:00:00,165.1559766000817,153.6,0.07523422265678185
405,2018-12-01 03:00:00,178.9408992969997,157.6,0.1354117975697951
406,2018-12-01 02:00:00,171.45264826735362,161.0,0.0649232811636871
407,2018-12-01 01:00:00,173.50035863867126,167.0,0.0389243032255764
408,2018-12-01 00:00:00,166.8407701043009,173.2,0.03671610794283538
409,2018-11-30 23:00:00,156.9038614098067,174.4,0.10032189558597082
410,2018-11-30 22:00:00,163.50632119798814,169.4,0.03479149233773236
411,2018-11-30 21:00:00,155.29394878817808,166.6,0.06786345265199226
412,2018-11-30 20:00:00,153.9973551281005,163.2,0.05638875534252133
413,2018-11-30 19:00:00,151.42675206956642,158.0,0.041602835002744185
414,2018-11-30 18:00:00,139.25842166116826,160.6,0.13288654009235204
415,2018-11-30 17:00:00,131.18596586645836,147.4,0.11000023157083884
416,2018-11-30 16:00:00,126.50517237731161,140.5,0.09960731404048677
417,2018-11-30 15:00:00,124.28347413290115,136.9,0.092158698810072
418,2018-11-30 14:00:00,115.5142951635938,136.1,0.15125426037036147
419,2018-11-30 13:00:00,100.80955732076939,124.8,0.19223111121178374
420,2018-11-30 12:00:00,79.30255536341815,100.5,0.21091984713016765
421,2018-11-30 11:00:00,73.61355202708658,96.9,0.24031422056670196
422,2018-11-30 10:00:00,73.2955860391587,86.2,0.14970317820001502
423,2018-11-30 09:00:00,60.52850235812359,95.9,0.3688373059632577
424,2018-11-30 08:00:00,74.63485219706499,99.9,0.25290438241176194
425,2018-11-30 07:00:00,72.38174633966204,96.5,0.24993008974443479
426,2018-11-30 06:00:00,71.05885977971985,101.8,0.3019758371343826
427,2018-11-30 05:00:00,72.24488402647188,103.3,0.30063035792379594
428,2018-11-30 04:00:00,74.31541489250266,101.9,0.2707025035083155
429,2018-11-30 03:00:00,75.26433639960626,100.5,0.25110113035217646
430,2018-11-30 02:00:00,75.35824509344542,94.7,0.2042423960565426
431,2018-11-30 01:00:00,73.20637679720548,94.0,0.22120875747653745
432,2018-11-30 00:00:00,66.47245905836581,81.6,0.18538653114747772
433,2018-11-29 23:00:00,57.93107980352529,84.0,0.3103442880532703
434,2018-11-29 22:00:00,53.65546414145148,82.0,0.3456650714457136
435,2018-11-29 21:00:00,45.93577477045651,75.8,0.39398714023144443
436,2018-11-29 20:00:00,45.35952312427963,64.8,0.30000735919321553
437,2018-11-29 19:00:00,46.10332195150086,64.0,0.27963559450779907
438,2018-11-29 18:00:00,45.68393478675958,67.1,0.31916639662057256
439,2018-11-29 17:00:00,43.87961378084248,65.1,0.325965994149885
440,2018-11-29 16:00:00,39.42760718137299,59.8,0.34067546519443154
441,2018-11-29 15:00:00,39.63660959159701,58.5,0.3224511180923588
442,2018-11-29 14:00:00,38.866944371639946,54.3,0.28421833569723853
443,2018-11-29 13:00:00,41.443343412119404,55.8,0.2572877524709784
444,2018-11-29 12:00:00,40.242234764487876,58.4,0.31092063759438565
445,2018-11-29 11:00:00,43.936408755344814,58.8,0.252782164024748
446,2018-11-29 10:00:00,38.22745713639127,56.2,0.31979613636314463
447,2018-11-29 09:00:00,29.63760745644311,50.3,0.4107831519593815
448,2018-11-29 08:00:00,26.713314693631176,49.9,0.46466303219176
449,2018-11-29 07:00:00,25.422126787274223,50.9,0.5005476073227068
450,2018-11-29 06:00:00,26.47684446725969,51.4,0.4848862944112901
451,2018-11-29 05:00:00,43.40942804627872,61.0,0.2883700320282177
452,2018-11-29 04:00:00,57.3722875593389,75.1,0.23605475952944202
453,2018-11-29 03:00:00,60.56908152811734,72.7,0.16686270250182483
454,2018-11-29 02:00:00,59.418005362901184,70.5,0.15719141329218178
455,2018-11-29 01:00:00,57.49855719323466,65.8,0.12616174478366773
456,2018-11-29 00:00:00,53.253630261446474,64.0,0.16791202716489884
457,2018-11-28 23:00:00,51.6796508591067,61.6,0.16104462891060553
458,2018-11-28 22:00:00,47.69528697312881,57.0,0.16324057941879283
459,2018-11-28 21:00:00,43.62488232785462,57.6,0.2426235706969684
460,2018-11-28 20:00:00,42.333416561677154,55.0,0.23030151706041538
461,2018-11-28 19:00:00,37.53455987748124,53.8,0.3023316007903114
462,2018-11-28 18:00:00,34.37173353701264,52.8,0.3490201981626394
463,2018-11-28 17:00:00,34.834650948929614,55.5,0.37234863155081777
464,2018-11-28 16:00:00,32.72249600910385,46.9,0.30229219596793494
465,2018-11-28 15:00:00,33.73935896910223,49.7,0.3211396585693717
466,2018-11-28 14:00:00,38.4160636870902,51.2,0.24968625611151957
467,2018-11-28 13:00:00,41.713332089944714,55.7,0.25110714380709676
468,2018-11-28 12:00:00,52.17770782635722,58.3,0.10501358788409565
469,2018-11-28 11:00:00,57.62672234205209,65.2,0.11615456530594957
470,2018-11-28 10:00:00,65.32503432626027,73.9,0.11603471818321705
471,2018-11-28 09:00:00,66.67780608628595,73.6,0.09405154774067989
472,2018-11-28 08:00:00,55.834093859348116,62.6,0.1080815677420429
473,2018-11-28 07:00:00,47.99174227590022,59.1,0.1879569834873059
474,2018-11-28 06:00:00,40.57417809114416,60.3,0.3271280581899807
475,2018-11-28 05:00:00,37.9207244516048,59.4,0.36160396546119866
476,2018-11-28 04:00:00,32.50538106551563,55.1,0.4100656793917309
477,2018-11-28 03:00:00,28.34820887266174,51.0,0.44415276720271096
478,2018-11-28 02:00:00,31.59293918935462,51.5,0.386544870109619
479,2018-11-28 01:00:00,30.802531777895133,51.0,0.3960287886687229
480,2018-11-28 00:00:00,28.68553930408911,47.0,0.3896693765087423
481,2018-11-27 23:00:00,27.527326722181453,44.8,0.3855507428084497
482,2018-11-27 22:00:00,18.829793246623524,37.8,0.5018573215178962
483,2018-11-27 21:00:00,17.490776728685283,31.1,0.43759560357925137
503,2018-11-27 01:00:00,201.10969017875703,124.8,0.6114558507913225
504,2018-11-27 00:00:00,379.7304152458662,362.9,0.04637755647800006
505,2018-11-26 23:00:00,414.0495909544209,383.5,0.07965995033747307
506,2018-11-26 22:00:00,418.83845434196144,382.7,0.0944302439037404
507,2018-11-26 21:00:00,408.5495850109935,373.4,0.09413386451792588
508,2018-11-26 20:00:00,352.66242232091344,334.8,0.0533525158928119
509,2018-11-26 19:00:00,354.82386444627485,289.5,0.22564374592841055
510,2018-11-26 18:00:00,344.3618602790385,259.1,0.32906931794302774
511,2018-11-26 17:00:00,341.76389302808855,257.4,0.32775405216817627
512,2018-11-26 16:00:00,319.572369250795,271.0,0.17923383487378236
513,2018-11-26 15:00:00,319.47618296267217,279.8,0.14180194053849948
514,2018-11-26 14:00:00,361.3928250547447,290.5,0.24403726352752056
515,2018-11-26 13:00:00,365.53872403410577,286.8,0.2745422734801456
516,2018-11-26 12:00:00,336.9175019718311,280.5,0.20113191433807873
517,2018-11-26 11:00:00,299.55573577113864,262.1,0.1429062791726006
518,2018-11-26 10:00:00,303.6546411049552,263.8,0.1510790034304594
519,2018-11-26 09:00:00,281.5641711021872,249.2,0.12987227569095983
520,2018-11-26 08:00:00,243.2780716546229,242.2,0.004451162901002903
521,2018-11-26 07:00:00,230.39156768002618,235.2,0.020444014965875015
522,2018-11-26 06:00:00,217.36606889703376,213.0,0.020497976042412
523,2018-11-26 05:00:00,205.76970891995305,211.6,0.027553360491715254
524,2018-11-26 04:00:00,211.47296471683904,211.6,0.0006003557805337903
525,2018-11-26 03:00:00,195.0234694574984,202.6,0.03739649823544712
526,2018-11-26 02:00:00,174.5278994933364,178.4,0.021704599252598652
527,2018-11-26 01:00:00,164.1566130527366,176.4,0.0694069554833527
528,2018-11-26 00:00:00,153.98252739335857,167.3,0.07960234672230392
529,2018-11-25 23:00:00,141.61818885093373,149.8,0.05461823196973482
530,2018-11-25 22:00:00,141.23291507421214,142.5,0.008891824040616532
531,2018-11-25 21:00:00,124.9072556364805,121.7,0.026353785016273595
532,2018-11-25 20:00:00,107.74647646929472,117.8,0.0853440028073453
533,2018-11-25 19:00:00,81.34548548873326,96.4,0.15616716297994548
534,2018-11-25 18:00:00,64.65117365494214,77.1,0.16146337671929772
535,2018-11-25 17:00:00,54.25324063314388,70.4,0.22935737737011538
536,2018-11-25 16:00:00,46.110017291441665,59.6,0.2263419917543345
537,2018-11-25 15:00:00,48.15401498636345,63.5,0.24166905533285907
538,2018-11-25 14:00:00,62.65924497097805,76.7,0.18306069138229403
539,2018-11-25 13:00:00,56.257929291449614,74.4,0.24384503640524718
540,2018-11-25 12:00:00,67.8214949198119,83.8,0.19067428496644512
541,2018-11-25 11:00:00,79.01778927269945,81.9,0.035191828172168
542,2018-11-25 10:00:00,97.99128392138616,101.8,0.03741371393530296
543,2018-11-25 09:00:00,131.51581942275678,135.7,0.0308340499428387
544,2018-11-25 08:00:00,155.22164897936835,167.1,0.07108528438439043
545,2018-11-25 07:00:00,163.09136313837118,173.0,0.05727535758166949
546,2018-11-25 06:00:00,160.02642876441962,176.4,0.09282069861440127
547,2018-11-25 05:00:00,171.0222575722815,174.2,0.018241919791725025
548,2018-11-25 04:00:00,177.60397403144964,176.7,0.005115868882001415
549,2018-11-25 03:00:00,159.81039603014648,182.3,0.12336590219338196
550,2018-11-25 02:00:00,160.91563528862383,175.4,0.08257904624501809
551,2018-11-25 01:00:00,180.61484547220314,175.2,0.03090665223860248
552,2018-11-25 00:00:00,182.37584719608117,171.9,0.06094151946527726
553,2018-11-24 23:00:00,181.2342476106199,166.4,0.08914812265997525
554,2018-11-24 22:00:00,182.3355269996245,166.7,0.09379440311712368
555,2018-11-24 21:00:00,190.33653643042243,173.1,0.09957560040683093
556,2018-11-24 20:00:00,190.41914269454224,163.4,0.16535583044395494
557,2018-11-24 19:00:00,189.202209460314,167.9,0.12687438630324005
558,2018-11-24 18:00:00,178.12163696470725,165.7,0.0749646165643166
559,2018-11-24 17:00:00,164.16263581416374,159.4,0.029878518282081115
560,2018-11-24 16:00:00,119.59283938325986,124.1,0.03631878015100836
561,2018-11-24 15:00:00,131.0447433836233,122.6,0.06888045174244142
562,2018-11-24 14:00:00,128.5385268317199,121.3,0.05967458228952934
563,2018-11-24 13:00:00,139.9657314376692,124.2,0.12693825634194206
564,2018-11-24 12:00:00,117.68235560609952,116.7,0.00841778582775936
565,2018-11-24 11:00:00,81.76599681500755,88.5,0.0760904314688412
566,2018-11-24 10:00:00,47.74285422774906,64.1,0.25518168131436714
567,2018-11-24 09:00:00,58.9542708008227,73.0,0.19240724930379866
568,2018-11-24 08:00:00,52.62402620788609,67.7,0.222687943753529
569,2018-11-24 07:00:00,41.10927607708783,75.0,0.4518763189721623
570,2018-11-24 06:00:00,32.38061125693139,61.1,0.4700390956312375
571,2018-11-24 05:00:00,59.10174783166723,77.9,0.24131260806588925
572,2018-11-24 04:00:00,83.99699681661684,96.9,0.13315792758909353
573,2018-11-24 03:00:00,96.31444538695521,104.4,0.07744784112111869
574,2018-11-24 02:00:00,98.46872358247984,109.9,0.10401525402657112
575,2018-11-24 01:00:00,91.68850684142629,106.8,0.14149338163458527
576,2018-11-24 00:00:00,88.92167680332824,105.0,0.1531268875873501
577,2018-11-23 23:00:00,90.67688557989098,106.1,0.14536394363910476
578,2018-11-23 22:00:00,98.5230848379837,113.0,0.12811429346917078
579,2018-11-23 21:00:00,92.46789756699394,105.4,0.1226954690038526
580,2018-11-23 20:00:00,88.61365982778923,100.7,0.12002323904876631
581,2018-11-23 19:00:00,82.61209649976533,97.8,0.15529553681221542
582,2018-11-23 18:00:00,87.00495236548039,98.6,0.11759683199309942
583,2018-11-23 17:00:00,89.86014845794617,98.8,0.09048432734872298
584,2018-11-23 16:00:00,80.38601490556715,84.6,0.04981069851575465
585,2018-11-23 15:00:00,66.06310031140669,70.8,0.06690536283323886
586,2018-11-23 14:00:00,60.01495741323892,64.1,0.06372921352201369
587,2018-11-23 13:00:00,50.96700532643547,58.6,0.1302558818014425
588,2018-11-23 12:00:00,47.4778613928388,54.2,0.12402469754909973
589,2018-11-23 11:00:00,44.03372115003345,53.9,0.1830478450828673
590,2018-11-23 10:00:00,54.355446810819075,57.7,0.05796452667557934
591,2018-11-23 09:00:00,65.82633593406014,69.6,0.054219311292239294
592,2018-11-23 08:00:00,82.09102022196221,84.9,0.03308574532435565
593,2018-11-23 07:00:00,88.15242971010521,90.1,0.02161565249605754
594,2018-11-23 06:00:00,90.45121492158454,97.4,0.07134276261206847
595,2018-11-23 05:00:00,89.19200843168358,89.0,0.002157398108804219
596,2018-11-23 04:00:00,72.65723442166006,78.7,0.07678228180863962
597,2018-11-23 03:00:00,78.26949199170804,85.4,0.08349540993316122
598,2018-11-23 02:00:00,74.54989601073189,82.3,0.09416894276145944
599,2018-11-23 01:00:00,68.35357736384509,76.7,0.108819069571772
600,2018-11-23 00:00:00,62.89269382201589,71.5,0.12038190458719031
601,2018-11-22 23:00:00,57.25669094565059,65.3,0.12317471752449323
602,2018-11-22 22:00:00,54.807824119365094,62.9,0.12865144484316224
603,2018-11-22 21:00:00,54.696559475599216,60.0,0.08839067540667973
604,2018-11-22 20:00:00,47.27425290424111,54.3,0.12938760765670143
605,2018-11-22 19:00:00,37.57791277967315,44.9,0.16307543920549777
606,2018-11-22 18:00:00,24.48072654458122,40.6,0.39702643978863994
607,2018-11-22 17:00:00,19.543430965382026,36.2,0.46012621642591095
608,2018-11-22 16:00:00,17.25595920323242,35.7,0.5166397982287838
609,2018-11-22 15:00:00,13.615144043896066,32.3,0.5784785125728772
614,2018-11-22 10:00:00,15.02943865802946,35.2,0.5730273108514359
615,2018-11-22 09:00:00,33.085184284274206,67.8,0.5120179309104099
616,2018-11-22 08:00:00,71.76550305042147,66.5,0.07918049699881913
617,2018-11-22 07:00:00,69.15845202253672,68.4,0.01108847986164789
618,2018-11-22 06:00:00,63.67810173213816,73.3,0.13126737063931565
619,2018-11-22 05:00:00,58.93783422789825,69.2,0.14829719323846463
620,2018-11-22 04:00:00,54.6482441408532,67.6,0.19159402158501174
621,2018-11-22 03:00:00,54.661100147022744,64.8,0.15646450390396996
622,2018-11-22 02:00:00,54.183271870349586,66.0,0.17904133529773356
623,2018-11-22 01:00:00,51.69817974633672,62.9,0.17808935220450364
624,2018-11-22 00:00:00,47.60301790537888,59.9,0.20529185466813224
625,2018-11-21 23:00:00,44.975552700214315,60.5,0.2566024347072014
626,2018-11-21 22:00:00,43.05427492839229,57.0,0.2446618433615388
627,2018-11-21 21:00:00,36.17151085172498,52.6,0.31232869103184446
628,2018-11-21 20:00:00,29.86120378744333,45.5,0.34370980686937735
629,2018-11-21 19:00:00,23.994940875579946,37.7,0.3635294197458901
630,2018-11-21 18:00:00,20.322412913783076,35.7,0.4307447363085974
642,2018-11-21 06:00:00,28.770101656440776,49.4,0.4176092782097009
643,2018-11-21 05:00:00,44.478232926102336,55.2,0.1942349107590157
644,2018-11-21 04:00:00,41.12554841081315,54.5,0.24540278145296968
645,2018-11-21 03:00:00,45.069644026747724,56.0,0.19518492809379065
646,2018-11-21 02:00:00,65.74546296866986,76.5,0.14058218341608034
647,2018-11-21 01:00:00,76.4284391485759,80.3,0.04821370923317675
648,2018-11-21 00:00:00,50.16990327582914,45.1,0.11241470678113394
649,2018-11-20 23:00:00,36.577553006291396,41.4,0.11648422690117398
650,2018-11-20 22:00:00,37.31629997444512,41.5,0.10081204880855126
651,2018-11-20 21:00:00,32.77070503392099,36.6,0.10462554552128446
652,2018-11-20 20:00:00,28.81273032948978,31.0,0.07055708614549092
663,2018-11-20 09:00:00,35.21446435636166,45.3,0.22263875593020613
664,2018-11-20 08:00:00,64.43204025765795,86.4,0.2542587933141442
665,2018-11-20 07:00:00,81.05256747203265,91.2,0.11126570754350168
666,2018-11-20 06:00:00,74.98823485959286,82.8,0.09434498961844363
667,2018-11-20 05:00:00,64.0642753353343,72.8,0.11999621792123209
668,2018-11-20 04:00:00,53.803398099593416,59.6,0.0972584211477615
669,2018-11-20 03:00:00,50.04192854365317,57.4,0.12818939819419561
670,2018-11-20 02:00:00,48.18977927415527,55.0,0.12382219501535871
671,2018-11-20 01:00:00,47.29979243630166,56.6,0.16431462126675517
672,2018-11-20 00:00:00,52.09293887968647,80.4,0.35207787463076534
673,2018-11-19 23:00:00,74.6212766072662,118.3,0.3692199779605562
674,2018-11-19 22:00:00,106.27433370414113,143.5,0.25941230868194337
676,2018-11-19 20:00:00,132.51530453984327,146.7,0.096691857260782
677,2018-11-19 19:00:00,126.7441068274407,136.2,0.06942652843288756
678,2018-11-19 18:00:00,121.51608531252221,125.3,0.030198840283142774
679,2018-11-19 17:00:00,121.49230588608481,117.5,0.03397707137093453
711,2018-11-18 09:00:00,34.87909179329971,61.3,0.4310099218058775
712,2018-11-18 08:00:00,95.59295323774313,111.7,0.14419916528430501
713,2018-11-18 07:00:00,99.7555268970408,111.8,0.10773231755777461
714,2018-11-18 06:00:00,98.5706211081689,113.1,0.12846488852193724
715,2018-11-18 05:00:00,100.19630226117688,120.5,0.1684954169196939
716,2018-11-18 04:00:00,110.95164540616314,121.2,0.08455738113726786
717,2018-11-18 03:00:00,108.63224590475019,115.1,0.056192476935271955
718,2018-11-18 02:00:00,102.66871665813915,113.1,0.09223062194395092
719,2018-11-18 01:00:00,100.29599730589706,111.0,0.09643245670363008
720,2018-11-18 00:00:00,92.83495496775758,103.6,0.10390970108342097
