,时间,大红门街道,大红门街道_root,相对偏差
12,2018-12-17 12:00:00,37.07967355334716,37.9,0.02164449727316188
13,2018-12-17 11:00:00,39.496044972364544,44.4,0.11044943755935709
14,2018-12-17 10:00:00,36.0047547935366,36.6,0.01626353023124052
30,2018-12-16 18:00:00,113.65715766120927,124.3,0.08562222316002195
31,2018-12-16 17:00:00,55.625461781621205,52.7,0.05551160875941559
33,2018-12-16 15:00:00,54.22027474987844,61.2,0.11404779820460066
34,2018-12-16 14:00:00,73.28321795807756,76.5,0.04204943845650252
35,2018-12-16 13:00:00,91.67745666221064,88.8,0.032403791241110896
36,2018-12-16 12:00:00,117.64995273566336,122.2,0.03723442933172374
37,2018-12-16 11:00:00,125.30716615706505,130.8,0.04199414253008376
38,2018-12-16 10:00:00,125.05620235946971,124.8,0.0020529035213919145
39,2018-12-16 09:00:00,125.70710876051646,128.9,0.024770296660074038
40,2018-12-16 08:00:00,127.03545810396294,127.6,0.0044243095300709745
41,2018-12-16 07:00:00,134.39934693913852,131.3,0.02360507950600543
42,2018-12-16 06:00:00,139.0757388423611,157.3,0.11585671428886789
43,2018-12-16 05:00:00,135.38694285671377,163.5,0.17194530362866195
44,2018-12-16 04:00:00,138.23371869164984,160.2,0.13711786085112454
45,2018-12-16 03:00:00,141.06525145658622,166.9,0.15479178276461222
46,2018-12-16 02:00:00,147.96357813809996,170.8,0.13370270410948507
47,2018-12-16 01:00:00,140.59699900380167,169.8,0.17198469373497255
48,2018-12-16 00:00:00,141.8810622775803,173.5,0.18224171597936428
49,2018-12-15 23:00:00,138.7960571000338,165.6,0.16185955857467504
50,2018-12-15 22:00:00,144.7196641179945,169.0,0.14367062652074253
51,2018-12-15 21:00:00,137.59876274412093,155.8,0.11682437263080281
52,2018-12-15 20:00:00,141.30536577326052,163.7,0.13680289692571454
53,2018-12-15 19:00:00,135.9411247994162,150.9,0.09913104838027703
54,2018-12-15 18:00:00,110.67263426411151,107.2,0.03239397634432374
55,2018-12-15 17:00:00,101.4513280139255,98.9,0.02579704766355408
56,2018-12-15 16:00:00,102.65516756979649,103.2,0.005279384013599934
57,2018-12-15 15:00:00,99.86029394226304,102.1,0.021936396255993664
58,2018-12-15 14:00:00,92.42217920026432,93.2,0.00834571673536136
59,2018-12-15 13:00:00,89.14471483006422,92.4,0.035230358981989056
60,2018-12-15 12:00:00,89.2754416853187,91.6,0.025377274177743426
61,2018-12-15 11:00:00,89.51955407283629,86.7,0.032520808221871776
62,2018-12-15 10:00:00,87.13678931431721,89.6,0.027491190688423907
63,2018-12-15 09:00:00,89.9976752650328,103.4,0.12961629337492464
64,2018-12-15 08:00:00,87.6127397868854,100.0,0.12387260213114601
65,2018-12-15 07:00:00,82.18600840862628,93.0,0.1162794794771368
66,2018-12-15 06:00:00,80.65750940617974,87.0,0.07290219073356619
67,2018-12-15 05:00:00,80.53614022220684,79.8,0.009224814814622081
68,2018-12-15 04:00:00,83.41911660090013,82.5,0.01114080728363788
69,2018-12-15 03:00:00,88.37521956075416,83.1,0.06348037979246891
70,2018-12-15 02:00:00,93.47814865135892,87.2,0.07199711756145549
71,2018-12-15 01:00:00,91.2223025954205,78.7,0.15911439130140403
72,2018-12-15 00:00:00,81.7437445354474,77.2,0.05885679450061401
74,2018-12-14 22:00:00,67.60157708113681,69.3,0.02450826722746302
75,2018-12-14 21:00:00,62.07233051972147,64.2,0.033141269163217045
76,2018-12-14 20:00:00,56.62621494010287,59.4,0.046696718180086354
77,2018-12-14 19:00:00,50.646236759962505,55.3,0.08415485063358936
78,2018-12-14 18:00:00,47.015268927376205,52.4,0.10276204337068309
79,2018-12-14 17:00:00,53.27975059553711,58.0,0.08138361042177397
80,2018-12-14 16:00:00,61.961199252453135,63.9,0.030341169758166888
81,2018-12-14 15:00:00,79.02281579227233,77.3,0.02228739705397579
82,2018-12-14 14:00:00,91.01649907192696,95.5,0.04694765369709991
83,2018-12-14 13:00:00,79.87548249523593,81.1,0.015098859491542119
84,2018-12-14 12:00:00,63.70644863744995,66.6,0.04344671715540604
85,2018-12-14 11:00:00,43.73512227330123,54.1,0.19158738866356326
86,2018-12-14 10:00:00,39.84452857594289,47.7,0.1646849355148242
87,2018-12-14 09:00:00,39.07652393797982,54.5,0.28299956077101246
88,2018-12-14 08:00:00,35.968869751981785,53.7,0.3301886452144919
89,2018-12-14 07:00:00,43.10869121758445,55.5,0.22326682490838828
90,2018-12-14 06:00:00,43.755910662839554,50.3,0.13010117966521756
91,2018-12-14 05:00:00,45.48715832137568,52.7,0.13686606600805165
92,2018-12-14 04:00:00,52.92682794404168,49.1,0.07793946932875116
93,2018-12-14 03:00:00,44.86872061842247,41.4,0.08378552218411772
94,2018-12-14 02:00:00,38.21276543860966,33.5,0.1406795653316316
118,2018-12-13 02:00:00,28.353697450442205,32.8,0.1355580045596888
119,2018-12-13 01:00:00,46.41915512286852,55.2,0.15907327675962835
120,2018-12-13 00:00:00,68.3175377467388,77.4,0.1173444735563464
121,2018-12-12 23:00:00,88.49168839502993,92.4,0.04229774464253334
122,2018-12-12 22:00:00,115.10206942857528,115.6,0.004307357884296864
123,2018-12-12 21:00:00,105.21647703744233,108.7,0.03204712937035576
124,2018-12-12 20:00:00,77.90030956624304,95.1,0.1808589950973392
125,2018-12-12 19:00:00,76.10390135140014,81.6,0.06735415010539038
126,2018-12-12 18:00:00,49.147542122868025,68.3,0.280416659987291
127,2018-12-12 17:00:00,41.77902686037394,51.6,0.19032893681445856
128,2018-12-12 16:00:00,45.20067074069022,57.9,0.21933211155975438
129,2018-12-12 15:00:00,42.07339748764416,55.5,0.24192076598839354
130,2018-12-12 14:00:00,28.751934888220685,37.6,0.23532088063242862
136,2018-12-12 08:00:00,31.02800066905865,32.3,0.03938078423967022
137,2018-12-12 07:00:00,30.46073706388208,34.0,0.10409596870935064
138,2018-12-12 06:00:00,30.691452081534006,38.8,0.2089831937748967
139,2018-12-12 05:00:00,32.78230063318731,36.6,0.10430872586919918
140,2018-12-12 04:00:00,35.38982001009712,35.3,0.002544476206717307
141,2018-12-12 03:00:00,33.75088143938223,32.6,0.03530311163749178
163,2018-12-11 05:00:00,41.88128993924737,53.4,0.21570618091297064
164,2018-12-11 04:00:00,63.62657384936642,70.0,0.0910489450090511
165,2018-12-11 03:00:00,68.93701474774898,74.4,0.07342722113240632
166,2018-12-11 02:00:00,69.68827292585809,76.4,0.0878498308133759
167,2018-12-11 01:00:00,73.63090291624309,77.0,0.0437545075812586
168,2018-12-11 00:00:00,80.1214147535949,85.3,0.06071026080193543
169,2018-12-10 23:00:00,65.09605791805662,74.2,0.12269463722295669
170,2018-12-10 22:00:00,66.33472104798028,77.4,0.14296226036201193
171,2018-12-10 21:00:00,64.87016390897604,74.9,0.13390969413917178
172,2018-12-10 20:00:00,62.91646698792637,71.7,0.12250394716978567
174,2018-12-10 18:00:00,60.197083666347986,69.0,0.12757849758915962
175,2018-12-10 17:00:00,58.08984369985362,67.0,0.1329874074648714
176,2018-12-10 16:00:00,56.773413429584295,66.1,0.14109813268404992
177,2018-12-10 15:00:00,57.44097315823943,64.8,0.11356522903951492
178,2018-12-10 14:00:00,60.62333054705811,66.3,0.08562095705794702
179,2018-12-10 13:00:00,60.49498429944389,64.7,0.06499251469174823
180,2018-12-10 12:00:00,57.487535615180605,66.7,0.13811790681888153
181,2018-12-10 11:00:00,54.71274399060303,64.0,0.14511337514682765
182,2018-12-10 10:00:00,44.87274838940918,62.8,0.2854657899775608
183,2018-12-10 09:00:00,47.00215330607253,62.3,0.2455513112989963
184,2018-12-10 08:00:00,44.71387610072958,58.2,0.23172034191186294
185,2018-12-10 07:00:00,48.59032474916698,60.5,0.19685413637740526
186,2018-12-10 06:00:00,47.48100228389576,58.6,0.18974398832942388
187,2018-12-10 05:00:00,54.53135336222384,64.4,0.1532398546238535
188,2018-12-10 04:00:00,65.42318585865976,75.4,0.13231848993819947
189,2018-12-10 03:00:00,62.7476382959657,78.9,0.20471941323237394
190,2018-12-10 02:00:00,63.775542018228705,77.1,0.1728204666896406
191,2018-12-10 01:00:00,75.82173506833247,85.9,0.11732555217307954
192,2018-12-10 00:00:00,83.33131683418817,92.3,0.09716883169893635
193,2018-12-09 23:00:00,88.44081868766776,97.6,0.0938440708230762
194,2018-12-09 22:00:00,102.48581336892691,105.6,0.02949040370334358
195,2018-12-09 21:00:00,103.23473777337988,107.0,0.03518936660392639
196,2018-12-09 20:00:00,102.36864825387069,110.0,0.06937592496481193
197,2018-12-09 19:00:00,103.85629991696226,107.6,0.034792751701094214
198,2018-12-09 18:00:00,90.14849253841105,99.9,0.09761268730319277
199,2018-12-09 17:00:00,86.39369044333642,85.0,0.016396358156899115
200,2018-12-09 16:00:00,77.2510300143904,84.7,0.08794533631180175
201,2018-12-09 15:00:00,68.53885715851975,79.4,0.13679021210932316
202,2018-12-09 14:00:00,56.57795555570059,59.7,0.05229555183081092
203,2018-12-09 13:00:00,33.7236739563963,39.2,0.13970219498989045
204,2018-12-09 12:00:00,29.875652012350386,31.6,0.05456797429270934
205,2018-12-09 11:00:00,30.968296374290006,36.2,0.14452219960524854
206,2018-12-09 10:00:00,19.97564735924602,62.8,0.6819164433241078
207,2018-12-09 09:00:00,27.295607381165677,79.1,0.6549227891129497
208,2018-12-09 08:00:00,22.52151440580573,73.1,0.6919081476633963
209,2018-12-09 07:00:00,20.25409832641343,73.6,0.7248084466519915
210,2018-12-09 06:00:00,22.70807439636572,73.6,0.6914663804841614
211,2018-12-09 05:00:00,21.51522722460738,69.5,0.6904283852574478
212,2018-12-09 04:00:00,21.344893871232504,68.6,0.6888499435680393
213,2018-12-09 03:00:00,20.072075466150658,68.2,0.7056880430183188
214,2018-12-09 02:00:00,19.263933442356326,67.0,0.7124786053379653
215,2018-12-09 01:00:00,11.763766264016413,63.9,0.8159035013455961
217,2018-12-08 23:00:00,39.296131227029576,50.9,0.22797384622731676
218,2018-12-08 22:00:00,9.150464770818632,47.6,0.8077633451508691
219,2018-12-08 21:00:00,7.888841462134108,42.7,0.8152496144699272
220,2018-12-08 20:00:00,6.694946126291505,36.3,0.815566222416212
221,2018-12-08 19:00:00,6.755146494863565,31.4,0.7848679460234532
287,2018-12-06 01:00:00,30.44822004224562,43.4,0.29842810962567695
288,2018-12-06 00:00:00,39.75258414969845,54.0,0.2638410342648435
289,2018-12-05 23:00:00,40.78861382744302,54.0,0.24465529949179587
290,2018-12-05 22:00:00,55.34069260383063,58.9,0.060429667167561395
291,2018-12-05 21:00:00,72.47764514773134,66.5,0.08988940071776447
292,2018-12-05 20:00:00,65.08397162450899,64.6,0.007491820812832756
293,2018-12-05 19:00:00,49.27302061589185,63.9,0.22890421571374253
294,2018-12-05 18:00:00,57.66723852479221,59.9,0.037274815946707646
295,2018-12-05 17:00:00,42.06762935302137,56.7,0.2580665017103816
296,2018-12-05 16:00:00,48.010647574199226,51.5,0.0677544160349665
297,2018-12-05 15:00:00,42.33557405133719,50.6,0.16332857606052986
298,2018-12-05 14:00:00,41.87682647036358,49.1,0.14711147718200446
299,2018-12-05 13:00:00,49.605024727440195,57.7,0.14029419883119248
300,2018-12-05 12:00:00,50.226341785115025,56.9,0.11728749059551799
301,2018-12-05 11:00:00,44.938612449215825,56.0,0.19752477769257457
302,2018-12-05 10:00:00,41.261366217631156,53.4,0.22731523937020304
304,2018-12-05 08:00:00,33.42955551445357,48.0,0.30355092678221735
305,2018-12-05 07:00:00,34.52602490139113,43.1,0.19893213685867445
306,2018-12-05 06:00:00,33.1575782195942,38.4,0.13652140053140102
307,2018-12-05 05:00:00,35.936484145581005,33.6,0.06953821861848225
308,2018-12-05 04:00:00,30.49564207187507,31.3,0.025698336361818827
356,2018-12-03 04:00:00,59.814756616474966,31.5,0.8988811624277767
357,2018-12-03 03:00:00,55.21977941858957,40.2,0.3736263536962578
358,2018-12-03 02:00:00,113.32976450547692,86.9,0.30413998280180565
359,2018-12-03 01:00:00,191.020520238063,147.8,0.2924257120301961
360,2018-12-03 00:00:00,227.15502873330993,183.1,0.24060638303282328
361,2018-12-02 23:00:00,236.6539726164241,181.8,0.3017270220925418
363,2018-12-02 21:00:00,215.8790515355912,174.4,0.23783859825453668
364,2018-12-02 20:00:00,221.78888075588415,176.8,0.254461995225589
365,2018-12-02 19:00:00,215.0261059901866,171.6,0.2530658857236982
366,2018-12-02 18:00:00,212.41431118522007,176.3,0.2048457809711858
367,2018-12-02 17:00:00,211.51677731533198,176.3,0.19975483446019265
368,2018-12-02 16:00:00,215.99366369375366,173.6,0.24420313187646123
369,2018-12-02 15:00:00,218.3646882655629,173.9,0.2556911343620638
370,2018-12-02 14:00:00,227.57282657363967,175.6,0.29597281647858587
371,2018-12-02 13:00:00,217.295314148829,175.6,0.2374448413942426
372,2018-12-02 12:00:00,197.89485851134316,168.1,0.1772448453976393
373,2018-12-02 11:00:00,184.3517941626411,160.6,0.14789411060175042
374,2018-12-02 10:00:00,180.97923998194858,172.4,0.049763572981140224
375,2018-12-02 09:00:00,155.04687927176798,160.1,0.031562278127620344
376,2018-12-02 08:00:00,169.1442826669533,163.8,0.03262687830862814
377,2018-12-02 07:00:00,181.62592237767757,178.1,0.019797430531597833
378,2018-12-02 06:00:00,179.22553083190252,172.7,0.03778535513550972
379,2018-12-02 05:00:00,194.47234716603725,175.3,0.10936878018275664
380,2018-12-02 04:00:00,197.4276290627355,185.1,0.06659983286188816
381,2018-12-02 03:00:00,209.9614942713671,178.8,0.1742812878711805
382,2018-12-02 02:00:00,191.8840567702417,176.6,0.08654618782696322
383,2018-12-02 01:00:00,206.1063962308735,175.8,0.17239133237129392
384,2018-12-02 00:00:00,201.8011148092643,174.1,0.15911036650927232
385,2018-12-01 23:00:00,198.22753564720813,182.1,0.08856417159367455
386,2018-12-01 22:00:00,195.34022554179592,179.3,0.08946026515223594
387,2018-12-01 21:00:00,194.44984385271644,172.2,0.12920931389498522
388,2018-12-01 20:00:00,201.5551286932411,162.9,0.2372936076933155
389,2018-12-01 19:00:00,199.1152469888025,162.4,0.22607910707390705
390,2018-12-01 18:00:00,214.58055317007629,174.4,0.2303930801036484
391,2018-12-01 17:00:00,231.52775976148595,193.0,0.1996256982460412
392,2018-12-01 16:00:00,209.5147654533925,178.2,0.17572820119748886
393,2018-12-01 15:00:00,191.92419926767258,167.0,0.1492467022016322
394,2018-12-01 14:00:00,194.18381393871445,168.6,0.1517426686756492
395,2018-12-01 13:00:00,181.47782181722044,161.4,0.12439790469157644
396,2018-12-01 12:00:00,172.7912567721562,146.2,0.18188274125961845
397,2018-12-01 11:00:00,142.85368374350514,129.6,0.10226607826778665
398,2018-12-01 10:00:00,107.39765688894502,105.6,0.017023265993797613
399,2018-12-01 09:00:00,97.44712351518251,104.6,0.0683831403902245
400,2018-12-01 08:00:00,102.65367078010932,104.3,0.015784556278913463
401,2018-12-01 07:00:00,95.68329866042377,111.5,0.14185382367332938
402,2018-12-01 06:00:00,90.63908182045266,121.2,0.2521527902602916
403,2018-12-01 05:00:00,106.5782310963521,132.0,0.19258915836096896
404,2018-12-01 04:00:00,124.63004562382814,151.6,0.17790207372145025
405,2018-12-01 03:00:00,128.3812292661774,161.4,0.20457726600881415
406,2018-12-01 02:00:00,148.55187315908194,160.0,0.0715507927557379
407,2018-12-01 01:00:00,166.70421893805408,158.2,0.05375612476646078
408,2018-12-01 00:00:00,164.84092888943925,158.3,0.04131982873935087
409,2018-11-30 23:00:00,144.7958403525825,155.6,0.06943547331245176
410,2018-11-30 22:00:00,142.41206047292013,153.6,0.07283814796275953
411,2018-11-30 21:00:00,138.92429912992458,148.4,0.06385243173905275
412,2018-11-30 20:00:00,142.83473402552414,146.9,0.027673696218351692
413,2018-11-30 19:00:00,136.7800002411334,142.5,0.04014034918502882
414,2018-11-30 18:00:00,129.55632774570714,130.3,0.005707384913989829
415,2018-11-30 17:00:00,121.75677485057562,125.3,0.02827793415342676
416,2018-11-30 16:00:00,115.64999745513708,119.5,0.03221759451768132
417,2018-11-30 15:00:00,114.46215028891461,118.4,0.033258865803086075
418,2018-11-30 14:00:00,113.00443639929865,112.0,0.008968182136595131
419,2018-11-30 13:00:00,94.4164256773648,94.6,0.0019405319517462488
420,2018-11-30 12:00:00,74.80737933749495,74.8,9.865424458493476e-05
421,2018-11-30 11:00:00,63.90482388590902,70.0,0.08707394448701404
422,2018-11-30 10:00:00,63.909127831715246,79.7,0.1981288854238991
423,2018-11-30 09:00:00,58.003912564733064,69.8,0.16899838732474118
424,2018-11-30 08:00:00,69.23168908984047,76.2,0.09144764973962638
425,2018-11-30 07:00:00,74.39597223501279,86.7,0.14191496845429308
426,2018-11-30 06:00:00,70.3790875628467,83.2,0.15409750525424634
427,2018-11-30 05:00:00,71.02511783395622,79.8,0.10996092939904488
428,2018-11-30 04:00:00,73.62767845510243,79.4,0.07269926378964205
429,2018-11-30 03:00:00,71.65888386065102,76.2,0.05959469999145651
430,2018-11-30 02:00:00,70.07979390709636,74.0,0.05297575801221136
431,2018-11-30 01:00:00,67.35711002652505,75.6,0.109032936157076
432,2018-11-30 00:00:00,64.51344534276097,71.0,0.09135992474984543
433,2018-11-29 23:00:00,61.353173993772444,67.7,0.0937492763105991
434,2018-11-29 22:00:00,58.34123586898565,64.4,0.09408018836978814
435,2018-11-29 21:00:00,52.56233588732777,61.6,0.14671532650441935
436,2018-11-29 20:00:00,50.518495311788655,62.5,0.1917040750113815
437,2018-11-29 19:00:00,49.304788803767124,62.9,0.2161400826110155
438,2018-11-29 18:00:00,51.872514724701574,63.3,0.1805289932906544
439,2018-11-29 17:00:00,51.60274229325779,60.9,0.15266433015997058
440,2018-11-29 16:00:00,47.58159209396172,56.7,0.16081848158797682
441,2018-11-29 15:00:00,48.444935098879036,55.3,0.12396139061701558
442,2018-11-29 14:00:00,46.342968069788064,53.8,0.1386065414537534
443,2018-11-29 13:00:00,47.947131207925224,52.1,0.07970957374423757
444,2018-11-29 12:00:00,46.20844419385239,53.7,0.1395075569115012
445,2018-11-29 11:00:00,51.61685822921589,55.0,0.06151166855971103
446,2018-11-29 10:00:00,46.474798390144834,51.8,0.10280311988137382
447,2018-11-29 09:00:00,41.73761251157786,51.0,0.18161544094945378
448,2018-11-29 08:00:00,38.93758967667813,51.8,0.24830907960080828
449,2018-11-29 07:00:00,38.485973261170074,49.8,0.22718929194437598
450,2018-11-29 06:00:00,27.673147222303406,42.9,0.35493829318640074
451,2018-11-29 05:00:00,32.0486722100066,44.0,0.2716210861362136
452,2018-11-29 04:00:00,42.930741989107965,54.7,0.21516010988833706
453,2018-11-29 03:00:00,53.109498743428205,67.1,0.20850225419630092
454,2018-11-29 02:00:00,59.48978877755153,72.4,0.17831783456420544
455,2018-11-29 01:00:00,65.08914117218606,68.5,0.0497935595301305
456,2018-11-29 00:00:00,63.44357925475669,66.0,0.03873364765520164
457,2018-11-28 23:00:00,60.99248681576095,64.7,0.05730314040554953
458,2018-11-28 22:00:00,57.28588939226611,62.3,0.0804833163360175
459,2018-11-28 21:00:00,52.67423638893708,58.4,0.09804389744970747
460,2018-11-28 20:00:00,51.55372510939325,56.0,0.07939776590369199
461,2018-11-28 19:00:00,51.831908619154156,56.5,0.08262108638665211
462,2018-11-28 18:00:00,50.99709742322594,54.4,0.06255335619069964
463,2018-11-28 17:00:00,49.47097842331993,48.2,0.026368846956844903
464,2018-11-28 16:00:00,52.34658518823126,49.5,0.05750677147941938
465,2018-11-28 15:00:00,50.75476574617063,50.6,0.0030586115843997054
466,2018-11-28 14:00:00,51.40453752167274,51.1,0.005959638388898925
467,2018-11-28 13:00:00,55.30246312419785,53.0,0.043442700456563205
468,2018-11-28 12:00:00,53.21728352578936,54.4,0.021741111658283754
469,2018-11-28 11:00:00,53.3311614255066,56.3,0.05273247912066424
470,2018-11-28 10:00:00,62.733146915558095,61.7,0.016744682586030662
471,2018-11-28 09:00:00,61.59604489483192,67.4,0.08611209354848792
472,2018-11-28 08:00:00,62.01551311644933,66.9,0.07301176208595932
473,2018-11-28 07:00:00,58.113713174305225,62.9,0.07609359023362121
474,2018-11-28 06:00:00,58.00412503908025,60.8,0.04598478554144321
475,2018-11-28 05:00:00,53.5314646682831,55.3,0.03198074740898549
476,2018-11-28 04:00:00,49.866837367076414,55.4,0.09987658182172536
477,2018-11-28 03:00:00,48.986505793369446,52.7,0.07046478570456464
478,2018-11-28 02:00:00,46.79899821187602,49.7,0.0583702573063176
479,2018-11-28 01:00:00,44.75771930246147,48.2,0.07141661198212729
480,2018-11-28 00:00:00,45.6552277954097,45.4,0.0056217576081432205
481,2018-11-27 23:00:00,43.64706999743279,37.1,0.17647088941867348
502,2018-11-27 02:00:00,58.428045871948235,33.8,0.7286404104126698
503,2018-11-27 01:00:00,161.87787180997088,113.0,0.43254753814133523
504,2018-11-27 00:00:00,302.39281838349024,301.7,0.002296381781538775
505,2018-11-26 23:00:00,357.10202548397933,383.3,0.06834848556227675
506,2018-11-26 22:00:00,410.01507223201355,407.1,0.007160580280062708
507,2018-11-26 21:00:00,392.5432930568704,373.7,0.050423583240220594
508,2018-11-26 20:00:00,347.0502268245858,315.2,0.10104767393586876
509,2018-11-26 19:00:00,310.4600937171274,271.1,0.14518662381824923
510,2018-11-26 18:00:00,281.9015553143316,241.6,0.16681107332090886
511,2018-11-26 17:00:00,281.5188838921422,232.8,0.2092735562377241
512,2018-11-26 16:00:00,279.8206445153737,240.8,0.16204586592763165
513,2018-11-26 15:00:00,264.7490699418346,255.4,0.03660559883255515
514,2018-11-26 14:00:00,285.09244268645733,269.1,0.059429367099432584
515,2018-11-26 13:00:00,305.5411319011062,276.7,0.10423249693207888
516,2018-11-26 12:00:00,290.8346507645282,279.7,0.039809262654730795
517,2018-11-26 11:00:00,269.0742868782541,257.2,0.046167522854798256
518,2018-11-26 10:00:00,234.87958692085869,235.9,0.004325617122260791
519,2018-11-26 09:00:00,208.85602330082918,242.0,0.13695858140153233
520,2018-11-26 08:00:00,205.8581133182757,238.6,0.1372250070482996
521,2018-11-26 07:00:00,224.6804265856897,223.6,0.004831961474462019
522,2018-11-26 06:00:00,206.97508977051515,187.0,0.1068186618744126
523,2018-11-26 05:00:00,196.1609007541065,178.7,0.09771069252437896
524,2018-11-26 04:00:00,196.59449710691217,173.8,0.13115360821008146
525,2018-11-26 03:00:00,191.55712033460787,171.4,0.11760280241894905
526,2018-11-26 02:00:00,176.89347388299126,161.1,0.09803521963371363
527,2018-11-26 01:00:00,167.77480066491913,152.8,0.098002622152612
528,2018-11-26 00:00:00,148.30706823752934,143.2,0.03566388434028874
529,2018-11-25 23:00:00,140.37492708326215,125.9,0.11497162099493363
530,2018-11-25 22:00:00,141.45994960964345,122.5,0.1547750988542322
531,2018-11-25 21:00:00,137.75675399198542,112.6,0.2234169981526237
532,2018-11-25 20:00:00,113.8566300389424,93.6,0.2164169875955385
533,2018-11-25 19:00:00,92.23289120105552,76.0,0.21359067369809898
534,2018-11-25 18:00:00,67.46450807253913,64.1,0.05248842546862931
535,2018-11-25 17:00:00,59.19819514470929,56.8,0.04222174550544527
536,2018-11-25 16:00:00,54.33729731353869,54.4,0.001152622912891676
537,2018-11-25 15:00:00,62.2337911381399,54.5,0.14190442455302568
538,2018-11-25 14:00:00,69.37710949629668,58.8,0.1798828145628688
539,2018-11-25 13:00:00,60.47078435466384,52.6,0.1496346835487422
540,2018-11-25 12:00:00,64.71284880064964,56.8,0.13931071832129652
541,2018-11-25 11:00:00,73.31512227463797,61.8,0.18632883939543649
542,2018-11-25 10:00:00,86.40038374097533,77.1,0.12062754527853872
543,2018-11-25 09:00:00,100.13427764991194,113.8,0.12008543365630985
544,2018-11-25 08:00:00,114.67080258617038,147.6,0.2230975434541302
545,2018-11-25 07:00:00,143.06681714496784,165.4,0.13502528932909408
546,2018-11-25 06:00:00,147.3052205994136,164.8,0.10615764199384965
547,2018-11-25 05:00:00,139.54892289466363,145.5,0.040900873576194964
548,2018-11-25 04:00:00,149.98664655661273,153.5,0.02288829604812556
549,2018-11-25 03:00:00,161.62468677572707,163.8,0.013280300514486816
550,2018-11-25 02:00:00,168.66394010967483,162.8,0.03601928814296569
551,2018-11-25 01:00:00,169.82102316037594,160.4,0.058734558356458466
552,2018-11-25 00:00:00,166.71192905793018,163.2,0.02151917314908204
553,2018-11-24 23:00:00,161.307609671672,159.5,0.011332975997943558
554,2018-11-24 22:00:00,162.03605282218447,162.1,0.0003944921518539246
555,2018-11-24 21:00:00,172.78905809029897,165.0,0.04720641266847858
556,2018-11-24 20:00:00,179.99053693370928,169.7,0.060639581223979326
557,2018-11-24 19:00:00,167.5202352358351,162.2,0.032800463846085696
558,2018-11-24 18:00:00,155.7274486629487,158.0,0.014383236310451337
559,2018-11-24 17:00:00,135.33214971635897,145.9,0.07243214724908181
560,2018-11-24 16:00:00,99.1933935335392,106.2,0.0659755787802336
561,2018-11-24 15:00:00,111.69591840189264,117.5,0.04939643913282859
562,2018-11-24 14:00:00,109.00451111174695,109.2,0.001790191284368613
563,2018-11-24 13:00:00,120.18381871248661,111.8,0.07498943392206275
564,2018-11-24 12:00:00,100.72294598975702,90.3,0.11542575846907005
565,2018-11-24 11:00:00,84.64252801100375,73.9,0.14536573763198568
566,2018-11-24 10:00:00,52.64664127790261,50.7,0.038395291477368976
567,2018-11-24 09:00:00,63.39995705422454,57.0,0.1122799483197287
568,2018-11-24 08:00:00,57.00002038773673,59.8,0.046822401542863955
569,2018-11-24 07:00:00,48.902027449358584,53.5,0.08594341216152178
570,2018-11-24 06:00:00,47.74677791309608,54.2,0.11906313813475868
571,2018-11-24 05:00:00,48.928779151163596,60.4,0.18992087498073515
572,2018-11-24 04:00:00,74.55229787977146,71.2,0.04708283539004853
573,2018-11-24 03:00:00,83.36249505717021,79.7,0.04595351389172151
574,2018-11-24 02:00:00,92.83501918460362,94.1,0.013442941715158028
575,2018-11-24 01:00:00,93.63460981702897,91.0,0.02895175623108762
576,2018-11-24 00:00:00,89.73398293069377,87.4,0.026704610191004167
577,2018-11-23 23:00:00,87.31423969950754,88.5,0.013398421474491088
578,2018-11-23 22:00:00,96.4984866104808,99.8,0.03308129648816835
579,2018-11-23 21:00:00,97.46670582691272,97.7,0.002387862569982472
580,2018-11-23 20:00:00,91.04086986972206,89.8,0.013818149996904916
581,2018-11-23 19:00:00,86.80483752256521,85.8,0.01171139303689057
582,2018-11-23 18:00:00,86.7087140560091,87.9,0.013552741114799835
583,2018-11-23 17:00:00,81.46165343337519,90.1,0.0958751006284662
584,2018-11-23 16:00:00,76.79185704384986,78.4,0.020512027501915133
585,2018-11-23 15:00:00,62.540543885876716,67.5,0.07347342391293754
586,2018-11-23 14:00:00,55.10042226237881,60.1,0.08318764954444584
587,2018-11-23 13:00:00,47.89139108587772,57.0,0.15980015638811015
588,2018-11-23 12:00:00,45.47187851053121,55.0,0.17323857253579614
589,2018-11-23 11:00:00,39.90251763111824,53.3,0.25135989435050193
590,2018-11-23 10:00:00,50.46071216574108,56.0,0.09891585418319503
591,2018-11-23 09:00:00,63.41662409539791,61.9,0.024501197017736807
592,2018-11-23 08:00:00,78.51285598957656,67.6,0.16143278091089602
593,2018-11-23 07:00:00,79.93072416829511,71.1,0.12420146509557133
594,2018-11-23 06:00:00,85.787081829841,79.2,0.08317022512425501
595,2018-11-23 05:00:00,85.895193394579,82.8,0.03738156273646134
596,2018-11-23 04:00:00,75.18451169880979,73.2,0.027110815557510694
597,2018-11-23 03:00:00,82.42410268441046,73.0,0.12909729704671857
598,2018-11-23 02:00:00,79.890529470732,72.8,0.09739738283972539
599,2018-11-23 01:00:00,72.30019578205727,69.2,0.04480051708175245
600,2018-11-23 00:00:00,65.37164932149746,64.8,0.008821748788541058
601,2018-11-22 23:00:00,64.67186718579872,61.5,0.05157507619184906
602,2018-11-22 22:00:00,61.103777770832764,58.8,0.039179894061781746
603,2018-11-22 21:00:00,59.4562016796896,54.6,0.08894142270493768
604,2018-11-22 20:00:00,52.3404546639728,51.0,0.026283424783780384
605,2018-11-22 19:00:00,45.600922356217836,45.2,0.008869963633137908
606,2018-11-22 18:00:00,35.35552977070982,37.0,0.044445141332166975
607,2018-11-22 17:00:00,32.11843850157934,30.8,0.04280644485647209
616,2018-11-22 08:00:00,25.122542342882056,48.1,0.47770182239330444
617,2018-11-22 07:00:00,54.341905946597386,74.2,0.26762929991108647
618,2018-11-22 06:00:00,67.7761949716631,70.3,0.03590049826937262
619,2018-11-22 05:00:00,68.02599918949122,68.8,0.011250011780650887
620,2018-11-22 04:00:00,64.05013069064903,69.1,0.07308059781984035
621,2018-11-22 03:00:00,62.569324576155125,67.0,0.06612948393798321
622,2018-11-22 02:00:00,58.96031372519816,67.7,0.1290943319763935
623,2018-11-22 01:00:00,54.471715554324035,65.7,0.1709023507713237
624,2018-11-22 00:00:00,51.18960128545376,61.5,0.1676487595861177
625,2018-11-21 23:00:00,50.4193424821855,59.9,0.15827474988004173
626,2018-11-21 22:00:00,49.36721034998951,56.9,0.1323864613358609
627,2018-11-21 21:00:00,47.25779600228754,51.1,0.07518990210787592
628,2018-11-21 20:00:00,41.58083245397897,43.3,0.039703638476236175
629,2018-11-21 19:00:00,33.88353663065671,37.1,0.08669712585830983
630,2018-11-21 18:00:00,29.944218102903665,36.0,0.1682161638082315
717,2018-11-18 03:00:00,103.82457899446993,33.8,2.0717331063452646
720,2018-11-18 00:00:00,85.65750781910299,1.0,84.65750781910299
