,时间,太平桥街道,太平桥街道_root,相对偏差
12,2018-12-17 12:00:00,37.902649817752426,49.0,0.22647653433158313
13,2018-12-17 11:00:00,37.067798273872434,47.1,0.21299791350589314
14,2018-12-17 10:00:00,36.638644052001105,45.4,0.19298140854623114
15,2018-12-17 09:00:00,29.329887932175904,37.7,0.22201888774069226
30,2018-12-16 18:00:00,89.30793633429812,96.1,0.0706770412664087
31,2018-12-16 17:00:00,73.01455469282703,71.6,0.019756350458478202
34,2018-12-16 14:00:00,66.95549095311172,72.2,0.07263862945828646
35,2018-12-16 13:00:00,94.11940623258792,85.5,0.1008117688021979
36,2018-12-16 12:00:00,111.25209610073229,112.3,0.009331290287334898
37,2018-12-16 11:00:00,124.60209523473173,127.1,0.019653066603212112
38,2018-12-16 10:00:00,125.83105380342442,130.0,0.03206881689673519
39,2018-12-16 09:00:00,125.06843609674212,127.9,0.02213888900123446
40,2018-12-16 08:00:00,119.17414198957164,124.7,0.04431321580135016
41,2018-12-16 07:00:00,119.20407614134862,121.2,0.016468018635737464
42,2018-12-16 06:00:00,122.61008391046077,129.1,0.05027045770363456
43,2018-12-16 05:00:00,125.27588774008508,129.0,0.028869087286162155
44,2018-12-16 04:00:00,126.28633324697691,127.7,0.011070217329859779
45,2018-12-16 03:00:00,132.4205630407356,127.2,0.04104216226993395
46,2018-12-16 02:00:00,138.2557342713146,131.2,0.053778462433800356
47,2018-12-16 01:00:00,147.8783556780407,143.0,0.03411437537091393
48,2018-12-16 00:00:00,145.3676795404776,141.9,0.024437487952625823
49,2018-12-15 23:00:00,144.2453035337157,141.5,0.01940143840081776
50,2018-12-15 22:00:00,143.48924324080338,143.4,0.00062233780197608
51,2018-12-15 21:00:00,146.55537524352746,144.5,0.014224050128217747
52,2018-12-15 20:00:00,139.05030367654174,127.9,0.08717985673605738
53,2018-12-15 19:00:00,114.658204419825,108.0,0.06165004092430553
54,2018-12-15 18:00:00,112.00759001410292,107.7,0.039996193260008486
55,2018-12-15 17:00:00,112.03031756268408,108.7,0.030637696068850712
56,2018-12-15 16:00:00,111.26186929504301,108.2,0.028298237477292144
57,2018-12-15 15:00:00,94.51228110779019,102.7,0.0797246240721501
58,2018-12-15 14:00:00,94.46841038385593,103.7,0.08902207922993324
59,2018-12-15 13:00:00,94.65172045744174,106.0,0.10705924096753075
60,2018-12-15 12:00:00,100.73894199387237,106.3,0.05231475076319496
61,2018-12-15 11:00:00,95.08308170657834,101.2,0.06044385665436425
62,2018-12-15 10:00:00,92.82569449236306,98.6,0.05856293618293042
63,2018-12-15 09:00:00,91.10778835692322,94.8,0.0389473802012318
64,2018-12-15 08:00:00,92.40197059343447,88.6,0.04291163198007309
65,2018-12-15 07:00:00,84.51393131673134,87.2,0.030803539945741493
66,2018-12-15 06:00:00,82.9186157993561,89.0,0.06833015955779659
67,2018-12-15 05:00:00,84.26547655647371,87.8,0.04025653124745197
68,2018-12-15 04:00:00,82.47996374607528,78.6,0.04936340643861693
69,2018-12-15 03:00:00,84.32035469514751,77.1,0.09364921783589521
70,2018-12-15 02:00:00,85.58028625394306,78.7,0.08742422177818367
71,2018-12-15 01:00:00,88.20360781830044,81.9,0.07696712842857674
72,2018-12-15 00:00:00,90.94346401636625,79.9,0.1382160702924436
74,2018-12-14 22:00:00,78.38386891545525,75.6,0.03682366290284733
75,2018-12-14 21:00:00,76.5891646904578,68.4,0.11972462997745323
76,2018-12-14 20:00:00,70.04421335419572,63.5,0.10305847801883022
77,2018-12-14 19:00:00,63.894657596055794,60.4,0.05785856947112244
78,2018-12-14 18:00:00,57.851283072898894,58.8,0.01613464161736569
79,2018-12-14 17:00:00,71.23097237696388,69.9,0.019041092660427333
80,2018-12-14 16:00:00,84.5247533604781,98.5,0.14188067654336953
81,2018-12-14 15:00:00,77.96422235022459,88.0,0.11404292783835696
82,2018-12-14 14:00:00,83.58508873676759,85.0,0.016646014861557788
83,2018-12-14 13:00:00,75.07621189366421,77.5,0.03127468524304247
84,2018-12-14 12:00:00,46.691325712117276,51.8,0.09862305575063168
85,2018-12-14 11:00:00,35.87098652565215,45.0,0.2028669660966189
86,2018-12-14 10:00:00,29.74151486688904,39.2,0.241287886048749
87,2018-12-14 09:00:00,27.932763682241628,33.0,0.15355261568964762
88,2018-12-14 08:00:00,25.724462375592807,34.2,0.24782273755576592
90,2018-12-14 06:00:00,27.883678808824627,34.0,0.17989179974045216
91,2018-12-14 05:00:00,38.67145724358571,48.7,0.2059249025957761
92,2018-12-14 04:00:00,45.111972238775834,49.1,0.08122256132839444
93,2018-12-14 03:00:00,46.59400396576422,47.4,0.017004135743370792
94,2018-12-14 02:00:00,42.07515006807723,39.9,0.054515039300181194
95,2018-12-14 01:00:00,29.254311244351914,31.7,0.07715106484694274
119,2018-12-13 01:00:00,36.23881796667326,44.2,0.18011724057300324
120,2018-12-13 00:00:00,46.91261916812468,50.9,0.07833754090128331
121,2018-12-12 23:00:00,60.33143412244764,60.0,0.0055239020407939895
122,2018-12-12 22:00:00,69.51456731382551,68.8,0.010386152817231278
123,2018-12-12 21:00:00,78.88886585398679,80.0,0.013889176825165172
124,2018-12-12 20:00:00,64.03265225438525,79.6,0.1955696952966676
125,2018-12-12 19:00:00,47.456811091343134,54.6,0.13082763568968622
126,2018-12-12 18:00:00,29.24992025986587,45.7,0.3599579811845543
127,2018-12-12 17:00:00,37.38822307727711,47.2,0.20787662971870532
128,2018-12-12 16:00:00,35.68505420081975,47.3,0.24555910780507925
129,2018-12-12 15:00:00,32.469502722933065,43.4,0.2518547759692842
134,2018-12-12 10:00:00,27.440231042184777,39.5,0.3053106065269677
135,2018-12-12 09:00:00,30.301815631274415,34.5,0.1216865034413213
136,2018-12-12 08:00:00,29.46438274842729,32.0,0.07923803911164717
137,2018-12-12 07:00:00,28.127841816425477,31.0,0.09265026398627495
138,2018-12-12 06:00:00,30.769642624877726,40.2,0.23458600435627552
139,2018-12-12 05:00:00,32.975044699762876,41.2,0.19963483738439627
140,2018-12-12 04:00:00,31.411910609096147,38.5,0.18410621794555462
141,2018-12-12 03:00:00,28.72014989405268,36.4,0.21098489302053078
142,2018-12-12 02:00:00,24.119311221752398,30.7,0.21435468333054078
163,2018-12-11 05:00:00,38.22647611329256,49.5,0.22774795730722094
164,2018-12-11 04:00:00,66.31165737072261,71.5,0.0725642325773061
165,2018-12-11 03:00:00,70.43064086891026,83.7,0.158534756643844
166,2018-12-11 02:00:00,68.45684396871107,83.8,0.18309255407266023
167,2018-12-11 01:00:00,79.38667267004148,83.9,0.05379412788985135
168,2018-12-11 00:00:00,86.79809623477254,87.3,0.005749184023223979
169,2018-12-10 23:00:00,93.8945314461312,91.4,0.02729246658786861
170,2018-12-10 22:00:00,87.09178594258647,79.2,0.09964376190134426
171,2018-12-10 21:00:00,78.3213771727897,66.3,0.1813179060752594
172,2018-12-10 20:00:00,60.72568533714738,66.5,0.08683179944139274
174,2018-12-10 18:00:00,61.013099271928695,66.4,0.08112802301312214
175,2018-12-10 17:00:00,61.824274611706805,68.8,0.10139135738798244
176,2018-12-10 16:00:00,62.67545984864265,71.5,0.12342014197702583
177,2018-12-10 15:00:00,61.49260981985485,69.7,0.11775308723307251
178,2018-12-10 14:00:00,62.077223109683736,68.6,0.09508421122909999
179,2018-12-10 13:00:00,63.24620640699645,69.5,0.08998264162595036
180,2018-12-10 12:00:00,63.30089259079275,67.8,0.0663585163599889
181,2018-12-10 11:00:00,57.30668526590651,64.4,0.11014463872815987
182,2018-12-10 10:00:00,46.81837990171366,59.8,0.21708394813187853
183,2018-12-10 09:00:00,46.07828494073723,60.0,0.23202858432104623
184,2018-12-10 08:00:00,47.753871939819845,60.8,0.21457447467401566
185,2018-12-10 07:00:00,47.4826961090184,60.0,0.20862173151636002
186,2018-12-10 06:00:00,45.52904025762896,58.6,0.22305392051827722
187,2018-12-10 05:00:00,52.50046226372968,62.9,0.16533446321574433
188,2018-12-10 04:00:00,50.45025496401694,59.3,0.14923684714979857
189,2018-12-10 03:00:00,52.7313786638532,58.6,0.10014712177724917
190,2018-12-10 02:00:00,50.83702840871023,57.4,0.11433748416881127
191,2018-12-10 01:00:00,55.65185818684308,57.1,0.025361502857389192
192,2018-12-10 00:00:00,90.02567372962363,100.8,0.10688815744420996
193,2018-12-09 23:00:00,98.83459530367854,108.9,0.09242795864390693
194,2018-12-09 22:00:00,105.01360058250049,114.0,0.0788280650657852
195,2018-12-09 21:00:00,88.75301271501597,107.3,0.17285169883489307
196,2018-12-09 20:00:00,92.656365010653,105.3,0.12007250702133897
197,2018-12-09 19:00:00,100.33216062425232,115.9,0.1343213060892811
198,2018-12-09 18:00:00,80.65464504442372,93.8,0.14014237692512027
199,2018-12-09 17:00:00,71.48728650561198,75.8,0.05689595639034328
200,2018-12-09 16:00:00,79.35162323269213,94.7,0.16207367230525732
201,2018-12-09 15:00:00,59.09435128269616,65.4,0.09641664705357562
202,2018-12-09 14:00:00,48.30545851814054,52.4,0.07814010461563853
203,2018-12-09 13:00:00,32.35339132417587,40.4,0.19917348207485475
204,2018-12-09 12:00:00,24.639041574805905,33.4,0.26230414446688904
205,2018-12-09 11:00:00,21.841335765484633,31.8,0.3131655419658921
206,2018-12-09 10:00:00,19.822590239764313,48.5,0.5912867991801173
207,2018-12-09 09:00:00,23.48686324896047,61.6,0.6187197524519404
208,2018-12-09 08:00:00,20.607520327068556,54.0,0.6183792532024341
209,2018-12-09 07:00:00,23.604846567910382,58.8,0.5985570311579866
210,2018-12-09 06:00:00,24.72271543707012,59.3,0.5830908020730164
211,2018-12-09 05:00:00,30.00518649721551,61.5,0.5121107886631624
212,2018-12-09 04:00:00,26.770705362048467,61.8,0.5668170653390215
213,2018-12-09 03:00:00,26.249400957277665,62.6,0.5806804958901332
214,2018-12-09 02:00:00,26.78296621932285,62.7,0.5728394542372751
215,2018-12-09 01:00:00,21.81420844843952,62.1,0.6487245016354344
217,2018-12-08 23:00:00,41.56983359515283,50.9,0.18330385864139823
218,2018-12-08 22:00:00,18.542912730478537,45.1,0.5888489416745335
219,2018-12-08 21:00:00,15.826002795928774,39.6,0.6003534647492734
220,2018-12-08 20:00:00,15.61789063784976,38.2,0.5911546953442471
221,2018-12-08 19:00:00,13.841263445351748,30.2,0.5416800183658362
286,2018-12-06 02:00:00,35.642557102465794,38.0,0.06203797098774226
287,2018-12-06 01:00:00,46.78941715732299,49.9,0.06233632951256537
288,2018-12-06 00:00:00,51.51619381796413,55.6,0.07344975147546531
289,2018-12-05 23:00:00,52.26437687800726,53.6,0.02491834182822275
290,2018-12-05 22:00:00,51.75485251793842,54.3,0.04687196099560921
291,2018-12-05 21:00:00,59.13076442672908,60.6,0.024244811440114217
292,2018-12-05 20:00:00,59.88629958474695,60.7,0.013405278669737269
293,2018-12-05 19:00:00,58.72247798014186,57.5,0.021260486611162793
294,2018-12-05 18:00:00,61.795644313406456,60.9,0.014706803175803893
295,2018-12-05 17:00:00,59.68677851049039,58.8,0.015081267185210792
296,2018-12-05 16:00:00,58.348224643870964,56.6,0.030887361199133608
297,2018-12-05 15:00:00,53.957026148124804,50.2,0.0748411583291793
298,2018-12-05 14:00:00,55.31472220828081,52.1,0.06170292146412305
299,2018-12-05 13:00:00,54.8664337628398,49.9,0.09952773071823244
300,2018-12-05 12:00:00,44.883949885608956,48.2,0.06879772021558188
301,2018-12-05 11:00:00,43.42135515614866,45.1,0.03722050651555088
302,2018-12-05 10:00:00,42.411252082191446,44.3,0.04263539317852261
304,2018-12-05 08:00:00,42.46162057500126,40.2,0.056259218283613424
305,2018-12-05 07:00:00,38.848064907373534,32.1,0.21022009057238417
306,2018-12-05 06:00:00,35.255711458699196,32.4,0.08813924255244436
307,2018-12-05 05:00:00,34.0775798938265,30.6,0.11364640175903598
351,2018-12-03 09:00:00,69.17989915401299,30.3,1.2831649885812868
352,2018-12-03 08:00:00,80.20389917380328,37.1,1.1618301664097919
353,2018-12-03 07:00:00,78.94118493544339,40.0,0.9735296233860847
354,2018-12-03 06:00:00,91.65478936912507,43.7,1.0973636011241432
355,2018-12-03 05:00:00,97.35524017792211,46.5,1.0936610790950991
356,2018-12-03 04:00:00,107.52203131755275,49.9,1.1547501266042635
357,2018-12-03 03:00:00,108.08650150834164,59.0,0.831974601836299
358,2018-12-03 02:00:00,147.28965954545936,110.5,0.33293809543402136
359,2018-12-03 01:00:00,188.80978071893142,169.9,0.11129947450813076
360,2018-12-03 00:00:00,198.617337414136,179.6,0.10588717936601333
361,2018-12-02 23:00:00,207.41752733717317,180.4,0.14976456395328805
363,2018-12-02 21:00:00,197.68650540474238,181.2,0.09098512916524497
364,2018-12-02 20:00:00,199.14991782605006,186.3,0.06897433078931854
365,2018-12-02 19:00:00,193.88255066523467,183.1,0.05888886218041879
366,2018-12-02 18:00:00,205.41968119869745,186.4,0.1020369163020249
367,2018-12-02 17:00:00,205.28335387658984,212.6,0.03441508054285114
368,2018-12-02 16:00:00,205.26475794773015,219.3,0.06400019175681652
369,2018-12-02 15:00:00,210.32017351280479,225.2,0.06607382987209239
370,2018-12-02 14:00:00,207.6622283099895,225.6,0.0795113993351529
371,2018-12-02 13:00:00,203.52108630127526,225.7,0.09826722950254643
372,2018-12-02 12:00:00,190.10678364264348,218.1,0.12835037302776944
373,2018-12-02 11:00:00,181.71404010939426,216.4,0.16028632112109864
374,2018-12-02 10:00:00,180.7251755374033,225.8,0.1996227832710218
375,2018-12-02 09:00:00,193.09194445307836,234.8,0.1776322638284568
376,2018-12-02 08:00:00,192.12370501345174,221.3,0.13184046537075586
377,2018-12-02 07:00:00,189.30263939104557,212.5,0.10916404992449141
378,2018-12-02 06:00:00,188.33127755793703,218.7,0.1388601849202696
379,2018-12-02 05:00:00,188.78710977657033,192.4,0.01877801571429144
380,2018-12-02 04:00:00,172.4620971715255,165.8,0.040181526969393776
381,2018-12-02 03:00:00,162.22349973601206,168.4,0.03667755501180491
382,2018-12-02 02:00:00,178.37793552296466,188.1,0.05168561657116073
383,2018-12-02 01:00:00,185.09641881967735,185.9,0.004322652933419323
384,2018-12-02 00:00:00,192.2617289028511,193.8,0.007937415361965466
385,2018-12-01 23:00:00,191.91246247047087,196.2,0.02185289260718205
386,2018-12-01 22:00:00,198.68390818291724,200.2,0.00757288619921455
387,2018-12-01 21:00:00,200.1200984452973,206.1,0.02901456358419557
388,2018-12-01 20:00:00,208.97244614817674,216.8,0.036104953191066734
389,2018-12-01 19:00:00,205.70646568571306,208.0,0.011026607280225694
390,2018-12-01 18:00:00,224.7892978482044,221.7,0.013934586595419081
391,2018-12-01 17:00:00,218.30739067273802,213.6,0.022038345846151823
392,2018-12-01 16:00:00,189.99316230108408,184.8,0.028101527603268787
393,2018-12-01 15:00:00,189.8374509829618,191.1,0.006606745248760841
394,2018-12-01 14:00:00,195.71996513061785,203.7,0.039175428912037985
395,2018-12-01 13:00:00,191.73318452804781,192.8,0.0055332752694615996
396,2018-12-01 12:00:00,174.09851749652844,169.3,0.028343281137202792
397,2018-12-01 11:00:00,130.30274115817457,131.2,0.006838863123669353
398,2018-12-01 10:00:00,92.21632843632455,93.3,0.011614914937571833
399,2018-12-01 09:00:00,86.75811078310899,87.6,0.009610607498755763
400,2018-12-01 08:00:00,76.25713865431769,75.3,0.01271100470541419
401,2018-12-01 07:00:00,81.57063965743323,81.6,0.0003598081196907014
402,2018-12-01 06:00:00,90.23555270878235,92.8,0.027634130293293608
403,2018-12-01 05:00:00,98.3864622294131,102.7,0.0420013414857537
404,2018-12-01 04:00:00,102.29537919715284,109.7,0.06749882226843357
405,2018-12-01 03:00:00,108.11900968929072,115.8,0.06632979542926837
406,2018-12-01 02:00:00,114.35948398167298,115.2,0.007296145992422071
407,2018-12-01 01:00:00,116.3613350835669,119.5,0.02626497838019331
408,2018-12-01 00:00:00,120.1593879153076,132.2,0.09107876009600896
409,2018-11-30 23:00:00,142.76569289133135,145.2,0.016765200472924475
410,2018-11-30 22:00:00,143.36351882629742,143.6,0.0016468048307978539
411,2018-11-30 21:00:00,146.94397266221665,149.4,0.016439272675926063
412,2018-11-30 20:00:00,146.474121245272,141.8,0.03296277323887148
413,2018-11-30 19:00:00,143.35879134064544,139.5,0.02766158667129347
414,2018-11-30 18:00:00,140.3565728663997,138.3,0.014870375028197226
415,2018-11-30 17:00:00,137.68671239887146,133.2,0.03368402701855462
416,2018-11-30 16:00:00,132.21683771115363,130.8,0.010832092592917574
417,2018-11-30 15:00:00,126.86458012624594,125.3,0.012486672994780072
418,2018-11-30 14:00:00,122.94132786837167,123.7,0.006133161937173243
419,2018-11-30 13:00:00,113.56297166748183,113.6,0.0003259536313218463
420,2018-11-30 12:00:00,92.77277674550412,89.1,0.04122083889454684
421,2018-11-30 11:00:00,81.21996146296115,82.3,0.013123190000471999
422,2018-11-30 10:00:00,78.68947563286413,77.6,0.01403963444412547
423,2018-11-30 09:00:00,74.7284157928539,74.1,0.00848064497778543
424,2018-11-30 08:00:00,73.542103265505,72.1,0.020001432253883653
425,2018-11-30 07:00:00,77.65541155355513,76.6,0.013778218714818954
426,2018-11-30 06:00:00,85.51571294494053,83.8,0.02047390149093717
427,2018-11-30 05:00:00,80.40360284603007,84.0,0.042814251832975374
428,2018-11-30 04:00:00,83.54502682055663,88.1,0.05170230623658758
429,2018-11-30 03:00:00,81.98299713084616,78.5,0.04436939020186188
430,2018-11-30 02:00:00,81.81716793146153,80.9,0.011337057249215332
431,2018-11-30 01:00:00,77.5475963052892,74.2,0.04511585317101349
432,2018-11-30 00:00:00,76.99151396279333,74.0,0.040425864362072086
433,2018-11-29 23:00:00,76.29786936193265,69.2,0.10257036650191693
434,2018-11-29 22:00:00,69.98490331300636,66.4,0.053989507725999246
435,2018-11-29 21:00:00,67.58692994707022,64.6,0.0462373056822016
436,2018-11-29 20:00:00,66.3676796458061,63.6,0.04351697556298907
437,2018-11-29 19:00:00,66.71319788296353,63.0,0.058939648935929005
438,2018-11-29 18:00:00,66.65003184729323,61.8,0.07847947972966404
439,2018-11-29 17:00:00,71.1015579336705,67.0,0.061217282592097105
440,2018-11-29 16:00:00,71.27936941860247,66.0,0.07999044573640107
441,2018-11-29 15:00:00,65.82606012846142,60.9,0.080887686838447
442,2018-11-29 14:00:00,67.15237878179224,60.4,0.11179435069192448
443,2018-11-29 13:00:00,67.50236911423481,59.2,0.14024272152423659
444,2018-11-29 12:00:00,55.87967692814558,53.2,0.05036986707040555
445,2018-11-29 11:00:00,41.47797819759723,31.8,0.30433893703135945
447,2018-11-29 09:00:00,42.050873742375984,33.4,0.2590081958795205
448,2018-11-29 08:00:00,43.02486600127272,39.0,0.10320169234032615
449,2018-11-29 07:00:00,41.87372767016165,39.4,0.06278496624775763
450,2018-11-29 06:00:00,46.41055453354885,45.2,0.026782179945770892
451,2018-11-29 05:00:00,57.72940356177683,57.4,0.005738738010049281
452,2018-11-29 04:00:00,63.93077743198186,58.6,0.09096889815668699
453,2018-11-29 03:00:00,64.34164560710312,62.8,0.024548496928393643
454,2018-11-29 02:00:00,71.96230641356428,63.5,0.1332646679301461
455,2018-11-29 01:00:00,76.13586968569243,62.6,0.21622795025067773
456,2018-11-29 00:00:00,74.14662148099194,61.6,0.20367892014597302
457,2018-11-28 23:00:00,73.37824615383083,61.2,0.1989909502259939
458,2018-11-28 22:00:00,74.6511454776964,61.4,0.21581670159114666
459,2018-11-28 21:00:00,74.77036506348038,61.6,0.2138046276539023
460,2018-11-28 20:00:00,72.83203210398491,59.2,0.2302708125673127
461,2018-11-28 19:00:00,69.52052908787229,55.2,0.25942987478029506
462,2018-11-28 18:00:00,66.16644074158967,55.2,0.1986674047389432
463,2018-11-28 17:00:00,64.18273551708599,54.0,0.1885691762423331
464,2018-11-28 16:00:00,62.95152492645708,54.8,0.14875045486235558
465,2018-11-28 15:00:00,65.27100642241783,54.8,0.19107675953317207
466,2018-11-28 14:00:00,64.47523743692261,55.8,0.1554702049627709
467,2018-11-28 13:00:00,64.17175331318181,55.6,0.15416822505722677
468,2018-11-28 12:00:00,60.38303751833779,55.1,0.09588089869941534
469,2018-11-28 11:00:00,58.67187297765686,50.3,0.16643882659357584
470,2018-11-28 10:00:00,53.24441469333798,44.8,0.1884913994048657
471,2018-11-28 09:00:00,47.469809285565546,43.0,0.10394905315268711
472,2018-11-28 08:00:00,65.22259250191087,54.6,0.19455297622547374
473,2018-11-28 07:00:00,67.27237057894847,56.6,0.1885577840803616
474,2018-11-28 06:00:00,62.52597424268763,53.2,0.17530026771969226
475,2018-11-28 05:00:00,62.720099798703316,54.6,0.14871977653302773
476,2018-11-28 04:00:00,60.807973470523585,53.3,0.14086254166085532
477,2018-11-28 03:00:00,58.74458123670458,50.4,0.16556708802985287
478,2018-11-28 02:00:00,54.940667356707124,48.1,0.14221761656355764
479,2018-11-28 01:00:00,52.12235528571623,44.2,0.17923880736914544
480,2018-11-28 00:00:00,55.421403896790174,42.4,0.30710858247146644
481,2018-11-27 23:00:00,56.147257354248254,41.3,0.359497756761459
482,2018-11-27 22:00:00,48.85749778380021,38.4,0.2723306714531306
483,2018-11-27 21:00:00,45.20079762974636,32.3,0.3994054993729525
502,2018-11-27 02:00:00,103.42612382839134,43.4,1.3830904107924273
503,2018-11-27 01:00:00,139.00724004129353,71.3,0.9496106597656877
504,2018-11-27 00:00:00,251.49547678741965,222.9,0.12828836602700602
505,2018-11-26 23:00:00,292.25055035165735,299.2,0.023226770215048917
506,2018-11-26 22:00:00,314.27025247625363,334.8,0.06131943704822694
507,2018-11-26 21:00:00,323.10783729894064,344.3,0.06155144554475566
508,2018-11-26 20:00:00,312.1420330825555,307.0,0.016749293428519496
509,2018-11-26 19:00:00,296.2243460033427,284.8,0.040113574449939224
510,2018-11-26 18:00:00,265.6081668418901,230.8,0.1508152809440646
511,2018-11-26 17:00:00,221.41936757840472,203.2,0.08966224201970832
512,2018-11-26 16:00:00,222.9787632256443,205.2,0.08664114632380263
513,2018-11-26 15:00:00,234.46498811382335,226.8,0.03379624388810997
514,2018-11-26 14:00:00,277.06838794972316,264.4,0.047913721443733674
515,2018-11-26 13:00:00,289.0095170325584,297.9,0.029843850176037547
516,2018-11-26 12:00:00,270.83305522126847,274.4,0.01299906989333641
517,2018-11-26 11:00:00,274.295329988665,295.4,0.07144438053938719
518,2018-11-26 10:00:00,236.38490093119353,279.3,0.15365234181455956
519,2018-11-26 09:00:00,211.13814037269623,247.1,0.14553565207326494
520,2018-11-26 08:00:00,172.22800482697116,195.3,0.1181361760011718
521,2018-11-26 07:00:00,166.0715494166509,174.8,0.049933927822363354
522,2018-11-26 06:00:00,160.43051678436785,172.5,0.06996801864134577
523,2018-11-26 05:00:00,178.50266938130517,181.0,0.01379740673312062
524,2018-11-26 04:00:00,190.8880701222654,190.8,0.00046158345002818844
525,2018-11-26 03:00:00,191.55717083704297,188.4,0.016757806990673932
526,2018-11-26 02:00:00,180.87698790373534,168.4,0.07409137710056612
527,2018-11-26 01:00:00,162.21924605577837,159.3,0.01832546174374362
528,2018-11-26 00:00:00,151.43589822269647,155.8,0.02801092283250029
529,2018-11-25 23:00:00,141.4868824168199,147.8,0.04271392140175991
530,2018-11-25 22:00:00,140.21795175918388,139.5,0.005146607592715957
531,2018-11-25 21:00:00,137.20370924651107,132.4,0.0362817918920775
532,2018-11-25 20:00:00,121.16833617611101,115.7,0.04726306115912713
533,2018-11-25 19:00:00,107.53753018994044,102.4,0.05017119326113706
534,2018-11-25 18:00:00,81.27712796834771,74.8,0.08659261989769675
535,2018-11-25 17:00:00,68.27009826908825,69.9,0.02331762132920965
536,2018-11-25 16:00:00,77.70676100121113,77.6,0.0013757860980817035
537,2018-11-25 15:00:00,89.75809736919788,87.6,0.024635814716870888
538,2018-11-25 14:00:00,70.24259131652516,80.6,0.12850382981978697
539,2018-11-25 13:00:00,64.22517467445542,63.6,0.009829790478858732
540,2018-11-25 12:00:00,65.50208873106871,68.0,0.03673398924898956
541,2018-11-25 11:00:00,78.05385473427415,85.0,0.0817193560673629
542,2018-11-25 10:00:00,98.85389947093435,109.7,0.09887056088482818
543,2018-11-25 09:00:00,107.66995429973261,108.9,0.011295185493731832
544,2018-11-25 08:00:00,95.41676530743436,94.9,0.005445366780130187
545,2018-11-25 07:00:00,88.88476421199313,88.5,0.0043476182146116316
546,2018-11-25 06:00:00,98.64872730176978,102.5,0.03757339217785579
547,2018-11-25 05:00:00,130.48905984107,138.8,0.05987709048220467
548,2018-11-25 04:00:00,145.3288275175527,155.8,0.0672090659977363
549,2018-11-25 03:00:00,141.04045170784542,154.5,0.08711681742494873
550,2018-11-25 02:00:00,157.58139039634764,163.5,0.036199447117139794
551,2018-11-25 01:00:00,179.98168839273336,189.1,0.04821952198448775
552,2018-11-25 00:00:00,182.10604001278324,194.6,0.06420328873184356
553,2018-11-24 23:00:00,188.1109617569499,192.3,0.021783870218669298
554,2018-11-24 22:00:00,182.680740826357,183.4,0.003921805745054504
555,2018-11-24 21:00:00,162.81371271899218,170.4,0.04452046526413044
556,2018-11-24 20:00:00,173.80879822356312,177.4,0.02024352748837029
557,2018-11-24 19:00:00,172.09514826894127,184.0,0.0647002811470583
558,2018-11-24 18:00:00,154.89113963170453,165.1,0.061834405622625446
559,2018-11-24 17:00:00,125.23054579400207,137.3,0.08790571162416563
560,2018-11-24 16:00:00,121.38472806207919,134.5,0.0975113155235748
561,2018-11-24 15:00:00,99.56451266822728,110.4,0.09814753017910077
562,2018-11-24 14:00:00,107.00305342788866,110.7,0.033396084662252426
563,2018-11-24 13:00:00,119.26235529800014,120.5,0.010270910390040291
564,2018-11-24 12:00:00,97.7629680626933,101.8,0.039656502331107006
565,2018-11-24 11:00:00,72.06057611689818,73.6,0.02091608536823123
566,2018-11-24 10:00:00,42.82850154958455,47.5,0.09834733579821997
567,2018-11-24 09:00:00,45.26447372867576,52.4,0.13617416548328698
568,2018-11-24 08:00:00,49.02644938392399,54.3,0.09711879587616959
569,2018-11-24 07:00:00,47.562482207946815,56.4,0.15669357787328342
570,2018-11-24 06:00:00,48.98771093573078,55.6,0.11892606230700035
571,2018-11-24 05:00:00,56.85569102278919,59.6,0.046045452637765334
572,2018-11-24 04:00:00,70.4454038398342,71.6,0.016125644695053003
573,2018-11-24 03:00:00,81.97294863633756,92.8,0.1166708121084314
574,2018-11-24 02:00:00,97.46594945478827,107.2,0.09080271030981091
575,2018-11-24 01:00:00,104.447291648067,110.2,0.05220243513550825
576,2018-11-24 00:00:00,105.71047048659145,108.9,0.029288608938554256
577,2018-11-23 23:00:00,106.11959226451972,111.9,0.051656905589636114
578,2018-11-23 22:00:00,107.7387341880844,115.0,0.06314144184274441
579,2018-11-23 21:00:00,110.0251295919131,118.0,0.06758364752616017
580,2018-11-23 20:00:00,105.11764576086803,106.3,0.01112280563623676
581,2018-11-23 19:00:00,102.04257116013876,100.0,0.020425711601387633
582,2018-11-23 18:00:00,91.167265416815,96.2,0.05231532830753642
583,2018-11-23 17:00:00,91.29494793913736,102.6,0.11018569260100035
584,2018-11-23 16:00:00,84.2608202884161,96.4,0.12592510074257163
585,2018-11-23 15:00:00,65.46646399825481,78.9,0.17026027885608613
586,2018-11-23 14:00:00,57.69584776473437,70.5,0.18161918064206573
587,2018-11-23 13:00:00,55.05700170430919,68.3,0.19389455776999723
588,2018-11-23 12:00:00,53.21316647593964,62.3,0.14585607582761412
589,2018-11-23 11:00:00,50.20297713652766,61.2,0.17968991606980955
590,2018-11-23 10:00:00,54.82379909209233,62.6,0.1242204617876625
591,2018-11-23 09:00:00,60.74881745787769,65.7,0.0753604648724857
592,2018-11-23 08:00:00,58.79243742097451,63.4,0.07267448862816231
593,2018-11-23 07:00:00,69.44871020931306,70.1,0.009290867199528265
594,2018-11-23 06:00:00,73.53685910766413,78.2,0.05963095770250479
595,2018-11-23 05:00:00,68.83919824445015,73.8,0.06721953598306032
596,2018-11-23 04:00:00,85.09590675547146,85.5,0.00472623677811157
597,2018-11-23 03:00:00,82.81475256869128,84.5,0.0199437565835352
598,2018-11-23 02:00:00,77.58065085319153,78.6,0.012968818661685318
599,2018-11-23 01:00:00,82.0153199038823,86.2,0.04854617280879005
600,2018-11-23 00:00:00,85.71871119918892,86.0,0.0032708000094312
601,2018-11-22 23:00:00,82.33836399812262,76.9,0.07071994795998193
602,2018-11-22 22:00:00,77.32324313843867,74.5,0.037895881052868056
603,2018-11-22 21:00:00,66.94304337198922,69.6,0.038174664195557116
604,2018-11-22 20:00:00,50.72390624968183,53.6,0.05365846549101062
605,2018-11-22 19:00:00,42.86636499263342,46.0,0.06812250016014301
606,2018-11-22 18:00:00,33.58918188067498,37.2,0.09706500320766194
607,2018-11-22 17:00:00,31.990233368866633,34.2,0.0646130593898646
620,2018-11-22 04:00:00,37.44017594415027,40.8,0.08234862881984628
621,2018-11-22 03:00:00,36.9554669802621,44.1,0.16200755146797957
622,2018-11-22 02:00:00,35.09665727574317,41.4,0.15225465517528575
623,2018-11-22 01:00:00,34.01595666451593,40.8,0.16627557194813883
624,2018-11-22 00:00:00,33.18642898869438,41.0,0.1905749027147712
625,2018-11-21 23:00:00,41.91266996839026,49.8,0.15838012111666136
626,2018-11-21 22:00:00,45.04879797097063,52.8,0.14680306873161678
627,2018-11-21 21:00:00,45.91022802460666,51.1,0.10156109540887165
628,2018-11-21 20:00:00,43.732526709848145,47.3,0.07542226829073684
629,2018-11-21 19:00:00,37.252731613755465,39.7,0.061644039955781806
630,2018-11-21 18:00:00,29.114119665879137,37.0,0.21313190092218548
643,2018-11-21 05:00:00,33.79593251671763,36.6,0.07661386566345284
644,2018-11-21 04:00:00,38.91260440884272,43.9,0.11360810002636175
645,2018-11-21 03:00:00,35.45075084970212,36.7,0.034039486384138555
649,2018-11-20 23:00:00,31.698712080920938,32.6,0.027646868683406853
650,2018-11-20 22:00:00,38.92513604810834,41.7,0.06654350004536355
651,2018-11-20 21:00:00,42.06008675675458,43.1,0.02412791747669193
652,2018-11-20 20:00:00,41.93160428667549,44.7,0.06193279000725986
653,2018-11-20 19:00:00,36.33889568304465,35.0,0.038254162372704216
662,2018-11-20 10:00:00,34.4564934155137,38.8,0.11194604599191493
663,2018-11-20 09:00:00,35.461342443813514,40.8,0.13084944990653147
664,2018-11-20 08:00:00,43.82044002854537,49.4,0.11294655812661192
665,2018-11-20 07:00:00,51.81921228467958,56.7,0.08608091208677994
666,2018-11-20 06:00:00,63.623137883460515,67.0,0.05040092711252962
667,2018-11-20 05:00:00,61.96334863383792,64.2,0.034838806326512234
668,2018-11-20 04:00:00,53.8553808053578,61.0,0.11712490483020005
669,2018-11-20 03:00:00,53.23562453137485,58.1,0.08372419050989928
670,2018-11-20 02:00:00,53.65743027128046,57.8,0.07167075655224112
671,2018-11-20 01:00:00,53.00461149489922,58.2,0.08926784373025395
672,2018-11-20 00:00:00,51.394058329720544,57.8,0.11082944066227429
673,2018-11-19 23:00:00,52.45758258289031,57.2,0.0829093954040156
674,2018-11-19 22:00:00,56.23765526846792,61.3,0.08258311144424273
676,2018-11-19 20:00:00,59.512490953049465,59.5,0.00020993198402461836
677,2018-11-19 19:00:00,69.53440979954222,62.2,0.11791655626273656
678,2018-11-19 18:00:00,81.39625274347983,79.4,0.025141722210073412
679,2018-11-19 17:00:00,91.13900933721712,89.9,0.013782083840012371
712,2018-11-18 08:00:00,40.614373310481895,51.9,0.21744945451865325
713,2018-11-18 07:00:00,56.16220405678937,65.2,0.13861650219648208
714,2018-11-18 06:00:00,52.478826618301014,60.2,0.12825869404815596
715,2018-11-18 05:00:00,50.862646468006666,63.5,0.1990134414487139
716,2018-11-18 04:00:00,54.38632922036197,61.9,0.12138401905715714
717,2018-11-18 03:00:00,62.97555165374293,73.2,0.13967825609640805
718,2018-11-18 02:00:00,77.66715955196445,95.1,0.18331062511078391
719,2018-11-18 01:00:00,84.22837161363009,96.6,0.12807068722950213
720,2018-11-18 00:00:00,90.06970978436058,105.3,0.14463713405165635
