,时间,小屯公园,小屯公园_root,相对偏差
12,2018-12-17 12:00:00,41.37402000233899,30.4,0.3609875000769404
13,2018-12-17 11:00:00,39.40717938297049,33.7,0.16935250394571177
14,2018-12-17 10:00:00,36.65152991061611,31.4,0.16724617549732848
30,2018-12-16 18:00:00,95.28505057506118,76.2,0.2504599813000154
31,2018-12-16 17:00:00,89.25424534663273,62.7,0.4235126849542699
32,2018-12-16 16:00:00,55.04147176937249,39.5,0.3934549815031011
33,2018-12-16 15:00:00,30.769076767344487,32.5,0.053259176389400406
34,2018-12-16 14:00:00,61.27837317202127,58.4,0.04928721184967928
35,2018-12-16 13:00:00,93.0374604489009,70.9,0.31223498517490683
36,2018-12-16 12:00:00,111.97300330139889,91.8,0.21974949130064153
37,2018-12-16 11:00:00,123.14152997186198,93.3,0.3198449085944479
38,2018-12-16 10:00:00,121.1900157901822,101.7,0.19164223982480036
39,2018-12-16 09:00:00,127.50959694078294,101.2,0.25997625435556265
40,2018-12-16 08:00:00,122.90151420662907,100.5,0.22290063887193107
41,2018-12-16 07:00:00,125.48954458638968,103.1,0.21716338105130642
42,2018-12-16 06:00:00,127.31646445717918,102.4,0.24332484821464037
43,2018-12-16 05:00:00,126.19638944432171,107.2,0.17720512541344877
44,2018-12-16 04:00:00,128.21574252307278,117.6,0.09026991941388421
45,2018-12-16 03:00:00,131.35328044756477,120.6,0.08916484616554542
46,2018-12-16 02:00:00,136.3600715557021,115.5,0.18060668013594885
47,2018-12-16 01:00:00,143.56308391552432,119.4,0.20237088706469272
48,2018-12-16 00:00:00,153.7670867187353,130.6,0.17738963796887677
49,2018-12-15 23:00:00,155.6517156849571,124.7,0.24820942810711394
50,2018-12-15 22:00:00,146.69120131302518,127.6,0.14961756514910016
51,2018-12-15 21:00:00,135.2602745919728,115.9,0.16704292141477822
52,2018-12-15 20:00:00,136.44419328876515,89.8,0.5194230878481643
53,2018-12-15 19:00:00,118.48110831290956,83.7,0.41554490218529927
54,2018-12-15 18:00:00,105.02647983734516,87.8,0.19620136489003606
55,2018-12-15 17:00:00,107.15198833449715,88.1,0.21625412411461015
56,2018-12-15 16:00:00,107.00962354826474,84.7,0.2633957915969863
57,2018-12-15 15:00:00,108.68429155757754,78.9,0.3774941895763945
58,2018-12-15 14:00:00,102.64113720315099,76.8,0.33647314066602857
59,2018-12-15 13:00:00,101.62227617607431,74.7,0.36040530356190503
60,2018-12-15 12:00:00,86.60896868015963,70.9,0.221565143584762
61,2018-12-15 11:00:00,80.35916290915594,74.5,0.07864648200209318
62,2018-12-15 10:00:00,95.73277668646426,83.8,0.1423959031797645
63,2018-12-15 09:00:00,86.06315048090086,80.4,0.07043719503608026
64,2018-12-15 08:00:00,92.67687956046764,80.4,0.15269750697099047
65,2018-12-15 07:00:00,86.13602621869124,82.0,0.050439344130381
66,2018-12-15 06:00:00,83.29220381838796,81.9,0.016998825621342552
67,2018-12-15 05:00:00,85.78517791108779,81.0,0.05907627050725661
68,2018-12-15 04:00:00,86.800849057598,93.8,0.0746178138848827
69,2018-12-15 03:00:00,94.93035322620513,96.9,0.020326592092826397
70,2018-12-15 02:00:00,97.27449056053847,96.4,0.009071478843759974
71,2018-12-15 01:00:00,102.86512369770112,94.9,0.0839317565616556
72,2018-12-15 00:00:00,103.18853751300561,100.2,0.029825723682690722
74,2018-12-14 22:00:00,78.39592239372887,66.9,0.17183740498847325
75,2018-12-14 21:00:00,78.5686786473044,60.6,0.296512848965419
76,2018-12-14 20:00:00,71.33381887418584,58.4,0.22146950127030546
77,2018-12-14 19:00:00,57.702003207579274,57.6,0.0017708890204734848
78,2018-12-14 18:00:00,56.323700280977384,67.9,0.1704904229605688
79,2018-12-14 17:00:00,77.96848796870474,81.6,0.044503823912932096
80,2018-12-14 16:00:00,93.06006520189202,79.2,0.17500082325621227
81,2018-12-14 15:00:00,82.26129162894135,71.6,0.14890072107459995
82,2018-12-14 14:00:00,70.08658596694228,57.9,0.21047644157067844
83,2018-12-14 13:00:00,56.852058476585306,37.0,0.5365421209887921
88,2018-12-14 08:00:00,23.04138751273506,32.1,0.2821997659584094
89,2018-12-14 07:00:00,23.85294130330908,36.4,0.344699414744256
90,2018-12-14 06:00:00,24.57480715657221,36.6,0.32855718151442054
91,2018-12-14 05:00:00,29.079939862094033,50.9,0.42868487500797575
92,2018-12-14 04:00:00,31.628666127280326,62.7,0.49555556415820856
93,2018-12-14 03:00:00,32.090523842632265,55.4,0.42074866710050063
94,2018-12-14 02:00:00,31.112737225386002,55.4,0.4383982450291335
95,2018-12-14 01:00:00,35.28479474775639,74.5,0.5263785939898471
96,2018-12-14 00:00:00,33.39420594230607,80.4,0.5846491798220638
97,2018-12-13 23:00:00,25.492002673186743,40.0,0.36269993317033145
101,2018-12-13 19:00:00,29.95387320138104,31.9,0.06100710967457552
119,2018-12-13 01:00:00,31.726476948668378,40.0,0.20683807628329057
120,2018-12-13 00:00:00,42.77174336320309,56.3,0.2402887502095365
121,2018-12-12 23:00:00,51.75191683667413,56.8,0.08887470357968082
122,2018-12-12 22:00:00,57.32519520557488,58.6,0.02175434802773247
123,2018-12-12 21:00:00,62.20074691729896,61.1,0.018015497828133484
124,2018-12-12 20:00:00,52.97295247937053,49.6,0.06800307418085737
125,2018-12-12 19:00:00,45.75892338727295,33.8,0.35381430139860814
126,2018-12-12 18:00:00,28.525439093707718,33.3,0.14338020739616456
134,2018-12-12 10:00:00,30.481447854055403,39.7,0.2322053437265642
135,2018-12-12 09:00:00,35.294706085839564,48.0,0.2646936232116757
136,2018-12-12 08:00:00,33.44513744474007,40.3,0.17009584504367067
137,2018-12-12 07:00:00,36.34285049475406,37.3,0.02566084464466319
138,2018-12-12 06:00:00,29.484583501935703,45.8,0.35623180126777937
139,2018-12-12 05:00:00,31.583179639970627,53.3,0.40744503489736156
140,2018-12-12 04:00:00,34.81042451077234,63.2,0.44920214381689333
141,2018-12-12 03:00:00,35.779736497562304,52.2,0.31456443491259956
163,2018-12-11 05:00:00,49.270315862193776,51.5,0.04329483762730532
164,2018-12-11 04:00:00,66.01231291898081,70.8,0.06762269888445178
165,2018-12-11 03:00:00,73.85200677364618,72.4,0.02005534217743336
166,2018-12-11 02:00:00,82.3780282626478,79.8,0.03230611857954643
167,2018-12-11 01:00:00,80.16138683847365,86.7,0.07541653012141127
168,2018-12-11 00:00:00,92.09233770753077,92.9,0.008693889047031556
169,2018-12-10 23:00:00,92.66589677771609,93.8,0.012090652689593943
170,2018-12-10 22:00:00,93.07116419561184,104.5,0.10936684980275749
171,2018-12-10 21:00:00,96.98570191158429,101.4,0.04353351172007613
172,2018-12-10 20:00:00,105.88396513680551,72.9,0.4524549401482237
174,2018-12-10 18:00:00,104.86423079073957,54.8,0.9135808538456127
175,2018-12-10 17:00:00,77.23778676452496,58.3,0.3248333921873921
176,2018-12-10 16:00:00,61.973392850725105,52.5,0.18044557810904963
177,2018-12-10 15:00:00,61.25072225662807,47.0,0.30320685652400153
178,2018-12-10 14:00:00,63.18286615737358,51.2,0.2340403546362027
179,2018-12-10 13:00:00,64.54051659754124,52.3,0.2340442944080544
180,2018-12-10 12:00:00,63.41516668361575,54.2,0.17002152552796584
181,2018-12-10 11:00:00,57.47481089672694,49.7,0.1564348268959143
182,2018-12-10 10:00:00,62.157129885987196,63.2,0.016501109398936818
183,2018-12-10 09:00:00,73.35754427240163,74.1,0.010019645446671643
184,2018-12-10 08:00:00,70.08797894567937,70.0,0.0012568420811338195
185,2018-12-10 07:00:00,64.21915303008193,71.0,0.09550488690025455
186,2018-12-10 06:00:00,57.2099229791221,63.1,0.09334511918982415
187,2018-12-10 05:00:00,60.299819157690926,70.3,0.1422500831053922
188,2018-12-10 04:00:00,61.74115221271296,69.9,0.11672171369509361
189,2018-12-10 03:00:00,59.7837061959485,61.0,0.0199392426893689
190,2018-12-10 02:00:00,52.069209254121695,66.1,0.21226612323567776
191,2018-12-10 01:00:00,82.00662245173397,79.7,0.028941310561279448
192,2018-12-10 00:00:00,94.6826875093255,92.6,0.022491225802651293
193,2018-12-09 23:00:00,98.46963309577917,104.3,0.05589997031851222
194,2018-12-09 22:00:00,120.18544502708978,104.6,0.14900043046930966
195,2018-12-09 21:00:00,145.7554208909106,107.2,0.35965877696744974
196,2018-12-09 20:00:00,142.29739509887048,95.8,0.4853590302596084
197,2018-12-09 19:00:00,136.78247528085006,75.8,0.8045181435468347
198,2018-12-09 18:00:00,99.0046849520178,60.8,0.6283665288160822
199,2018-12-09 17:00:00,80.53939545075404,64.5,0.2486727976861092
200,2018-12-09 16:00:00,100.89368542238552,62.2,0.622084974636423
201,2018-12-09 15:00:00,65.97548725081403,40.8,0.6170462561474027
204,2018-12-09 12:00:00,33.57783681371536,30.6,0.09731492855278942
205,2018-12-09 11:00:00,34.11276805062281,31.8,0.07272855505103179
206,2018-12-09 10:00:00,10.507622888753339,43.3,0.7573297254329483
207,2018-12-09 09:00:00,7.620156190956443,45.4,0.8321551499789329
208,2018-12-09 08:00:00,8.238242325285151,38.4,0.7854624394456993
209,2018-12-09 07:00:00,8.798912494567812,41.4,0.7874658817737245
210,2018-12-09 06:00:00,9.19068462841275,45.8,0.7993300299473197
211,2018-12-09 05:00:00,9.736489876485692,53.6,0.8183490694685506
212,2018-12-09 04:00:00,11.787787790668574,65.6,0.8203081129471254
213,2018-12-09 03:00:00,13.265110492243913,60.1,0.779282687317073
214,2018-12-09 02:00:00,13.545552933640517,60.6,0.7764760241973513
215,2018-12-09 01:00:00,12.669414951749934,48.9,0.7409117596779154
217,2018-12-08 23:00:00,46.369223961743444,42.8,0.08339308321830484
218,2018-12-08 22:00:00,10.456127270827528,41.3,0.7468250055489702
219,2018-12-08 21:00:00,9.24456534441066,34.1,0.7288983769967549
220,2018-12-08 20:00:00,8.849931505120411,31.7,0.7208223499962014
286,2018-12-06 02:00:00,29.13793723232959,35.5,0.1792130357090256
287,2018-12-06 01:00:00,75.86885125984445,56.0,0.35480091535436514
288,2018-12-06 00:00:00,78.58870868247884,61.1,0.2862309113335325
289,2018-12-05 23:00:00,76.20994506719717,59.1,0.28950837677152563
290,2018-12-05 22:00:00,66.05886295648904,53.8,0.22785990625444313
291,2018-12-05 21:00:00,78.64919148325446,63.6,0.23662250759834047
292,2018-12-05 20:00:00,70.08968416217779,66.5,0.053980212965079544
293,2018-12-05 19:00:00,71.74546272707119,64.4,0.11405998023402451
294,2018-12-05 18:00:00,67.81138723170618,60.3,0.12456695243293832
295,2018-12-05 17:00:00,69.26846951781614,55.5,0.2480805318525431
296,2018-12-05 16:00:00,66.16237937504246,50.6,0.30755690464510793
297,2018-12-05 15:00:00,55.2926285142928,41.2,0.3420540901527378
298,2018-12-05 14:00:00,50.25668986874399,41.9,0.19944367228505946
299,2018-12-05 13:00:00,49.08219470302017,30.2,0.6252382351993434
300,2018-12-05 12:00:00,42.204272656741516,33.2,0.27121303182956363
301,2018-12-05 11:00:00,36.91924540907834,31.9,0.15734311627204842
304,2018-12-05 08:00:00,50.735947762441654,31.8,0.5954700554226935
305,2018-12-05 07:00:00,54.89118649184528,46.8,0.1728886002531044
306,2018-12-05 06:00:00,52.201807912361836,58.4,0.10613342615818772
307,2018-12-05 05:00:00,48.682594872511466,47.7,0.02059947321826966
308,2018-12-05 04:00:00,45.56754438720779,44.5,0.023989761510287397
309,2018-12-05 03:00:00,50.8736375430928,42.2,0.20553643467044536
310,2018-12-05 02:00:00,46.36797794058633,41.7,0.11194191704043946
311,2018-12-05 01:00:00,50.49348553136174,43.4,0.16344436708206783
312,2018-12-05 00:00:00,48.58437593570063,30.0,0.6194791978566876
313,2018-12-04 23:00:00,48.94297769003944,41.0,0.1937311631716937
314,2018-12-04 22:00:00,53.44761858332996,47.2,0.1323648004942788
339,2018-12-03 21:00:00,44.665912190707715,30.0,0.48886373969025715
340,2018-12-03 20:00:00,45.65887677011321,33.2,0.37526737259377124
341,2018-12-03 19:00:00,47.3809394149052,31.8,0.48996664826745906
343,2018-12-03 17:00:00,40.13095882237522,34.3,0.16999879948615812
344,2018-12-03 16:00:00,52.6661881697425,30.3,0.7381580254040427
345,2018-12-03 15:00:00,46.60274109896133,35.2,0.32394150849321957
346,2018-12-03 14:00:00,50.517425227392586,40.6,0.2442715573249405
347,2018-12-03 13:00:00,56.529691053118356,48.2,0.17281516707714423
348,2018-12-03 12:00:00,58.32145484879777,50.0,0.16642909697595543
349,2018-12-03 11:00:00,65.24067659525355,60.3,0.08193493524466915
350,2018-12-03 10:00:00,66.57963169442611,75.0,0.11227157740765184
351,2018-12-03 09:00:00,76.72617764299747,80.5,0.04687978083232956
352,2018-12-03 08:00:00,78.24207154630687,90.4,0.1344903590010302
353,2018-12-03 07:00:00,71.17082273316102,100.5,0.2918326096202884
354,2018-12-03 06:00:00,77.37903795554615,112.9,0.3146232244858623
355,2018-12-03 05:00:00,79.4566289903658,125.5,0.36687945027596974
356,2018-12-03 04:00:00,76.93905341637415,137.2,0.43921972728590264
357,2018-12-03 03:00:00,91.52617817100014,139.6,0.34436835121060067
358,2018-12-03 02:00:00,150.36540492401934,157.2,0.04347706791336288
359,2018-12-03 01:00:00,193.7380402142494,176.5,0.09766595022237617
360,2018-12-03 00:00:00,232.37142420001695,178.8,0.29961646644304774
361,2018-12-02 23:00:00,266.046011404173,178.7,0.48878573813191384
363,2018-12-02 21:00:00,251.3876256950361,194.5,0.2924813660413167
364,2018-12-02 20:00:00,245.57074860083648,202.1,0.21509524295317412
365,2018-12-02 19:00:00,236.3998820879965,222.5,0.0624713801707708
366,2018-12-02 18:00:00,238.93600162636363,251.0,0.04806373854038393
367,2018-12-02 17:00:00,226.2756145189587,230.8,0.019603056676955465
368,2018-12-02 16:00:00,220.6763152720964,208.4,0.0589074629179289
369,2018-12-02 15:00:00,219.06781934036533,191.6,0.1433602262023243
370,2018-12-02 14:00:00,216.51153019391853,185.0,0.17033259564280287
371,2018-12-02 13:00:00,215.8080591992955,187.1,0.1534369812896607
372,2018-12-02 12:00:00,208.3872097047311,193.8,0.07526939992121308
373,2018-12-02 11:00:00,207.91003349783074,202.9,0.02469213158122589
374,2018-12-02 10:00:00,205.666620525601,193.9,0.060683963515219104
375,2018-12-02 09:00:00,203.01926128230608,173.9,0.16744831099658464
376,2018-12-02 08:00:00,205.90298834833973,188.1,0.09464640270249729
377,2018-12-02 07:00:00,205.30107969981475,183.6,0.1181976018508429
378,2018-12-02 06:00:00,206.42865903783286,195.6,0.05536124252470789
379,2018-12-02 05:00:00,197.79091750430572,202.8,0.02469961782886729
380,2018-12-02 04:00:00,176.7111888713826,206.9,0.14591015528572934
381,2018-12-02 03:00:00,199.78220934821206,220.1,0.09231163403810964
382,2018-12-02 02:00:00,216.91354520229137,232.3,0.06623527678738113
383,2018-12-02 01:00:00,223.33747676474692,216.3,0.032535722444507226
384,2018-12-02 00:00:00,231.56959466132355,218.7,0.05884588322507344
385,2018-12-01 23:00:00,235.56612917622098,224.7,0.04835838529693367
386,2018-12-01 22:00:00,234.85130542608476,210.4,0.11621342883120132
387,2018-12-01 21:00:00,230.67188425821928,223.1,0.033939418459073445
388,2018-12-01 20:00:00,239.51101755162534,225.8,0.06072195549878358
389,2018-12-01 19:00:00,239.9669242762699,233.9,0.025938111484693892
390,2018-12-01 18:00:00,249.56265049004656,226.9,0.0998794644779487
391,2018-12-01 17:00:00,249.19020767793475,208.8,0.19343969194413188
392,2018-12-01 16:00:00,222.2708722005546,174.2,0.27595219403303456
393,2018-12-01 15:00:00,202.17857225400522,162.4,0.24494194737687938
394,2018-12-01 14:00:00,201.96717555175834,159.9,0.2630842748702835
395,2018-12-01 13:00:00,201.3731848329067,146.0,0.37926838926648426
396,2018-12-01 12:00:00,195.00764776628273,121.9,0.5997346002156089
397,2018-12-01 11:00:00,141.22506090540412,80.4,0.7565306082761706
398,2018-12-01 10:00:00,105.95368050707759,78.4,0.3514500064678263
399,2018-12-01 09:00:00,105.05721756484245,86.0,0.22159555307956333
400,2018-12-01 08:00:00,103.11422388047454,91.5,0.12693140852977638
401,2018-12-01 07:00:00,105.3764770150134,86.7,0.21541495980407616
402,2018-12-01 06:00:00,106.62665068207019,92.5,0.15272054791427234
403,2018-12-01 05:00:00,112.77219569786037,99.7,0.13111530288726544
404,2018-12-01 04:00:00,119.66651417666507,102.5,0.16747818708941536
405,2018-12-01 03:00:00,123.43934367407964,106.6,0.15796757667992162
406,2018-12-01 02:00:00,129.0656418094175,119.4,0.08095177394822033
407,2018-12-01 01:00:00,135.34372566829035,128.4,0.05407886034494035
408,2018-12-01 00:00:00,129.1921197308899,138.0,0.06382521934137744
409,2018-11-30 23:00:00,147.61024970035976,143.5,0.02864285505477184
410,2018-11-30 22:00:00,162.5513022308195,154.2,0.05415889903255188
411,2018-11-30 21:00:00,168.93137808234158,148.6,0.1368195025729582
412,2018-11-30 20:00:00,165.4800082946055,149.6,0.1061497880655449
413,2018-11-30 19:00:00,159.8294847987164,134.8,0.18567867061362311
414,2018-11-30 18:00:00,160.05822348059527,119.1,0.3438977622216228
415,2018-11-30 17:00:00,153.84028954427177,117.6,0.308165727417277
416,2018-11-30 16:00:00,144.4822860480244,108.6,0.3304077904974624
417,2018-11-30 15:00:00,137.1595410998391,100.3,0.3674929322017856
418,2018-11-30 14:00:00,132.7600540811813,94.8,0.400422511404866
419,2018-11-30 13:00:00,125.81142704704007,95.6,0.3160191113707121
420,2018-11-30 12:00:00,111.88804463328329,78.8,0.4198990435695849
421,2018-11-30 11:00:00,99.83222918297741,80.9,0.2340201382321064
422,2018-11-30 10:00:00,95.487335043026,89.2,0.07048581886800437
423,2018-11-30 09:00:00,96.36670986432365,81.6,0.1809645816706331
424,2018-11-30 08:00:00,93.7674927687119,85.2,0.10055742686281574
425,2018-11-30 07:00:00,94.37445289267187,85.6,0.10250529080224154
426,2018-11-30 06:00:00,96.88408073419642,79.4,0.22020252813849384
427,2018-11-30 05:00:00,94.23342525930215,80.7,0.16770043691824224
428,2018-11-30 04:00:00,90.7343414734293,82.2,0.10382410551617145
429,2018-11-30 03:00:00,91.29700884336464,89.9,0.015539586689261746
430,2018-11-30 02:00:00,96.3016813170983,90.3,0.06646380196122152
431,2018-11-30 01:00:00,101.04922822675833,103.6,0.024621349162564324
432,2018-11-30 00:00:00,102.1893707236547,95.2,0.07341775970225527
433,2018-11-29 23:00:00,91.8589732857059,78.4,0.17167057762379967
434,2018-11-29 22:00:00,87.30639327516431,75.7,0.15332091512766588
435,2018-11-29 21:00:00,87.90548989062948,69.7,0.2611978463504947
436,2018-11-29 20:00:00,88.57141980796166,63.9,0.3860942066973656
437,2018-11-29 19:00:00,88.31950608484361,62.2,0.4199277505601866
438,2018-11-29 18:00:00,81.16439103545233,62.9,0.2903718765572707
439,2018-11-29 17:00:00,84.50670948417721,65.5,0.29017877075079707
440,2018-11-29 16:00:00,85.41604598954639,62.7,0.36229738420329166
441,2018-11-29 15:00:00,84.61699157798382,56.2,0.5056404195370786
442,2018-11-29 14:00:00,77.50187707760486,54.0,0.4352199458815715
443,2018-11-29 13:00:00,77.85360003706828,47.8,0.6287364024491272
444,2018-11-29 12:00:00,71.66563173429446,51.2,0.3997193698104387
445,2018-11-29 11:00:00,76.17749090587779,57.5,0.3248259287978746
446,2018-11-29 10:00:00,72.97678093821696,65.8,0.10906961912183837
447,2018-11-29 09:00:00,82.78350530428924,68.6,0.20675663708876446
448,2018-11-29 08:00:00,82.42367974296084,69.9,0.17916566155881025
449,2018-11-29 07:00:00,71.58941493268826,71.4,0.0026528702057178047
450,2018-11-29 06:00:00,77.5668028224193,75.6,0.026015910349461786
451,2018-11-29 05:00:00,88.45132627525011,78.1,0.13253938892765835
452,2018-11-29 04:00:00,90.59773983771215,87.1,0.04015774784973778
453,2018-11-29 03:00:00,96.86224345300856,93.2,0.039294457650306404
454,2018-11-29 02:00:00,90.28976025919353,86.3,0.04623128921429352
455,2018-11-29 01:00:00,92.00053283132456,82.9,0.10977723560101998
456,2018-11-29 00:00:00,92.6757552998043,83.2,0.11389128966110926
457,2018-11-28 23:00:00,89.71879530238976,81.8,0.09680678853777222
458,2018-11-28 22:00:00,90.31465433223208,80.3,0.12471549604274078
459,2018-11-28 21:00:00,95.64463586002927,76.5,0.25025667790887934
460,2018-11-28 20:00:00,88.54514752746235,71.4,0.2401281166311252
461,2018-11-28 19:00:00,88.27092051251472,62.3,0.4168687080660469
462,2018-11-28 18:00:00,81.79074445342837,64.9,0.2602580039049055
463,2018-11-28 17:00:00,73.10227880087535,63.8,0.1458037429604288
464,2018-11-28 16:00:00,70.8500180136964,62.3,0.1372394544734575
465,2018-11-28 15:00:00,71.45173669032772,60.3,0.18493759022102363
466,2018-11-28 14:00:00,69.74712289011104,56.6,0.2322813231468382
467,2018-11-28 13:00:00,69.50348078416903,53.8,0.2918862599287924
468,2018-11-28 12:00:00,67.28336094890804,51.4,0.30901480445346385
469,2018-11-28 11:00:00,65.43487902120145,49.8,0.31395339400002925
470,2018-11-28 10:00:00,63.53889266502127,42.2,0.5056609636260964
471,2018-11-28 09:00:00,53.83241547102665,44.2,0.21792795183318203
472,2018-11-28 08:00:00,66.98426457331128,50.7,0.3211886503611691
473,2018-11-28 07:00:00,74.4097675069978,53.0,0.4039578774905244
474,2018-11-28 06:00:00,84.13546415197148,70.7,0.1900348536346743
475,2018-11-28 05:00:00,86.21007337960293,78.0,0.10525735102055041
476,2018-11-28 04:00:00,88.55339414877565,80.9,0.09460314151762232
477,2018-11-28 03:00:00,79.45316710650584,77.2,0.029186102415878778
478,2018-11-28 02:00:00,77.62298681977082,62.0,0.25198365838340026
479,2018-11-28 01:00:00,77.42770575410961,65.3,0.18572290588222992
480,2018-11-28 00:00:00,73.09895114213646,57.6,0.26907901288431346
481,2018-11-27 23:00:00,72.83197047825055,59.1,0.23235144633249666
482,2018-11-27 22:00:00,68.1499655837882,57.9,0.17702876655938174
483,2018-11-27 21:00:00,66.2418868877535,50.5,0.31172053243076225
484,2018-11-27 20:00:00,51.26848945680884,37.7,0.3599068821434704
486,2018-11-27 18:00:00,46.46793058158396,33.2,0.3996364633007215
487,2018-11-27 17:00:00,44.08262413109862,32.2,0.3690255941334974
488,2018-11-27 16:00:00,41.17340602380736,31.0,0.32817438786475356
495,2018-11-27 09:00:00,42.88139500136699,34.4,0.24655218027229625
496,2018-11-27 08:00:00,44.42796839461647,40.8,0.0889207939856979
497,2018-11-27 07:00:00,53.79258852128656,51.5,0.04451628196672934
498,2018-11-27 06:00:00,60.75507115454883,50.8,0.195965967609229
499,2018-11-27 05:00:00,69.70719504125616,55.8,0.2492328860440172
500,2018-11-27 04:00:00,71.39444254989456,70.0,0.01992060785563662
501,2018-11-27 03:00:00,87.55123370503044,93.5,0.06362316893015571
502,2018-11-27 02:00:00,84.50631373390749,158.3,0.4661635266335598
503,2018-11-27 01:00:00,136.49708995391325,234.6,0.4181709720634559
504,2018-11-27 00:00:00,286.76065643800814,276.4,0.03748428523157802
505,2018-11-26 23:00:00,318.07267780776783,296.8,0.07167344274854387
506,2018-11-26 22:00:00,334.9256768916441,321.6,0.0414355624740177
507,2018-11-26 21:00:00,348.90300521463286,315.4,0.10622385927277388
508,2018-11-26 20:00:00,333.8990209310897,265.8,0.2562039914638438
509,2018-11-26 19:00:00,323.0272396562542,235.6,0.3710833601708583
510,2018-11-26 18:00:00,304.5061816591117,203.6,0.495609929563417
511,2018-11-26 17:00:00,233.59363421138028,200.4,0.1656368972623766
512,2018-11-26 16:00:00,226.82510037147063,211.9,0.07043464073369807
513,2018-11-26 15:00:00,204.16125142749073,191.6,0.06555976736686185
514,2018-11-26 14:00:00,207.726551923018,177.5,0.17029043336911553
515,2018-11-26 13:00:00,213.94530742437746,196.9,0.08656834649252135
516,2018-11-26 12:00:00,235.61568638026452,186.2,0.2653903672409481
517,2018-11-26 11:00:00,194.7523345387775,191.0,0.019645730569515654
518,2018-11-26 10:00:00,231.89447219687963,207.7,0.11648758881501996
519,2018-11-26 09:00:00,202.7992828356213,175.4,0.1562102784242948
520,2018-11-26 08:00:00,185.4740980932809,147.2,0.2600142533510932
521,2018-11-26 07:00:00,161.26011558789173,131.9,0.22259374971866358
522,2018-11-26 06:00:00,137.72365356605158,92.0,0.49699623441360413
523,2018-11-26 05:00:00,120.94867983070293,84.5,0.4313453234402713
524,2018-11-26 04:00:00,120.14893294691754,98.4,0.22102574133046274
525,2018-11-26 03:00:00,137.40924244208577,113.2,0.21386256574280713
526,2018-11-26 02:00:00,206.72517174316258,126.7,0.6316114581149375
527,2018-11-26 01:00:00,211.69327357832924,133.6,0.5845304908557578
528,2018-11-26 00:00:00,182.45046907739442,123.6,0.47613648120869273
529,2018-11-25 23:00:00,156.85005205246966,128.5,0.22062297317097015
530,2018-11-25 22:00:00,149.2218469320319,119.9,0.2445525181987647
531,2018-11-25 21:00:00,146.51434320940444,109.3,0.34047889487103794
532,2018-11-25 20:00:00,134.2675778610004,104.9,0.27995784424213915
533,2018-11-25 19:00:00,118.19980127192542,90.0,0.31333112524361584
534,2018-11-25 18:00:00,101.73316607989013,78.0,0.30427135999859134
535,2018-11-25 17:00:00,89.50808817489468,77.6,0.15345474452183874
536,2018-11-25 16:00:00,91.29683348206225,70.1,0.3023799355501036
537,2018-11-25 15:00:00,102.24784872017005,71.6,0.4280425798906433
538,2018-11-25 14:00:00,102.39538086495551,76.5,0.33850171065301327
539,2018-11-25 13:00:00,105.79399402551259,88.4,0.19676463829765364
540,2018-11-25 12:00:00,125.41938052322425,100.3,0.250442477798846
541,2018-11-25 11:00:00,120.66586770953357,100.3,0.20304952850980634
542,2018-11-25 10:00:00,131.43661776853497,103.0,0.2760836676556793
543,2018-11-25 09:00:00,116.9520758630949,84.2,0.3889795233146663
544,2018-11-25 08:00:00,119.53381058020261,96.5,0.23869233761867992
545,2018-11-25 07:00:00,128.5076878727526,107.1,0.19988504082868913
546,2018-11-25 06:00:00,138.63717686559647,124.9,0.10998540324736963
547,2018-11-25 05:00:00,149.66312602363254,128.8,0.16198079210894822
548,2018-11-25 04:00:00,151.72234858923684,126.2,0.20223731053278005
549,2018-11-25 03:00:00,144.87117447773386,123.3,0.17494869811625194
550,2018-11-25 02:00:00,144.98013771779918,127.6,0.13620797584482122
551,2018-11-25 01:00:00,158.3013488682062,147.1,0.07614785090554858
552,2018-11-25 00:00:00,187.6804097356674,168.6,0.11316969000988979
553,2018-11-24 23:00:00,210.21234828135312,174.4,0.20534603372335497
554,2018-11-24 22:00:00,215.13201635781138,190.3,0.13048878800741653
555,2018-11-24 21:00:00,215.4851277312382,188.7,0.14194556296363658
556,2018-11-24 20:00:00,208.84494350283956,179.3,0.1647793837302819
557,2018-11-24 19:00:00,195.32814864748522,157.6,0.23939180613886565
558,2018-11-24 18:00:00,182.17103421731,134.2,0.3574592713659464
559,2018-11-24 17:00:00,143.4325732913873,109.0,0.3158951678108928
560,2018-11-24 16:00:00,141.35719455191492,113.9,0.2410640434759869
561,2018-11-24 15:00:00,135.4819219670476,92.6,0.4630877102272961
562,2018-11-24 14:00:00,122.96471718887489,94.1,0.3067451348445791
563,2018-11-24 13:00:00,138.65779954346,90.1,0.5389322923802441
564,2018-11-24 12:00:00,110.80870619411736,77.0,0.4390741064171086
565,2018-11-24 11:00:00,101.10368507755835,64.6,0.5650725244204081
566,2018-11-24 10:00:00,86.69790465421761,69.3,0.25105201521237536
567,2018-11-24 09:00:00,79.13021536213908,72.8,0.08695350772169075
568,2018-11-24 08:00:00,76.2263793207674,75.4,0.010959937941212217
569,2018-11-24 07:00:00,73.46484500160051,61.0,0.20434172133771325
570,2018-11-24 06:00:00,68.16690508110756,54.6,0.24847811503859993
571,2018-11-24 05:00:00,71.58163681735462,55.4,0.2920873071724661
572,2018-11-24 04:00:00,77.52584310556952,77.0,0.006829131241162613
573,2018-11-24 03:00:00,93.95666332002378,106.4,0.11694865300729536
574,2018-11-24 02:00:00,124.56145159185525,115.0,0.0831430573204804
575,2018-11-24 01:00:00,122.08167143683646,121.9,0.0014903317213818942
576,2018-11-24 00:00:00,131.14724139902845,115.7,0.13351116161649473
577,2018-11-23 23:00:00,132.6607933110266,116.5,0.13871925588864029
578,2018-11-23 22:00:00,127.79850103571238,109.8,0.1639207744600399
579,2018-11-23 21:00:00,130.96310912551192,106.2,0.23317428555095968
580,2018-11-23 20:00:00,130.00158881897184,97.3,0.33609032701923786
581,2018-11-23 19:00:00,122.08894193234795,91.7,0.33139522281731676
582,2018-11-23 18:00:00,108.7319655057852,80.5,0.35070764603459875
583,2018-11-23 17:00:00,99.66658285075972,81.0,0.2304516401328361
584,2018-11-23 16:00:00,94.10472603989682,74.5,0.26315068509928613
585,2018-11-23 15:00:00,63.10982958723501,60.6,0.04141632982235991
586,2018-11-23 14:00:00,58.62947558757221,53.4,0.0979302544489178
587,2018-11-23 13:00:00,57.71275218535628,55.3,0.043630238433205834
588,2018-11-23 12:00:00,55.51629037784321,54.8,0.013070992296409038
589,2018-11-23 11:00:00,53.859810685017834,49.7,0.08369840412510726
590,2018-11-23 10:00:00,72.2594171803275,56.4,0.2811953400767288
591,2018-11-23 09:00:00,75.337319577508,60.8,0.23910065094585528
592,2018-11-23 08:00:00,75.38919240301817,53.7,0.40389557547519866
593,2018-11-23 07:00:00,68.0719414589611,47.9,0.4211261264918812
594,2018-11-23 06:00:00,65.34249910951158,54.5,0.19894493778920327
595,2018-11-23 05:00:00,82.73438862228448,66.8,0.2385387518306061
596,2018-11-23 04:00:00,105.99712062167244,82.6,0.28325811890644603
597,2018-11-23 03:00:00,108.39772825903275,97.4,0.11291302113996653
598,2018-11-23 02:00:00,123.78984495294115,101.4,0.2208071494372894
599,2018-11-23 01:00:00,122.40539619605426,91.8,0.3333921154254277
600,2018-11-23 00:00:00,108.2385641454893,83.5,0.29627022928729707
601,2018-11-22 23:00:00,99.70429773808846,77.2,0.29150644738456544
602,2018-11-22 22:00:00,93.69938931377663,69.0,0.3579621639677773
603,2018-11-22 21:00:00,89.81231498447102,58.5,0.5352532475977951
604,2018-11-22 20:00:00,68.85206384413637,51.1,0.3473985096699876
605,2018-11-22 19:00:00,59.050083541285694,40.1,0.4725706618774487
606,2018-11-22 18:00:00,51.780077723318044,30.2,0.7145721100436438
614,2018-11-22 10:00:00,36.93364038245889,30.6,0.2069817118450617
615,2018-11-22 09:00:00,47.191017847447064,46.7,0.010514300801864265
616,2018-11-22 08:00:00,38.17473986801943,35.1,0.08759942643929994
620,2018-11-22 04:00:00,37.27176845495557,32.6,0.1433057808268579
621,2018-11-22 03:00:00,42.72178282387867,44.1,0.03125209016148145
622,2018-11-22 02:00:00,63.23813796796349,45.2,0.3990738488487497
623,2018-11-22 01:00:00,59.262637289791996,44.4,0.3347440831034234
624,2018-11-22 00:00:00,46.26026053282439,48.8,0.05204384154048376
625,2018-11-21 23:00:00,42.22323872193511,47.0,0.10163321868223169
626,2018-11-21 22:00:00,54.17079265559446,54.6,0.007860940373727846
627,2018-11-21 21:00:00,60.380119259086925,50.4,0.19801823926759776
628,2018-11-21 20:00:00,54.4736892549356,41.5,0.3126190181912193
629,2018-11-21 19:00:00,48.266479376390734,32.1,0.503628641009057
630,2018-11-21 18:00:00,42.22562600706542,30.8,0.3709618833462799
649,2018-11-20 23:00:00,40.23957474737952,38.7,0.039782293213941035
650,2018-11-20 22:00:00,77.25241446938314,63.5,0.2165734562107581
651,2018-11-20 21:00:00,72.4508215142503,59.8,0.2115521992349548
652,2018-11-20 20:00:00,67.92020526572506,56.6,0.2000036266029162
653,2018-11-20 19:00:00,57.22986703722342,51.8,0.10482368797728618
654,2018-11-20 18:00:00,48.26985047968356,48.5,0.0047453509343595435
662,2018-11-20 10:00:00,46.31198364369381,35.7,0.2972544438009469
663,2018-11-20 09:00:00,49.38644776797443,38.7,0.2761356012396493
664,2018-11-20 08:00:00,55.71663592244019,53.2,0.047305186512033595
665,2018-11-20 07:00:00,59.727056813947875,55.8,0.07037736225713044
666,2018-11-20 06:00:00,69.05832433226774,61.0,0.13210367757815974
667,2018-11-20 05:00:00,71.64336866788932,68.4,0.0474176705831771
668,2018-11-20 04:00:00,73.37219008667681,84.9,0.13578103549261714
669,2018-11-20 03:00:00,74.82953477548106,88.8,0.15732505883467265
670,2018-11-20 02:00:00,85.69280854924212,89.8,0.045737098560778185
671,2018-11-20 01:00:00,82.92312715835178,84.3,0.016333011170204293
672,2018-11-20 00:00:00,86.0876508757907,81.9,0.051131268324672706
673,2018-11-19 23:00:00,86.07556401930127,90.5,0.04888879536683682
674,2018-11-19 22:00:00,92.33396077754108,105.6,0.12562537142480035
676,2018-11-19 20:00:00,70.71510944866749,67.0,0.0554493947562312
677,2018-11-19 19:00:00,97.59265041392585,68.4,0.4267931347065182
678,2018-11-19 18:00:00,118.46108567437811,83.4,0.42039671072395807
679,2018-11-19 17:00:00,104.86335671656634,86.6,0.2108932646254775
711,2018-11-18 09:00:00,36.522054038129696,37.2,0.018224353813717935
712,2018-11-18 08:00:00,54.130908995123455,63.0,0.1407792222996277
713,2018-11-18 07:00:00,57.96766788637783,56.5,0.02597642276774924
714,2018-11-18 06:00:00,57.12369701008805,53.3,0.07173915591159577
715,2018-11-18 05:00:00,59.32343052244114,64.0,0.07307139808685714
716,2018-11-18 04:00:00,63.40414244972506,78.8,0.1953789029222708
717,2018-11-18 03:00:00,74.78708666838338,95.8,0.21934147527783524
718,2018-11-18 02:00:00,79.98144089718139,91.0,0.12108306706394081
719,2018-11-18 01:00:00,85.77928692217506,98.8,0.1317885939051107
720,2018-11-18 00:00:00,94.74816216915987,101.7,0.06835632085388528
