,时间,羊坊村盛芳花卉,羊坊村盛芳花卉_root,相对偏差
12,2018-12-17 12:00:00,46.05632600113287,58.3,0.21001156087250653
13,2018-12-17 11:00:00,54.65374200965318,63.1,0.13385511870597183
14,2018-12-17 10:00:00,49.835342693973715,56.8,0.12261720609201202
15,2018-12-17 09:00:00,36.40269011768069,52.1,0.30129193632090806
16,2018-12-17 08:00:00,20.835135135507407,49.6,0.5799367916228345
17,2018-12-17 07:00:00,16.207364884747946,46.4,0.6507033430011219
18,2018-12-17 06:00:00,19.48187412073096,41.0,0.5248323385187571
19,2018-12-17 05:00:00,10.540435938060005,40.7,0.7410212300230957
20,2018-12-17 04:00:00,10.329721319233172,37.4,0.7238042428012521
21,2018-12-17 03:00:00,10.4355091159628,39.3,0.7344654168966208
22,2018-12-17 02:00:00,10.69514742418519,39.4,0.7285495577617972
23,2018-12-17 01:00:00,10.148056143364318,37.3,0.7279341516524311
24,2018-12-17 00:00:00,14.027279576679337,40.5,0.6536474178597694
25,2018-12-16 23:00:00,20.01176506589175,42.2,0.5257875576802903
26,2018-12-16 22:00:00,31.42579443806506,74.2,0.5764717730718995
30,2018-12-16 18:00:00,158.71387180704517,111.0,0.42985470096437084
31,2018-12-16 17:00:00,121.9925132283241,90.6,0.34649573099695485
32,2018-12-16 16:00:00,61.52741199014513,59.5,0.03407415109487618
33,2018-12-16 15:00:00,63.57525516299472,57.5,0.10565661153034299
34,2018-12-16 14:00:00,94.59392383188211,67.5,0.4013914641760312
35,2018-12-16 13:00:00,113.92737095467365,76.6,0.48730249288085714
36,2018-12-16 12:00:00,123.16326072570003,86.8,0.4189315751808759
37,2018-12-16 11:00:00,137.767479387222,97.4,0.4144505070556674
38,2018-12-16 10:00:00,143.7061718285947,103.8,0.38445252243347505
39,2018-12-16 09:00:00,130.07841314208494,104.5,0.244769503752009
40,2018-12-16 08:00:00,121.12705041770585,103.0,0.17599078075442567
41,2018-12-16 07:00:00,130.28819894274847,102.2,0.27483560609342916
42,2018-12-16 06:00:00,129.45021037373596,107.7,0.2019518140551156
43,2018-12-16 05:00:00,138.76726468021903,119.9,0.1573583376165056
44,2018-12-16 04:00:00,148.45347949366035,122.1,0.21583521288829124
45,2018-12-16 03:00:00,160.02816790976664,125.6,0.2741096171159765
46,2018-12-16 02:00:00,169.4195280169345,134.4,0.2605619644117149
47,2018-12-16 01:00:00,179.65664452205505,133.0,0.35080183851169205
48,2018-12-16 00:00:00,184.62381036706455,136.9,0.348603435844153
49,2018-12-15 23:00:00,203.0418564319143,129.5,0.5678907832580256
50,2018-12-15 22:00:00,209.9678038734619,124.8,0.6824343259091498
51,2018-12-15 21:00:00,192.42794752495183,118.4,0.6252360432850661
52,2018-12-15 20:00:00,158.43577878647878,106.0,0.49467715836300735
53,2018-12-15 19:00:00,149.7961107640972,98.8,0.5161549672479473
54,2018-12-15 18:00:00,120.51099044238828,90.3,0.3345624633708558
55,2018-12-15 17:00:00,99.22741977942384,78.1,0.2705175387890377
56,2018-12-15 16:00:00,95.9696526013455,78.4,0.22410271175185578
57,2018-12-15 15:00:00,110.07501698526103,77.6,0.41849248692346697
58,2018-12-15 14:00:00,103.77637964544674,77.8,0.3338866278335057
59,2018-12-15 13:00:00,96.68710731754763,74.4,0.29955789405305944
60,2018-12-15 12:00:00,95.43319754391308,72.2,0.3217894396663861
61,2018-12-15 11:00:00,96.67590647661955,71.2,0.3578076752334205
62,2018-12-15 10:00:00,97.24628742763143,73.9,0.31591728589487716
63,2018-12-15 09:00:00,82.66999877424982,76.6,0.07924280384138153
64,2018-12-15 08:00:00,87.57964469266435,75.4,0.16153374923958008
65,2018-12-15 07:00:00,89.34558564017314,75.4,0.18495471671317154
66,2018-12-15 06:00:00,89.96077863796606,75.1,0.1978798753390954
67,2018-12-15 05:00:00,84.362862836673,75.6,0.11591088408297631
68,2018-12-15 04:00:00,85.30086651745773,76.2,0.11943394379865789
69,2018-12-15 03:00:00,91.53868267378846,75.7,0.2092296258096229
70,2018-12-15 02:00:00,100.0346583067714,76.7,0.30423283320432076
71,2018-12-15 01:00:00,97.97273987728829,74.7,0.31154939594763437
72,2018-12-15 00:00:00,92.36275104792219,72.7,0.2704642510030562
74,2018-12-14 22:00:00,85.72120037277682,67.6,0.26806509427184655
75,2018-12-14 21:00:00,78.69199239203894,63.1,0.24709972095148874
76,2018-12-14 20:00:00,70.27827592406095,62.1,0.131695264477632
77,2018-12-14 19:00:00,62.09026104829064,60.4,0.02798445444189808
78,2018-12-14 18:00:00,54.930096528038256,62.9,0.12670752737618032
79,2018-12-14 17:00:00,57.78345162940127,65.2,0.11375074188034866
80,2018-12-14 16:00:00,71.71018650082598,67.0,0.07030129105710423
81,2018-12-14 15:00:00,86.78887704824405,77.8,0.11553826540159447
82,2018-12-14 14:00:00,90.62416353927915,76.9,0.17846766631052205
83,2018-12-14 13:00:00,89.7437007028502,74.5,0.2046134322530229
84,2018-12-14 12:00:00,76.06897205515068,66.0,0.1525601826537982
85,2018-12-14 11:00:00,54.07459138212455,57.8,0.06445343629542293
86,2018-12-14 10:00:00,53.3069043929938,58.8,0.09341999331643192
87,2018-12-14 09:00:00,51.75582887407115,60.4,0.1431154159921995
88,2018-12-14 08:00:00,50.00558464834013,60.6,0.17482533583597143
89,2018-12-14 07:00:00,44.36018714165422,61.6,0.27986709185626263
90,2018-12-14 06:00:00,45.02917281351085,61.5,0.267818328235596
91,2018-12-14 05:00:00,48.90415774034673,61.8,0.20867058672578098
92,2018-12-14 04:00:00,47.36202527317085,61.4,0.2286315102089438
93,2018-12-14 03:00:00,44.882838118392,57.6,0.22078406044458332
94,2018-12-14 02:00:00,41.848733204944715,54.9,0.23772799262395783
95,2018-12-14 01:00:00,38.950101572666505,48.8,0.20184218088798142
96,2018-12-14 00:00:00,26.818702543477766,46.0,0.41698472731570074
97,2018-12-13 23:00:00,21.4480009297924,45.1,0.5244345691842041
98,2018-12-13 22:00:00,25.252331011540992,47.1,0.4638570910500851
99,2018-12-13 21:00:00,25.96775183253255,44.1,0.41116208996524833
100,2018-12-13 20:00:00,20.32313853204088,43.2,0.5295569784249797
101,2018-12-13 19:00:00,16.056233517986353,41.7,0.6149584288252673
102,2018-12-13 18:00:00,14.084069971470011,46.0,0.6938245658376084
103,2018-12-13 17:00:00,8.25317399576479,41.5,0.8011283374514508
104,2018-12-13 16:00:00,5.320437522378053,38.4,0.8614469395214049
105,2018-12-13 15:00:00,3.6771509523672012,35.8,0.8972862862467262
106,2018-12-13 14:00:00,3.4318930780647374,39.6,0.9133360333822036
107,2018-12-13 13:00:00,3.0956169262803472,38.0,0.9185363966768328
108,2018-12-13 12:00:00,3.826454940353661,37.4,0.897688370578779
109,2018-12-13 11:00:00,5.053976339825941,37.9,0.8666497007961492
110,2018-12-13 10:00:00,6.126525728857338,38.1,0.839198799767524
111,2018-12-13 09:00:00,8.79350636416948,39.5,0.7773795857172283
112,2018-12-13 08:00:00,7.870042422023218,43.0,0.8169757576273671
113,2018-12-13 07:00:00,9.52063675325094,42.6,0.7765108743368324
114,2018-12-13 06:00:00,9.452411423610462,42.1,0.7754771633346683
116,2018-12-13 04:00:00,11.413879236490931,42.0,0.7282409705597397
117,2018-12-13 03:00:00,17.241522942799556,44.0,0.6081472058454647
118,2018-12-13 02:00:00,23.74630376237012,49.6,0.5212438757586669
119,2018-12-13 01:00:00,31.942049972807823,50.0,0.36115900054384353
120,2018-12-13 00:00:00,40.812264471602504,64.8,0.37018110383329467
121,2018-12-12 23:00:00,70.6706228303236,74.7,0.05394079209740841
122,2018-12-12 22:00:00,114.34766988877178,90.5,0.2635101645168152
123,2018-12-12 21:00:00,123.23217666926217,87.8,0.40355554293009316
124,2018-12-12 20:00:00,81.00938876983882,73.9,0.09620282503164838
125,2018-12-12 19:00:00,86.9706289987752,71.1,0.223215597732422
126,2018-12-12 18:00:00,58.112741322760215,65.8,0.11682763947172922
127,2018-12-12 17:00:00,59.91419605792401,64.9,0.0768228650551001
128,2018-12-12 16:00:00,42.339095252942464,57.7,0.2662201862574963
129,2018-12-12 15:00:00,52.5129275386422,60.8,0.13630053390391111
130,2018-12-12 14:00:00,42.0335734422902,53.2,0.20989523604717678
131,2018-12-12 13:00:00,38.423138044633276,53.2,0.2777605630708031
132,2018-12-12 12:00:00,24.577047397887736,46.3,0.46917824194626917
135,2018-12-12 09:00:00,26.275063016886158,57.8,0.5454141346559488
136,2018-12-12 08:00:00,24.407494339969688,62.6,0.6101039242816344
137,2018-12-12 07:00:00,25.35030753881182,61.7,0.5891360204406513
138,2018-12-12 06:00:00,32.52158162096107,63.8,0.4902573413642465
139,2018-12-12 05:00:00,29.68978395250717,64.0,0.5360971257420755
140,2018-12-12 04:00:00,31.24261309776134,65.9,0.52590875420696
141,2018-12-12 03:00:00,35.45898846254737,65.9,0.46192733744237685
142,2018-12-12 02:00:00,41.78170958958461,62.0,0.3261014582325063
143,2018-12-12 01:00:00,41.362710246074606,57.0,0.2743384167355332
144,2018-12-12 00:00:00,35.114647428924755,50.2,0.30050503129631967
145,2018-12-11 23:00:00,18.78663914860283,49.7,0.6219992123017539
146,2018-12-11 22:00:00,16.458834664407416,48.6,0.6613408505265964
147,2018-12-11 21:00:00,12.410866371716853,45.1,0.7248144928665885
148,2018-12-11 20:00:00,11.31271005043834,43.5,0.7399376999899232
149,2018-12-11 19:00:00,14.4577531423886,43.3,0.6661026987901015
150,2018-12-11 18:00:00,8.390970868927072,42.1,0.8006895280539889
151,2018-12-11 17:00:00,6.893205109254443,43.2,0.8404350669154064
152,2018-12-11 16:00:00,5.802161066542348,46.3,0.8746833462949817
153,2018-12-11 15:00:00,5.5015635184665195,41.2,0.8664669048915894
154,2018-12-11 14:00:00,7.050965933765426,39.2,0.8201284200570045
155,2018-12-11 13:00:00,5.298363673062196,41.9,0.8735474063708306
156,2018-12-11 12:00:00,4.442950181432614,43.0,0.8966755771759857
157,2018-12-11 11:00:00,4.520475960408748,42.8,0.8943814027941882
158,2018-12-11 10:00:00,4.469818196994912,43.3,0.896770942332681
159,2018-12-11 09:00:00,4.31844449043996,45.6,0.9052972699464922
160,2018-12-11 08:00:00,8.424507136209124,48.2,0.8252176942695203
161,2018-12-11 07:00:00,7.246998083864513,48.6,0.8508848130892076
162,2018-12-11 06:00:00,13.691876901110568,46.1,0.7029961626657144
163,2018-12-11 05:00:00,49.04576050417898,59.4,0.1743137962259431
164,2018-12-11 04:00:00,67.91895323926974,67.0,0.0137157199891006
165,2018-12-11 03:00:00,74.65050673500764,66.7,0.11919800202410248
166,2018-12-11 02:00:00,78.25704989971199,68.6,0.14077332215323607
167,2018-12-11 01:00:00,79.22225255742565,69.1,0.14648701240847548
168,2018-12-11 00:00:00,84.63371618335213,69.0,0.22657559686017587
169,2018-12-10 23:00:00,82.42465875387711,68.6,0.20152563781161978
170,2018-12-10 22:00:00,80.52637106194489,67.0,0.20188613525290874
171,2018-12-10 21:00:00,91.8696674482643,67.6,0.359018749234679
172,2018-12-10 20:00:00,82.06688888851912,65.8,0.24721715636047295
174,2018-12-10 18:00:00,74.17293815643265,63.3,0.17176837529909406
175,2018-12-10 17:00:00,68.76935272350852,65.4,0.051519154793708145
176,2018-12-10 16:00:00,58.83097659641241,66.7,0.11797636287237766
177,2018-12-10 15:00:00,60.97267804939929,63.8,0.044315391075246166
178,2018-12-10 14:00:00,62.27259557157692,63.5,0.01932920359721383
179,2018-12-10 13:00:00,64.12228435263303,63.5,0.009799753584772138
180,2018-12-10 12:00:00,61.962442826842604,64.7,0.04231154827136628
181,2018-12-10 11:00:00,55.90675108623201,61.9,0.09682146871999976
182,2018-12-10 10:00:00,54.71573616229982,63.8,0.14238658052821596
183,2018-12-10 09:00:00,58.28568234821152,69.4,0.16014866933412797
184,2018-12-10 08:00:00,59.353394317336225,71.6,0.17104197880815322
185,2018-12-10 07:00:00,62.30793269965628,71.8,0.13220149443375656
186,2018-12-10 06:00:00,60.69580526945792,72.4,0.16166014821190725
187,2018-12-10 05:00:00,63.8994429651581,74.3,0.13998057920379403
188,2018-12-10 04:00:00,64.72412000870511,79.0,0.1807073416619606
189,2018-12-10 03:00:00,68.16230474322862,81.3,0.1615952676109641
190,2018-12-10 02:00:00,73.89140434148351,85.1,0.13171087730336647
191,2018-12-10 01:00:00,87.66462822905066,83.8,0.04611728196957836
192,2018-12-10 00:00:00,111.81295630983715,84.4,0.32479806054309407
193,2018-12-09 23:00:00,115.49619439177539,86.3,0.3383104796265978
194,2018-12-09 22:00:00,111.18143915747912,85.2,0.3049464689844967
195,2018-12-09 21:00:00,104.24730206035352,84.2,0.2380914734008731
196,2018-12-09 20:00:00,115.18301068716238,83.2,0.38441118614377856
197,2018-12-09 19:00:00,115.28160242552215,83.0,0.3889349689821946
198,2018-12-09 18:00:00,104.79519433597653,80.8,0.29697022693040265
199,2018-12-09 17:00:00,89.23450404818163,74.6,0.19617297651718016
200,2018-12-09 16:00:00,80.58743152843405,72.1,0.11771749692696337
201,2018-12-09 15:00:00,79.49070387210229,74.8,0.06270994481420174
202,2018-12-09 14:00:00,63.8591901973636,61.3,0.04174861659646991
203,2018-12-09 13:00:00,52.34658073095152,59.7,0.12317285207786398
204,2018-12-09 12:00:00,58.27699446726127,58.8,0.008894651917325325
205,2018-12-09 11:00:00,61.294652901779614,58.9,0.04065624621018023
206,2018-12-09 10:00:00,48.87888427946902,71.0,0.31156501014832366
207,2018-12-09 09:00:00,78.10997339665117,77.0,0.014415238917547672
208,2018-12-09 08:00:00,35.83846659595438,78.9,0.5457735539169281
209,2018-12-09 07:00:00,53.688954028665606,77.7,0.3090224706735444
210,2018-12-09 06:00:00,48.71192232671053,75.6,0.3556624030858395
211,2018-12-09 05:00:00,49.36548000050986,74.6,0.33826434315670423
212,2018-12-09 04:00:00,44.865268436552505,73.6,0.39041754841640613
213,2018-12-09 03:00:00,43.781552655206305,72.4,0.3952824218894157
214,2018-12-09 02:00:00,44.07283468656976,73.0,0.3962625385401402
215,2018-12-09 01:00:00,40.91026859842238,68.4,0.40189665791780155
217,2018-12-08 23:00:00,39.11975801691695,63.0,0.37905146004893736
218,2018-12-08 22:00:00,29.610891233774545,61.7,0.5200828001008988
219,2018-12-08 21:00:00,29.878706851227058,62.0,0.5180853733673055
220,2018-12-08 20:00:00,24.12703306634119,55.7,0.5668396217892067
221,2018-12-08 19:00:00,20.306304469678917,53.2,0.6183025475624263
222,2018-12-08 18:00:00,15.89563832401781,49.7,0.6801682429775089
223,2018-12-08 17:00:00,12.914955462711912,46.3,0.7210592772632416
224,2018-12-08 16:00:00,13.292428787146562,46.8,0.7159737438643897
225,2018-12-08 15:00:00,9.169223340347576,44.8,0.7953298361529558
226,2018-12-08 14:00:00,4.918796073497153,37.6,0.869180955492097
227,2018-12-08 13:00:00,4.088717391451989,41.2,0.9007592866152431
228,2018-12-08 12:00:00,3.4336248178545192,43.2,0.9205179440311453
229,2018-12-08 11:00:00,3.386732739657108,45.4,0.9254023625626188
230,2018-12-08 10:00:00,3.2511339839274336,47.2,0.9311200427134019
231,2018-12-08 09:00:00,3.5062561497328515,48.2,0.9272560964785717
232,2018-12-08 08:00:00,3.419920888252532,48.2,0.9290472844760885
233,2018-12-08 07:00:00,3.581251178142244,45.9,0.9219770985154194
234,2018-12-08 06:00:00,3.9993810452095104,48.9,0.9182130665601327
235,2018-12-08 05:00:00,3.2499547660129773,48.4,0.9328521742559303
236,2018-12-08 04:00:00,3.093774677052458,50.9,0.9392185721600695
237,2018-12-08 03:00:00,3.0922479901146676,49.6,0.9376562905218818
238,2018-12-08 02:00:00,3.661686959136083,50.6,0.927634645076362
239,2018-12-08 01:00:00,3.412766203026763,50.0,0.9317446759394648
240,2018-12-08 00:00:00,4.368657514174842,52.6,0.9169456746354593
241,2018-12-07 23:00:00,4.359529543340212,53.8,0.918967852354271
242,2018-12-07 22:00:00,4.821628147197414,51.3,0.9060111472281206
243,2018-12-07 21:00:00,8.020627300896752,50.2,0.8402265477909014
244,2018-12-07 20:00:00,10.846492473910828,48.6,0.7768211425121229
246,2018-12-07 18:00:00,5.434282429983218,48.0,0.8867857827086829
247,2018-12-07 17:00:00,6.32779595038686,46.6,0.8642103873307542
248,2018-12-07 16:00:00,4.587810982932592,44.6,0.897134282893888
249,2018-12-07 15:00:00,4.246171826224262,42.2,0.8993798145444487
250,2018-12-07 14:00:00,4.452582845292433,45.2,0.9014915299714064
251,2018-12-07 13:00:00,4.645673485446703,47.4,0.9019900108555549
252,2018-12-07 12:00:00,5.507841088264009,48.8,0.8871344039290162
253,2018-12-07 11:00:00,4.685655096267334,49.2,0.9047631077994445
254,2018-12-07 10:00:00,4.795685263758297,49.8,0.9037010991213194
255,2018-12-07 09:00:00,4.813865637131399,52.0,0.9074256608243961
256,2018-12-07 08:00:00,5.89369317553533,54.0,0.8908575337863828
257,2018-12-07 07:00:00,8.700293565379873,53.2,0.8364606472672956
258,2018-12-07 06:00:00,5.695367590490655,50.6,0.8874433282511728
259,2018-12-07 05:00:00,5.600651761221915,50.2,0.8884332318481691
260,2018-12-07 04:00:00,5.043605518270393,48.4,0.8957932744159011
261,2018-12-07 03:00:00,5.050084499407974,49.1,0.8971469552055402
262,2018-12-07 02:00:00,6.414902510686587,47.1,0.8638024944652529
263,2018-12-07 01:00:00,7.264718139988375,47.8,0.8480184489542181
264,2018-12-07 00:00:00,8.278325913177,46.4,0.8215878035953232
265,2018-12-06 23:00:00,7.50076625207827,42.8,0.824748452054246
266,2018-12-06 22:00:00,9.133845235211943,44.3,0.7938183919816717
267,2018-12-06 21:00:00,9.652694988432149,44.6,0.7835718612459158
268,2018-12-06 20:00:00,5.161578894187855,44.8,0.8847861853975926
269,2018-12-06 19:00:00,5.637080899869417,44.3,0.8727521241564465
270,2018-12-06 18:00:00,5.732488839815807,44.8,0.87204265982554
271,2018-12-06 17:00:00,4.901426511289083,45.2,0.8915613603697106
272,2018-12-06 16:00:00,4.427068945054037,44.5,0.9005153046055272
273,2018-12-06 15:00:00,4.868477860033722,43.4,0.8878230907826331
274,2018-12-06 14:00:00,4.638302347368735,42.3,0.8903474622371457
275,2018-12-06 13:00:00,9.32382594199328,40.9,0.7720335955502866
276,2018-12-06 12:00:00,5.250609784334001,43.3,0.8787388040569514
277,2018-12-06 11:00:00,5.848917869450592,43.6,0.8658505075814084
278,2018-12-06 10:00:00,5.703553392773145,42.7,0.8664273210123385
279,2018-12-06 09:00:00,5.40678564675311,44.8,0.8793128203849753
280,2018-12-06 08:00:00,5.8424345919445715,44.0,0.8672173956376233
281,2018-12-06 07:00:00,7.437448007471304,43.8,0.8301952509709748
282,2018-12-06 06:00:00,8.059024386772771,42.5,0.8103758967818172
283,2018-12-06 05:00:00,6.568988100456928,42.3,0.8447047730388433
284,2018-12-06 04:00:00,7.900913558888483,42.0,0.8118830105026552
285,2018-12-06 03:00:00,12.933372005544925,45.1,0.7132290020943476
286,2018-12-06 02:00:00,37.021324506403914,52.5,0.29483191416373494
287,2018-12-06 01:00:00,52.955286118827246,59.6,0.1114884879391402
288,2018-12-06 00:00:00,53.12365671286037,60.3,0.11901066811176834
289,2018-12-05 23:00:00,50.69554700075418,62.2,0.18495905143482028
290,2018-12-05 22:00:00,68.50456336850766,64.9,0.05554026761953244
291,2018-12-05 21:00:00,71.90116198135883,64.4,0.11647767051799408
292,2018-12-05 20:00:00,67.10406329309511,61.1,0.0982661750097399
293,2018-12-05 19:00:00,65.08189166082231,60.6,0.07395860826439449
294,2018-12-05 18:00:00,58.97530910171699,60.2,0.020343702629285962
295,2018-12-05 17:00:00,56.37197295407576,58.2,0.03140939941450592
296,2018-12-05 16:00:00,53.971849850004105,56.0,0.03621696696421241
297,2018-12-05 15:00:00,52.29215149025913,57.1,0.08420049929493645
298,2018-12-05 14:00:00,47.2062300354812,55.7,0.15249138176873975
299,2018-12-05 13:00:00,53.42666382684298,54.5,0.019694241709303065
300,2018-12-05 12:00:00,52.71273511533868,53.6,0.016553449340696275
301,2018-12-05 11:00:00,55.50951201739499,53.8,0.031775316308457105
302,2018-12-05 10:00:00,57.07797902661213,52.6,0.08513268111429896
304,2018-12-05 08:00:00,40.72007324963127,53.2,0.23458508929264535
305,2018-12-05 07:00:00,42.127932956318695,54.0,0.21985309340150566
306,2018-12-05 06:00:00,36.10407690065776,54.6,0.3387531703176235
307,2018-12-05 05:00:00,37.72896468382524,55.2,0.3165042629741805
308,2018-12-05 04:00:00,38.090270222209675,56.2,0.32223718465819084
309,2018-12-05 03:00:00,49.242365871521706,56.8,0.13305693888166006
310,2018-12-05 02:00:00,46.505427777111315,54.5,0.14668939858511348
311,2018-12-05 01:00:00,35.35576089215094,53.4,0.33790709939792246
312,2018-12-05 00:00:00,36.170188531859985,53.4,0.3226556454707868
313,2018-12-04 23:00:00,47.43270314848667,55.4,0.14381402259049336
314,2018-12-04 22:00:00,32.06973164322107,53.4,0.39944322765503615
315,2018-12-04 21:00:00,40.705904134337,50.4,0.19234317193775796
316,2018-12-04 20:00:00,35.195119784291194,43.1,0.1834078936359352
317,2018-12-04 19:00:00,16.047972670409784,39.6,0.5947481648886418
318,2018-12-04 18:00:00,25.56591905674001,48.1,0.4684840112943865
319,2018-12-04 17:00:00,13.465363291712539,43.7,0.6918681168944499
320,2018-12-04 16:00:00,12.602803040452914,43.0,0.7069115571987695
321,2018-12-04 15:00:00,15.649034523215263,40.4,0.6126476603164539
322,2018-12-04 14:00:00,17.30271330772696,43.1,0.598544934855523
323,2018-12-04 13:00:00,12.030056657971842,38.1,0.6842504814180619
324,2018-12-04 12:00:00,12.488984546997411,40.2,0.6893287426120047
325,2018-12-04 11:00:00,14.180255598040176,40.1,0.6463776658842849
326,2018-12-04 10:00:00,15.476787826956794,39.8,0.6111359842473167
327,2018-12-04 09:00:00,14.346412719580542,41.2,0.6517860990393073
328,2018-12-04 08:00:00,15.09371336256435,43.2,0.650608486977677
329,2018-12-04 07:00:00,14.998121460327186,43.3,0.6536230609624206
330,2018-12-04 06:00:00,13.613585486519076,41.7,0.6735351202273603
331,2018-12-04 05:00:00,14.722179179348727,41.9,0.6486353417816533
332,2018-12-04 04:00:00,15.43290841290317,40.8,0.6217424408602163
333,2018-12-04 03:00:00,17.232038452672995,39.1,0.5592829040237086
334,2018-12-04 02:00:00,19.440757325763915,39.1,0.502793930287368
335,2018-12-04 01:00:00,20.983506857786807,45.7,0.5408423007048839
336,2018-12-04 00:00:00,21.229422970220718,46.3,0.5414811453516043
337,2018-12-03 23:00:00,26.20731833314912,45.6,0.4252781067291859
338,2018-12-03 22:00:00,26.83374229699854,44.1,0.39152511798189255
339,2018-12-03 21:00:00,29.982469860404006,45.7,0.3439284494441137
340,2018-12-03 20:00:00,32.88043997240102,47.0,0.3004161707999783
341,2018-12-03 19:00:00,33.1914883383715,45.6,0.2721164838076426
342,2018-12-03 18:00:00,35.06878215394906,45.8,0.23430606650766242
343,2018-12-03 17:00:00,33.22752461587014,43.8,0.2413807165326452
344,2018-12-03 16:00:00,27.90750263968288,42.9,0.34947546294445503
345,2018-12-03 15:00:00,19.60457695171283,39.7,0.506181940762901
346,2018-12-03 14:00:00,30.80878148401334,43.6,0.29337657146758395
347,2018-12-03 13:00:00,37.28996890525765,45.5,0.18044024384049118
348,2018-12-03 12:00:00,37.37999607375083,47.6,0.21470596483716742
349,2018-12-03 11:00:00,38.63394271460075,47.7,0.1900640940335273
350,2018-12-03 10:00:00,38.15274076363873,47.4,0.19508985730719972
351,2018-12-03 09:00:00,49.86230213360925,45.3,0.10071307138210267
352,2018-12-03 08:00:00,50.62014205025779,46.9,0.07932072601828981
353,2018-12-03 07:00:00,54.322168253538685,51.4,0.05685152244238689
354,2018-12-03 06:00:00,59.46661646692281,53.1,0.11989861519628638
355,2018-12-03 05:00:00,63.07457033684271,56.3,0.12032984612509262
356,2018-12-03 04:00:00,70.47536363984914,58.2,0.2109169010283356
357,2018-12-03 03:00:00,83.38906641214909,63.7,0.3090905245235336
358,2018-12-03 02:00:00,120.9660268701386,78.9,0.5331562340955462
359,2018-12-03 01:00:00,204.04695125844404,108.8,0.8754315373018754
360,2018-12-03 00:00:00,245.68088899973898,111.2,1.2093605125875806
361,2018-12-02 23:00:00,233.54298169757504,117.1,0.9943892544626393
363,2018-12-02 21:00:00,212.9190465535583,117.3,0.8151666372852371
364,2018-12-02 20:00:00,237.26074079523534,123.2,0.925817701260027
365,2018-12-02 19:00:00,235.3433829703627,122.5,0.9211704732274507
366,2018-12-02 18:00:00,226.27694124051453,121.7,0.8593010783937102
367,2018-12-02 17:00:00,223.40967542206093,126.8,0.7619059575872313
368,2018-12-02 16:00:00,217.3516775996118,128.4,0.6927700747633317
369,2018-12-02 15:00:00,216.24506445059507,127.7,0.6933834334424046
370,2018-12-02 14:00:00,173.44557135259046,128.1,0.35398572484457824
371,2018-12-02 13:00:00,178.96014943338665,130.8,0.3681968611115186
372,2018-12-02 12:00:00,188.03290390059902,130.3,0.4430767759063623
373,2018-12-02 11:00:00,191.91900788052817,134.1,0.4311633697280252
374,2018-12-02 10:00:00,173.1942608807716,132.5,0.30712649721337054
375,2018-12-02 09:00:00,151.9465307257848,129.0,0.17788008314561868
376,2018-12-02 08:00:00,153.59766510089722,124.9,0.22976513291350847
377,2018-12-02 07:00:00,156.48233573061486,121.0,0.2932424440546683
378,2018-12-02 06:00:00,161.29541413122726,114.4,0.40992494869953894
379,2018-12-02 05:00:00,173.4459002816994,121.0,0.4334371924107389
380,2018-12-02 04:00:00,183.24764918187813,118.4,0.5476997397118085
381,2018-12-02 03:00:00,172.13649113947272,122.4,0.40634388185843723
382,2018-12-02 02:00:00,195.6640738644228,124.8,0.5678211046828749
383,2018-12-02 01:00:00,198.5562410885806,128.1,0.5500096884354458
384,2018-12-02 00:00:00,188.73356415894705,125.7,0.5014603353933734
385,2018-12-01 23:00:00,181.72364903254058,122.8,0.47983427550928814
386,2018-12-01 22:00:00,181.28860423835582,127.8,0.4185336794863523
387,2018-12-01 21:00:00,182.20877797857113,129.5,0.40701759056811687
388,2018-12-01 20:00:00,195.38205385957468,133.3,0.4657318369060365
389,2018-12-01 19:00:00,182.5762848553738,121.7,0.500215980734378
390,2018-12-01 18:00:00,193.86670334332885,123.4,0.5710429768503148
391,2018-12-01 17:00:00,197.72717815359624,127.3,0.553237848810654
392,2018-12-01 16:00:00,206.68940022546295,134.2,0.5401594651673842
393,2018-12-01 15:00:00,170.11968253991765,118.1,0.44047148636678796
394,2018-12-01 14:00:00,166.0491540027797,112.9,0.47076310011319467
395,2018-12-01 13:00:00,168.40087235408387,114.3,0.47332346766477584
396,2018-12-01 12:00:00,157.2385333487582,115.8,0.35784571112917285
397,2018-12-01 11:00:00,102.80810519465061,82.6,0.24465018395460794
398,2018-12-01 10:00:00,95.90389038807125,71.2,0.34696475264145005
399,2018-12-01 09:00:00,110.57574247351413,77.0,0.4360486035521315
400,2018-12-01 08:00:00,102.79388792459295,79.1,0.2995434630163459
401,2018-12-01 07:00:00,117.30862696985139,79.8,0.47003291942169667
402,2018-12-01 06:00:00,116.74555996887543,77.3,0.5102918495326705
403,2018-12-01 05:00:00,112.1539701639928,80.6,0.3914884635731117
404,2018-12-01 04:00:00,117.71120012665008,86.9,0.35455926497871204
405,2018-12-01 03:00:00,121.7560982673118,92.6,0.31486067243317284
406,2018-12-01 02:00:00,132.45486685709793,101.0,0.31143432531780124
407,2018-12-01 01:00:00,146.8366655468782,106.2,0.3826428017596818
408,2018-12-01 00:00:00,132.68203324311543,110.2,0.20401119095386047
409,2018-11-30 23:00:00,146.88744612407694,104.2,0.4096683889066885
410,2018-11-30 22:00:00,144.52779270603585,104.8,0.3790819914698078
411,2018-11-30 21:00:00,139.7788169035706,104.7,0.33504123117068385
412,2018-11-30 20:00:00,130.7901849443764,103.8,0.26002104956046623
413,2018-11-30 19:00:00,127.55278843267742,100.0,0.27552788432677416
414,2018-11-30 18:00:00,123.74817679762765,96.0,0.28904350830862136
415,2018-11-30 17:00:00,118.43493301137481,93.9,0.2612878914949393
416,2018-11-30 16:00:00,113.64797878831828,92.2,0.23262449878870153
417,2018-11-30 15:00:00,109.1725818504614,88.4,0.23498395758440488
418,2018-11-30 14:00:00,107.84494328273512,87.3,0.2353372655525214
419,2018-11-30 13:00:00,101.26375108859601,84.7,0.19555786409204257
420,2018-11-30 12:00:00,87.4725810735042,74.3,0.1772891126985761
421,2018-11-30 11:00:00,79.1343163574158,70.7,0.1192972610667015
422,2018-11-30 10:00:00,76.26119579690955,66.8,0.14163466761840643
423,2018-11-30 09:00:00,82.72283831716614,69.5,0.19025666643404512
424,2018-11-30 08:00:00,79.1363999108855,68.5,0.15527591110781755
425,2018-11-30 07:00:00,76.0734194736439,66.3,0.1474120584260015
426,2018-11-30 06:00:00,77.06730861232246,65.1,0.18382962538129755
427,2018-11-30 05:00:00,80.03532007006606,67.0,0.19455701597113528
428,2018-11-30 04:00:00,88.30834835821261,68.6,0.287293707845665
429,2018-11-30 03:00:00,77.86992896171664,67.9,0.14683253257314627
430,2018-11-30 02:00:00,85.41753100108903,67.8,0.25984558998656393
431,2018-11-30 01:00:00,80.4828368690588,65.4,0.23062441695808553
432,2018-11-30 00:00:00,69.72886899321378,64.4,0.08274641293810207
433,2018-11-29 23:00:00,69.99118111809119,62.9,0.1127373786659967
434,2018-11-29 22:00:00,69.16118214937225,60.8,0.1375194432462542
435,2018-11-29 21:00:00,65.47262540785263,64.2,0.01982282566748644
436,2018-11-29 20:00:00,56.73153647324677,69.1,0.17899368345518415
437,2018-11-29 19:00:00,56.04920525391439,66.6,0.15842034153281695
438,2018-11-29 18:00:00,57.341947310813026,64.9,0.11645689813847425
439,2018-11-29 17:00:00,58.47151822499876,64.6,0.09486813893190765
440,2018-11-29 16:00:00,57.7445426745029,63.9,0.09632953561028319
441,2018-11-29 15:00:00,55.061217255990215,59.6,0.07615407288607025
442,2018-11-29 14:00:00,53.46436915450451,57.8,0.07501091428192884
443,2018-11-29 13:00:00,57.84516953942814,62.0,0.06701339452535256
444,2018-11-29 12:00:00,61.11423337229589,66.2,0.07682426930066631
445,2018-11-29 11:00:00,58.041692129980554,64.8,0.1042948745373371
446,2018-11-29 10:00:00,53.71128384052637,59.2,0.09271479999110865
447,2018-11-29 09:00:00,50.812070878740336,56.0,0.09264159145106543
448,2018-11-29 08:00:00,51.990675113170965,63.2,0.17736273555109236
449,2018-11-29 07:00:00,59.679853915580026,63.8,0.06457909223228796
450,2018-11-29 06:00:00,63.98854699028158,64.4,0.00638902189003771
451,2018-11-29 05:00:00,71.69567872421172,67.6,0.060586963375913065
452,2018-11-29 04:00:00,83.36893078209948,68.6,0.2152905361822083
453,2018-11-29 03:00:00,86.88553750886987,66.8,0.300681699234579
454,2018-11-29 02:00:00,84.52482535784918,67.3,0.2559409414242078
455,2018-11-29 01:00:00,81.12162165182067,69.1,0.17397426413633404
456,2018-11-29 00:00:00,82.6914021883009,67.6,0.22324559450149267
457,2018-11-28 23:00:00,69.20312671966391,64.6,0.07125583157374489
458,2018-11-28 22:00:00,60.8246328029903,62.6,0.028360498354787544
459,2018-11-28 21:00:00,64.54213865673415,60.9,0.059805232458688906
460,2018-11-28 20:00:00,56.05310316802796,58.1,0.03523058230588712
461,2018-11-28 19:00:00,56.916728951826244,60.6,0.06078005029989699
462,2018-11-28 18:00:00,51.95552742146515,58.9,0.11790276024677164
463,2018-11-28 17:00:00,50.05345707026705,57.3,0.12646671779638652
464,2018-11-28 16:00:00,50.3562005989549,56.8,0.11344717255361088
465,2018-11-28 15:00:00,50.693779454507144,52.2,0.028854799722085416
466,2018-11-28 14:00:00,53.355816287962924,55.6,0.04036301640354456
467,2018-11-28 13:00:00,58.979989153095325,59.6,0.0104028665588033
468,2018-11-28 12:00:00,60.62793802556345,62.2,0.025274308270684095
469,2018-11-28 11:00:00,64.64196567606325,66.0,0.020576277635405295
470,2018-11-28 10:00:00,68.96895338023072,63.6,0.08441750597847034
471,2018-11-28 09:00:00,61.112471145155475,63.2,0.03303051985513494
472,2018-11-28 08:00:00,60.68207195840316,61.7,0.016498023364616633
473,2018-11-28 07:00:00,59.46773805205064,60.1,0.010520165523283853
474,2018-11-28 06:00:00,61.74151950557647,63.0,0.019975880863865557
475,2018-11-28 05:00:00,66.50138344639095,61.5,0.0813233080713975
476,2018-11-28 04:00:00,60.55263173578506,59.1,0.024579217187564492
477,2018-11-28 03:00:00,54.29082468183913,57.8,0.06071237574672775
478,2018-11-28 02:00:00,47.264985766447445,56.7,0.16640236743478937
479,2018-11-28 01:00:00,46.08591500564019,58.5,0.2122065811001677
480,2018-11-28 00:00:00,49.8140199942313,55.9,0.10887262979908223
481,2018-11-27 23:00:00,52.216407095957734,59.5,0.12241332611835741
482,2018-11-27 22:00:00,49.06407200321514,62.8,0.21872496810166975
483,2018-11-27 21:00:00,41.70163023584327,57.8,0.27851850803039324
484,2018-11-27 20:00:00,36.48517214912712,55.4,0.34142288539481724
485,2018-11-27 19:00:00,29.70347969176321,48.6,0.3888172902929381
486,2018-11-27 18:00:00,27.093604630961433,43.9,0.38283360749518375
487,2018-11-27 17:00:00,24.72904842785778,39.4,0.37235917695792436
488,2018-11-27 16:00:00,22.432838772901924,36.6,0.38708090784420973
489,2018-11-27 15:00:00,21.84350015473192,32.0,0.3173906201646275
490,2018-11-27 14:00:00,19.89088578854203,34.0,0.41497394739582266
491,2018-11-27 13:00:00,17.712016610793082,38.8,0.5435047265259515
492,2018-11-27 12:00:00,15.275957171949418,41.2,0.6292243404866646
493,2018-11-27 11:00:00,14.982513166953082,42.4,0.6466388404020499
494,2018-11-27 10:00:00,16.78572158371935,43.9,0.6176373215553679
495,2018-11-27 09:00:00,19.85668605017144,44.9,0.5577575489939546
496,2018-11-27 08:00:00,21.838848916174275,45.9,0.5242080846149395
497,2018-11-27 07:00:00,25.806050810133645,45.7,0.43531617483296187
498,2018-11-27 06:00:00,32.06014872299427,50.2,0.3613516190638592
499,2018-11-27 05:00:00,37.56906818641262,48.4,0.22377958292535902
500,2018-11-27 04:00:00,42.015882614898466,52.7,0.20273467523911834
501,2018-11-27 03:00:00,46.34181519775195,50.0,0.07316369604496104
502,2018-11-27 02:00:00,61.491488053580156,58.7,0.04755516275264315
503,2018-11-27 01:00:00,165.7208964715984,132.3,0.252614485801953
504,2018-11-27 00:00:00,313.69147834001893,217.2,0.4442517418969565
505,2018-11-26 23:00:00,356.1341264130556,237.1,0.5020418659344394
506,2018-11-26 22:00:00,389.7857153295458,238.2,0.6363799971853308
507,2018-11-26 21:00:00,390.30034857721995,232.3,0.6801564725665946
508,2018-11-26 20:00:00,343.83410813498983,221.7,0.5508980971357232
509,2018-11-26 19:00:00,293.7351209967866,176.3,0.6661095915869912
510,2018-11-26 18:00:00,269.98954378621585,152.2,0.7739129026689611
511,2018-11-26 17:00:00,245.1262195787489,144.2,0.699904435358869
512,2018-11-26 16:00:00,249.1741774878638,141.0,0.767192748140878
513,2018-11-26 15:00:00,239.81144233377623,128.0,0.8735268932326268
514,2018-11-26 14:00:00,257.2093010499095,151.3,0.6999953803695275
515,2018-11-26 13:00:00,264.7876236132014,170.8,0.5502788267751837
516,2018-11-26 12:00:00,249.1479211293765,166.5,0.49638391068694593
517,2018-11-26 11:00:00,230.26493503470545,160.7,0.43288696350158967
518,2018-11-26 10:00:00,218.53842155873528,139.9,0.5621045143583651
519,2018-11-26 09:00:00,220.0969999773576,138.0,0.5949057969373739
520,2018-11-26 08:00:00,217.0329055502874,140.0,0.55023503964491
521,2018-11-26 07:00:00,228.85337939894694,137.9,0.6595604017327551
522,2018-11-26 06:00:00,235.54247148410735,127.6,0.8459441338879887
523,2018-11-26 05:00:00,223.53189328184385,116.2,0.9236823862465047
524,2018-11-26 04:00:00,196.07006427186042,110.4,0.7759969589842428
525,2018-11-26 03:00:00,174.4265493718058,112.0,0.557379905105409
526,2018-11-26 02:00:00,165.503478538224,104.9,0.5777262015083315
527,2018-11-26 01:00:00,158.79740574676757,109.6,0.4488814392953246
528,2018-11-26 00:00:00,156.47642328590493,112.3,0.39337865793325855
529,2018-11-25 23:00:00,151.854554374152,107.7,0.4099772922391086
530,2018-11-25 22:00:00,151.41762497189978,103.8,0.45874397853468
531,2018-11-25 21:00:00,151.71469649821887,100.4,0.511102554763136
532,2018-11-25 20:00:00,146.49950053653185,102.6,0.42787037559972574
533,2018-11-25 19:00:00,118.79824741373132,71.4,0.6638410001923153
534,2018-11-25 18:00:00,84.36308802966535,66.4,0.27052843418170697
535,2018-11-25 17:00:00,60.99742812572784,57.9,0.053496167974574176
536,2018-11-25 16:00:00,57.29162484786427,56.5,0.014011059254234867
537,2018-11-25 15:00:00,67.04558783330702,56.7,0.1824618665486247
538,2018-11-25 14:00:00,80.37674377892954,64.1,0.2539273600457027
539,2018-11-25 13:00:00,87.83319715634374,82.6,0.06335589777655871
540,2018-11-25 12:00:00,98.1098510626527,78.5,0.24980701990640375
541,2018-11-25 11:00:00,108.86721853846603,83.8,0.29913148613921287
542,2018-11-25 10:00:00,115.08126289696133,90.3,0.2744325902210558
543,2018-11-25 09:00:00,124.91186551771207,91.2,0.3696476482205271
544,2018-11-25 08:00:00,136.65909831763605,97.9,0.3959049879227379
545,2018-11-25 07:00:00,142.4705101255237,97.5,0.4612360012874226
546,2018-11-25 06:00:00,147.38950255158753,102.4,0.4393506108553469
547,2018-11-25 05:00:00,145.89377887185663,103.9,0.40417496508042944
548,2018-11-25 04:00:00,152.59846192500666,110.4,0.38223244497288633
549,2018-11-25 03:00:00,156.8415059206555,114.3,0.3721916528491295
550,2018-11-25 02:00:00,156.18886078773448,114.2,0.3676782906106347
551,2018-11-25 01:00:00,157.61173181248077,110.6,0.42506086629729456
552,2018-11-25 00:00:00,155.94706957971079,107.0,0.45744924840851203
553,2018-11-24 23:00:00,154.9673221071828,118.1,0.3121703819405827
554,2018-11-24 22:00:00,154.72877851014277,119.8,0.291559086061292
555,2018-11-24 21:00:00,150.91875979452433,125.6,0.2015824824404804
556,2018-11-24 20:00:00,169.51282844923495,120.5,0.4067454643090037
557,2018-11-24 19:00:00,165.6743198683505,113.0,0.4661444236137212
558,2018-11-24 18:00:00,159.45861302973915,109.8,0.45226423524352605
559,2018-11-24 17:00:00,151.09930794853838,110.4,0.36865315170777513
560,2018-11-24 16:00:00,121.27577127006285,93.6,0.295681316987851
561,2018-11-24 15:00:00,113.78034108799577,86.4,0.3169020959258768
562,2018-11-24 14:00:00,116.51025572303162,89.3,0.3047061111201749
563,2018-11-24 13:00:00,113.72546357109955,91.3,0.2456239164413971
564,2018-11-24 12:00:00,113.58136098780982,83.8,0.35538616930560646
565,2018-11-24 11:00:00,91.72167190111182,75.6,0.213249628321585
566,2018-11-24 10:00:00,76.87328090656513,69.9,0.09976081411395024
567,2018-11-24 09:00:00,76.71273310846281,66.7,0.15011593865761336
568,2018-11-24 08:00:00,70.84495387183685,69.2,0.02377100970862496
569,2018-11-24 07:00:00,64.51533744837394,69.4,0.07038418662285395
570,2018-11-24 06:00:00,64.45867221990693,68.6,0.06036920962234788
571,2018-11-24 05:00:00,62.7322291236733,66.6,0.05807463778268311
572,2018-11-24 04:00:00,54.16293184162963,66.3,0.18306286815038264
573,2018-11-24 03:00:00,80.85543822688855,79.0,0.023486559834032302
574,2018-11-24 02:00:00,108.48507075683574,84.6,0.2823294415701625
575,2018-11-24 01:00:00,110.68171510676186,80.4,0.3766382475965404
576,2018-11-24 00:00:00,113.4363993452202,76.6,0.4808929418436058
577,2018-11-23 23:00:00,106.23641565368884,75.1,0.41459940950318036
578,2018-11-23 22:00:00,103.17711862880915,82.7,0.24760723855875635
579,2018-11-23 21:00:00,95.43279924348847,82.0,0.16381462492059115
580,2018-11-23 20:00:00,96.39134228869244,76.8,0.25509560271734955
581,2018-11-23 19:00:00,90.00294553043064,74.0,0.2162560206814951
582,2018-11-23 18:00:00,83.9002980251001,72.3,0.16044672233886725
583,2018-11-23 17:00:00,83.5105274407771,73.0,0.14397982795585063
584,2018-11-23 16:00:00,74.33268084043702,70.0,0.06189544057767173
585,2018-11-23 15:00:00,63.61920343956596,68.0,0.0644234788299124
586,2018-11-23 14:00:00,54.24919474886026,63.5,0.1456819724588935
587,2018-11-23 13:00:00,46.23875347414849,62.6,0.2613617655886823
588,2018-11-23 12:00:00,44.01311513584402,59.6,0.26152491382812054
589,2018-11-23 11:00:00,38.60661684904783,54.5,0.2916217091917829
590,2018-11-23 10:00:00,54.580206080394795,58.4,0.06540743013022608
591,2018-11-23 09:00:00,67.02272716037625,63.2,0.060486189246459585
592,2018-11-23 08:00:00,73.53452734792381,64.1,0.14718451400817192
593,2018-11-23 07:00:00,83.47791713552643,67.0,0.24593906172427502
594,2018-11-23 06:00:00,89.51555179965867,67.2,0.3320766636853968
595,2018-11-23 05:00:00,72.03954050783938,64.4,0.11862640540123245
596,2018-11-23 04:00:00,76.75013098121116,65.4,0.1735494033824335
597,2018-11-23 03:00:00,84.36174652310183,66.6,0.2666928907372648
598,2018-11-23 02:00:00,106.68626222469311,68.6,0.5551933268905702
599,2018-11-23 01:00:00,83.85300007089859,67.1,0.24967213220415194
600,2018-11-23 00:00:00,75.62271734236985,67.0,0.12869727376671422
601,2018-11-22 23:00:00,77.16578128474146,70.6,0.09299973491135216
602,2018-11-22 22:00:00,72.8585608409621,71.5,0.019000850922546837
603,2018-11-22 21:00:00,70.38995826674787,67.4,0.04436139861643713
604,2018-11-22 20:00:00,55.634175619781665,58.6,0.05061133754638799
605,2018-11-22 19:00:00,41.512921881762104,54.6,0.23969007542560253
606,2018-11-22 18:00:00,28.509526181274964,51.7,0.44855848778965257
607,2018-11-22 17:00:00,22.04453382294115,49.1,0.5510278243800173
608,2018-11-22 16:00:00,18.723178936062165,44.7,0.5811369365534191
609,2018-11-22 15:00:00,15.40222476801275,38.1,0.5957421320731562
610,2018-11-22 14:00:00,11.863593298958266,38.4,0.6910522578396285
611,2018-11-22 13:00:00,11.904824604403514,42.3,0.7185620660897514
612,2018-11-22 12:00:00,11.381755807604632,45.9,0.7520314638866092
613,2018-11-22 11:00:00,12.372101898586104,45.8,0.7298667707732291
614,2018-11-22 10:00:00,24.29345034759671,50.6,0.5198922856206184
615,2018-11-22 09:00:00,39.325757579334194,51.2,0.23191879727862907
616,2018-11-22 08:00:00,50.3664824348965,59.5,0.15350449689249585
617,2018-11-22 07:00:00,47.01849821377308,62.6,0.24890577933269845
618,2018-11-22 06:00:00,59.90574561963665,64.4,0.06978655870129438
619,2018-11-22 05:00:00,61.50430119867631,65.5,0.061003035134712835
620,2018-11-22 04:00:00,69.08796074374418,67.3,0.02656702442413342
621,2018-11-22 03:00:00,63.06705569915389,66.8,0.05588239971326508
622,2018-11-22 02:00:00,58.92961965507054,67.2,0.12307113608525988
623,2018-11-22 01:00:00,55.41070400541009,64.8,0.14489654312638747
624,2018-11-22 00:00:00,49.04509945169363,63.1,0.22274010377664613
625,2018-11-21 23:00:00,48.90819908705098,69.8,0.29930946866689134
626,2018-11-21 22:00:00,47.407064697164714,68.0,0.3028372838652248
627,2018-11-21 21:00:00,41.147216286032474,64.2,0.3590776279434194
628,2018-11-21 20:00:00,38.7832229367494,56.9,0.31839678494289286
629,2018-11-21 19:00:00,27.88211012993861,54.0,0.48366462722335907
630,2018-11-21 18:00:00,22.293243234033984,49.4,0.5487197725904052
631,2018-11-21 17:00:00,19.87826088636804,47.3,0.5797407846433819
633,2018-11-21 15:00:00,8.686950669715927,34.5,0.7482043284140311
634,2018-11-21 14:00:00,5.726311346896741,31.0,0.8152802791323632
635,2018-11-21 13:00:00,5.0292280538012495,35.5,0.8583316041182747
636,2018-11-21 12:00:00,3.0,38.5,0.922077922077922
637,2018-11-21 11:00:00,3.0,39.0,0.9230769230769231
639,2018-11-21 09:00:00,3.508137837501174,41.2,0.914851023361622
640,2018-11-21 08:00:00,4.415839356828529,45.1,0.902087819139057
641,2018-11-21 07:00:00,14.433794480866377,52.0,0.7224270292141082
642,2018-11-21 06:00:00,40.24883984595418,61.6,0.3466097427604841
643,2018-11-21 05:00:00,39.949476536696366,59.0,0.322890228191587
644,2018-11-21 04:00:00,40.31811300709288,59.6,0.32352159384072343
645,2018-11-21 03:00:00,50.59265415241734,62.8,0.19438448801883215
646,2018-11-21 02:00:00,66.55035768848913,68.2,0.02418830368784273
647,2018-11-21 01:00:00,68.55510116896603,66.0,0.03871365407524292
648,2018-11-21 00:00:00,32.23715985843583,51.4,0.3728179015868515
649,2018-11-20 23:00:00,40.451670216304,59.0,0.3143784709101017
650,2018-11-20 22:00:00,36.721127568810736,54.4,0.3249792726321556
651,2018-11-20 21:00:00,33.96726426701329,52.7,0.35545988108134174
652,2018-11-20 20:00:00,31.858828390085915,52.5,0.39316517352217306
653,2018-11-20 19:00:00,27.00757316545846,48.0,0.4373422257196154
654,2018-11-20 18:00:00,20.286604131065452,44.8,0.5471740149315747
655,2018-11-20 17:00:00,20.17529856558748,42.0,0.5196357484383933
656,2018-11-20 16:00:00,19.510943455085762,38.7,0.4958412543905488
657,2018-11-20 15:00:00,16.131983696760575,36.7,0.5604364115324094
658,2018-11-20 14:00:00,15.417616862520802,38.0,0.5942732404599789
659,2018-11-20 13:00:00,16.610217113097224,39.5,0.579488174351969
660,2018-11-20 12:00:00,17.11603187416458,39.6,0.5677769728746318
661,2018-11-20 11:00:00,18.86164893465033,42.8,0.5593072678820016
662,2018-11-20 10:00:00,24.038517863545426,48.4,0.503336407777987
663,2018-11-20 09:00:00,32.4436997705795,51.9,0.3748805439194701
664,2018-11-20 08:00:00,54.08199440405694,65.7,0.17683417954251232
665,2018-11-20 07:00:00,73.58778869110179,65.2,0.12864706581444463
666,2018-11-20 06:00:00,71.46895752215072,62.9,0.1362314391438906
667,2018-11-20 05:00:00,56.548754302646046,61.2,0.07600074668879014
668,2018-11-20 04:00:00,49.78088823254877,63.2,0.21232771783941826
669,2018-11-20 03:00:00,56.01076764683542,65.4,0.14356624393218023
670,2018-11-20 02:00:00,73.15709910297072,65.3,0.12032311030583034
671,2018-11-20 01:00:00,75.83866112859128,64.6,0.1739730824859333
672,2018-11-20 00:00:00,80.03809715682218,72.4,0.10549857951411835
673,2018-11-19 23:00:00,90.89689306042703,77.4,0.17437846331301068
674,2018-11-19 22:00:00,119.52140044044143,86.8,0.3769746594520902
676,2018-11-19 20:00:00,131.06256834266554,90.9,0.44183243501282216
677,2018-11-19 19:00:00,125.07188768079118,89.9,0.39123345584862257
678,2018-11-19 18:00:00,116.94716407943565,88.2,0.3259315655264813
679,2018-11-19 17:00:00,112.79021454715019,84.1,0.3411440493121307
710,2018-11-18 10:00:00,7.894679853220353,40.3,0.8041022368927951
711,2018-11-18 09:00:00,35.05540762953387,54.5,0.35678151138469966
712,2018-11-18 08:00:00,61.74874455545498,62.2,0.007254910684003638
713,2018-11-18 07:00:00,61.89491315619772,65.7,0.05791608590262231
714,2018-11-18 06:00:00,68.21583020252899,68.0,0.0031739735666028134
715,2018-11-18 05:00:00,71.97425902023019,67.9,0.06000381473093058
716,2018-11-18 04:00:00,84.07328907077222,77.3,0.08762340324414258
717,2018-11-18 03:00:00,106.61412943978084,94.3,0.13058461760106937
718,2018-11-18 02:00:00,94.59595808465576,87.1,0.08606151647136359
719,2018-11-18 01:00:00,91.46024080306681,81.8,0.1180958533382251
720,2018-11-18 00:00:00,93.01686879947685,78.8,0.18041711674463015
