,时间,花乡,花乡_root,相对偏差
12,2018-12-17 12:00:00,43.405166545819476,41.6,0.04339342658219891
13,2018-12-17 11:00:00,47.58084155883814,46.2,0.029888345429396862
14,2018-12-17 10:00:00,47.15890781695798,47.7,0.011343651636101152
26,2018-12-16 22:00:00,20.50137716222827,62.7,0.6730242876837598
30,2018-12-16 18:00:00,149.45239218378137,130.4,0.1461073020228632
31,2018-12-16 17:00:00,129.69924755904327,104.8,0.23758824006720683
32,2018-12-16 16:00:00,48.7140382480628,55.4,0.12068523017937183
33,2018-12-16 15:00:00,48.09060132757594,54.9,0.12403276270353478
34,2018-12-16 14:00:00,82.81517867869103,75.6,0.09543887141125705
35,2018-12-16 13:00:00,96.20300567851628,88.5,0.0870396121866246
36,2018-12-16 12:00:00,110.48900109815402,111.6,0.009955187292526651
37,2018-12-16 11:00:00,121.38736237078423,123.0,0.013110875034274543
38,2018-12-16 10:00:00,122.1308486126086,121.3,0.006849535141043736
39,2018-12-16 09:00:00,114.26750903393645,120.0,0.04777075805052959
40,2018-12-16 08:00:00,112.65054603499975,116.7,0.034699691216797376
41,2018-12-16 07:00:00,113.97872533031513,129.2,0.11781172344957323
42,2018-12-16 06:00:00,112.9385227157508,138.8,0.18632188245136314
43,2018-12-16 05:00:00,123.38345882916089,145.9,0.15432858924495627
44,2018-12-16 04:00:00,119.48913523919678,166.6,0.28277829988477315
45,2018-12-16 03:00:00,142.42899155302538,171.1,0.1675687226591152
46,2018-12-16 02:00:00,151.13695042461111,164.0,0.07843322911822491
47,2018-12-16 01:00:00,151.71294798061948,164.7,0.07885277485962668
48,2018-12-16 00:00:00,150.59998811716812,169.2,0.10992914824368716
49,2018-12-15 23:00:00,154.27873044832907,162.6,0.05117631950597124
50,2018-12-15 22:00:00,153.5178315665684,156.2,0.01717137281326248
51,2018-12-15 21:00:00,153.47627210390996,150.4,0.02045393686110344
52,2018-12-15 20:00:00,143.2141010441746,142.0,0.008550007353342336
53,2018-12-15 19:00:00,131.04415111854624,120.2,0.09021756338224822
54,2018-12-15 18:00:00,97.91829995415037,95.2,0.02855357094695764
55,2018-12-15 17:00:00,93.88107645618477,93.1,0.008389650442371404
56,2018-12-15 16:00:00,98.1139175584892,95.8,0.024153627959177543
57,2018-12-15 15:00:00,99.38757355993879,98.3,0.011063820548716068
58,2018-12-15 14:00:00,94.11603517062515,93.4,0.007666329449948046
59,2018-12-15 13:00:00,92.38145649384694,90.8,0.01741692173840246
60,2018-12-15 12:00:00,91.76994490796532,87.2,0.05240762509134544
61,2018-12-15 11:00:00,87.60630816788903,84.8,0.03309325669680458
62,2018-12-15 10:00:00,89.16019882620715,84.0,0.06143093840722798
63,2018-12-15 09:00:00,81.21529748320728,83.9,0.03199883810241627
64,2018-12-15 08:00:00,79.41646472482832,84.7,0.06237940112363267
65,2018-12-15 07:00:00,79.62536414096213,87.0,0.08476592941422835
66,2018-12-15 06:00:00,79.14140821968951,83.0,0.046489057594102295
67,2018-12-15 05:00:00,77.97755001055641,79.0,0.012942404929665653
68,2018-12-15 04:00:00,79.979230803162,78.9,0.013678463918402927
69,2018-12-15 03:00:00,83.67574497106071,85.5,0.021336316127944923
70,2018-12-15 02:00:00,90.5111956939835,94.9,0.0462466207167177
71,2018-12-15 01:00:00,93.04262167231366,95.9,0.029795394449284127
72,2018-12-15 00:00:00,85.10053261243185,85.7,0.006994952013630738
74,2018-12-14 22:00:00,76.07132323433223,71.6,0.062448648524193184
75,2018-12-14 21:00:00,70.31894660810812,66.9,0.05110533046499424
76,2018-12-14 20:00:00,62.587010040759395,63.9,0.020547573697036046
77,2018-12-14 19:00:00,58.72599222207206,58.7,0.0004427976502905524
78,2018-12-14 18:00:00,53.57486332256857,56.9,0.058438254436404755
79,2018-12-14 17:00:00,55.18617285595556,57.6,0.04190672125077152
80,2018-12-14 16:00:00,72.80489418226293,71.1,0.023978821128873885
81,2018-12-14 15:00:00,88.46392482691175,90.0,0.017067501923202777
82,2018-12-14 14:00:00,82.98110535012812,82.5,0.005831580001552945
83,2018-12-14 13:00:00,78.25528874349412,76.6,0.021609513622638715
84,2018-12-14 12:00:00,67.31712323236077,65.6,0.026175659029889893
85,2018-12-14 11:00:00,39.5350306289234,40.6,0.026230772686615767
86,2018-12-14 10:00:00,37.04351098558867,37.0,0.0011759725834775121
87,2018-12-14 09:00:00,37.8715968331728,43.1,0.12130865816304406
88,2018-12-14 08:00:00,37.17191407681785,47.3,0.21412443812224416
89,2018-12-14 07:00:00,33.1651409832156,48.6,0.31758969170338275
90,2018-12-14 06:00:00,37.20352473671978,47.0,0.2084356438995792
91,2018-12-14 05:00:00,37.86413563658868,43.1,0.12148177177288454
92,2018-12-14 04:00:00,37.79067611472837,43.4,0.1292470941306827
93,2018-12-14 03:00:00,37.03772853575983,44.7,0.17141546899866153
94,2018-12-14 02:00:00,36.17281785745891,46.1,0.2153401766277894
95,2018-12-14 01:00:00,37.44663724942617,44.4,0.15660726915706827
96,2018-12-14 00:00:00,30.132030515004356,30.6,0.015293120424694297
97,2018-12-13 23:00:00,20.469174516282187,30.5,0.3288795240563217
118,2018-12-13 02:00:00,25.778149825813962,35.8,0.27993994899960994
119,2018-12-13 01:00:00,35.49862948328406,43.7,0.18767438253354551
120,2018-12-13 00:00:00,42.31801760106938,62.2,0.319646019275412
121,2018-12-12 23:00:00,61.12539877830373,71.2,0.14149720816989142
122,2018-12-12 22:00:00,95.23921566436509,80.6,0.18162798591023693
123,2018-12-12 21:00:00,99.6782922579861,77.9,0.2795672947109896
124,2018-12-12 20:00:00,67.4629966255566,64.4,0.047562059403052685
125,2018-12-12 19:00:00,63.138299069335154,61.0,0.035054083103854994
126,2018-12-12 18:00:00,42.923050967841746,55.8,0.23076969591681454
127,2018-12-12 17:00:00,49.05640586992605,47.7,0.02843618175945597
128,2018-12-12 16:00:00,46.54920879283096,42.4,0.09785869794412645
129,2018-12-12 15:00:00,45.31807745592748,52.2,0.13183759662974182
130,2018-12-12 14:00:00,33.19517994191973,34.3,0.03221049732012433
135,2018-12-12 09:00:00,30.01552268218716,30.7,0.02229567810465272
139,2018-12-12 05:00:00,33.0964361460215,34.0,0.026575407469955792
140,2018-12-12 04:00:00,33.284585346969536,44.0,0.24353215120523783
141,2018-12-12 03:00:00,31.27295754154273,50.7,0.3831763798512282
142,2018-12-12 02:00:00,33.84681762991973,53.2,0.3637816234977495
143,2018-12-12 01:00:00,44.83120878970948,50.1,0.10516549321937171
163,2018-12-11 05:00:00,50.479927890981074,54.0,0.06518652053738752
164,2018-12-11 04:00:00,71.91776322584522,68.4,0.051429286927561615
165,2018-12-11 03:00:00,74.89502443556763,69.3,0.08073628334152436
166,2018-12-11 02:00:00,77.30779103979819,70.3,0.09968408306967558
167,2018-12-11 01:00:00,91.71772376349645,77.4,0.1849835111562848
168,2018-12-11 00:00:00,101.47598059440902,78.1,0.2993083302741233
169,2018-12-10 23:00:00,97.70623672266575,74.2,0.31679564316261116
170,2018-12-10 22:00:00,97.86190264507994,74.1,0.3206734500010789
171,2018-12-10 21:00:00,85.91360173100985,68.7,0.25056188836986676
172,2018-12-10 20:00:00,76.4068388119302,66.9,0.1421052139301972
174,2018-12-10 18:00:00,70.49923052291268,64.5,0.09301132593663074
175,2018-12-10 17:00:00,68.0515638175442,61.9,0.099379060057257
176,2018-12-10 16:00:00,64.76837075227263,63.9,0.013589526639634308
177,2018-12-10 15:00:00,66.73474666786014,65.2,0.023539059323008184
178,2018-12-10 14:00:00,68.26353976297588,65.2,0.04698680618061163
179,2018-12-10 13:00:00,66.26714918071765,67.6,0.019716728095892637
180,2018-12-10 12:00:00,68.27226747926512,64.1,0.06508997627558706
181,2018-12-10 11:00:00,57.86762608036549,61.9,0.06514335896016978
182,2018-12-10 10:00:00,61.9243390365376,64.0,0.032432202554099954
183,2018-12-10 09:00:00,72.20435690720868,64.8,0.1142647670865537
184,2018-12-10 08:00:00,74.04110793172525,66.8,0.10839981933720438
185,2018-12-10 07:00:00,74.5122224273087,67.2,0.10881283373971275
186,2018-12-10 06:00:00,71.42865665339377,63.9,0.11781935294825939
187,2018-12-10 05:00:00,73.19030669690923,63.5,0.15260325506943673
188,2018-12-10 04:00:00,74.04599630955826,65.6,0.1287499437432663
189,2018-12-10 03:00:00,74.68544035268958,69.9,0.06846123537467205
190,2018-12-10 02:00:00,82.05735569579457,73.8,0.11188828856090208
191,2018-12-10 01:00:00,103.52004902067942,92.6,0.11792709525571737
192,2018-12-10 00:00:00,97.31333036378375,110.6,0.12013263685548144
193,2018-12-09 23:00:00,95.17754557457503,128.2,0.2575854479362321
194,2018-12-09 22:00:00,129.5161055994854,126.2,0.026276589536334362
195,2018-12-09 21:00:00,107.40166927492484,111.4,0.03589165821431924
196,2018-12-09 20:00:00,105.91529009905125,104.2,0.016461517265367032
197,2018-12-09 19:00:00,107.63291033398988,103.3,0.04194492094859523
198,2018-12-09 18:00:00,97.76836212231144,92.3,0.05924552678560615
199,2018-12-09 17:00:00,88.97861794348003,74.9,0.18796552661522062
200,2018-12-09 16:00:00,84.93373172517798,77.3,0.09875461481472161
201,2018-12-09 15:00:00,85.5390419386182,79.8,0.07191781877967669
202,2018-12-09 14:00:00,82.65913790131607,60.6,0.36401217658937407
203,2018-12-09 13:00:00,65.800270853037,52.3,0.25813137386304036
204,2018-12-09 12:00:00,62.99667436418283,50.1,0.2574186499836892
205,2018-12-09 11:00:00,73.65564574899729,62.3,0.1822736075280464
206,2018-12-09 10:00:00,34.52741946604618,62.4,0.4466759700954137
207,2018-12-09 09:00:00,39.21588700023721,74.9,0.47642340453621884
208,2018-12-09 08:00:00,30.988333756092246,74.1,0.5818038629407254
209,2018-12-09 07:00:00,31.97036478877234,73.1,0.5626489084983263
210,2018-12-09 06:00:00,35.40378768874553,74.6,0.5254183955932235
212,2018-12-09 04:00:00,42.68516839792233,66.7,0.36004245280476266
213,2018-12-09 03:00:00,30.774286186164513,64.1,0.5199019315730964
214,2018-12-09 02:00:00,41.11958874792046,65.5,0.37222001911571817
215,2018-12-09 01:00:00,37.054535458358544,60.2,0.3844761551767684
217,2018-12-08 23:00:00,45.323692436359494,49.4,0.08251634744211549
218,2018-12-08 22:00:00,19.92885088099266,46.4,0.5704989034268824
219,2018-12-08 21:00:00,19.56593510888111,42.9,0.5439175965295778
220,2018-12-08 20:00:00,17.68917664974721,33.6,0.473536409233714
286,2018-12-06 02:00:00,68.85447966707784,33.6,1.0492404662820785
287,2018-12-06 01:00:00,88.1806595646332,54.8,0.6091361234422118
288,2018-12-06 00:00:00,87.06906716666916,54.6,0.5946715598291054
289,2018-12-05 23:00:00,88.44708575174505,53.0,0.6688129387121707
290,2018-12-05 22:00:00,94.00898564886833,62.4,0.5065542571934027
291,2018-12-05 21:00:00,98.14194643925579,64.0,0.5334679131133717
292,2018-12-05 20:00:00,92.8506758764743,61.0,0.5221422274831852
293,2018-12-05 19:00:00,91.14618065991857,59.2,0.539631430066192
294,2018-12-05 18:00:00,83.80791974072847,57.5,0.4575290389691907
295,2018-12-05 17:00:00,81.30351818973023,54.2,0.5000649112496351
296,2018-12-05 16:00:00,84.51400476468172,52.5,0.6097905669463184
297,2018-12-05 15:00:00,73.81082769808016,48.1,0.5345286423717288
298,2018-12-05 14:00:00,68.74412738870225,45.5,0.5108599426088407
299,2018-12-05 13:00:00,72.26909664164603,47.4,0.5246644861106757
300,2018-12-05 12:00:00,64.76383149500269,49.2,0.31633803851631476
301,2018-12-05 11:00:00,58.74007423851109,42.7,0.37564576670986155
302,2018-12-05 10:00:00,71.5969281046536,42.2,0.6966096707263885
304,2018-12-05 08:00:00,70.18033630958516,45.2,0.5526623077341848
305,2018-12-05 07:00:00,65.52010956427145,44.3,0.479009245243148
306,2018-12-05 06:00:00,66.6395760136956,36.5,0.8257418085944
307,2018-12-05 05:00:00,61.84026525933754,31.1,0.9884329665381846
309,2018-12-05 03:00:00,53.79990778084007,33.5,0.6059673964429872
357,2018-12-03 03:00:00,101.66415874058193,31.1,2.268944010951187
358,2018-12-03 02:00:00,138.8334244130208,49.2,1.8218175693703411
359,2018-12-03 01:00:00,173.26387937634698,72.7,1.3832720684504398
360,2018-12-03 00:00:00,183.9653194341048,85.6,1.1491275634825329
361,2018-12-02 23:00:00,220.00414157169072,89.4,1.4608964381620886
363,2018-12-02 21:00:00,202.8182050246324,92.3,1.197380336128195
364,2018-12-02 20:00:00,193.69366394978826,93.0,1.082727569352562
365,2018-12-02 19:00:00,194.16924052108314,89.2,1.1767852076354612
366,2018-12-02 18:00:00,193.73246421531508,85.0,1.279205461356648
367,2018-12-02 17:00:00,178.9156108173581,96.7,0.850213141854789
368,2018-12-02 16:00:00,181.73377672984242,99.6,0.8246363125486188
369,2018-12-02 15:00:00,186.41001094729123,98.5,0.8924874207846825
370,2018-12-02 14:00:00,176.023852821971,93.6,0.8805967181834509
371,2018-12-02 13:00:00,178.0906292003004,99.5,0.7898555698522655
372,2018-12-02 12:00:00,178.7404734379762,107.5,0.6627020784928018
373,2018-12-02 11:00:00,172.11976245813105,99.5,0.7298468588756889
374,2018-12-02 10:00:00,171.4615110164665,106.2,0.614515169646577
375,2018-12-02 09:00:00,176.94011787529269,105.6,0.6755692980614838
376,2018-12-02 08:00:00,173.30232029482278,107.2,0.6166261221531976
377,2018-12-02 07:00:00,172.52905007511265,92.2,0.8712478316172738
378,2018-12-02 06:00:00,172.47765444649684,90.8,0.8995336392785996
379,2018-12-02 05:00:00,161.29285083689976,85.5,0.8864660916596463
380,2018-12-02 04:00:00,152.22977376928935,78.8,0.931849920930068
381,2018-12-02 03:00:00,153.28143928780383,83.5,0.8357058597341777
382,2018-12-02 02:00:00,173.43841517129707,92.2,0.8811107936149356
383,2018-12-02 01:00:00,187.42054455948613,94.3,0.9874925191886122
384,2018-12-02 00:00:00,191.46527464621906,96.3,0.988216766835089
385,2018-12-01 23:00:00,199.94466655336987,90.3,1.2142266506463995
386,2018-12-01 22:00:00,199.01473163954302,96.3,1.0666119588737593
387,2018-12-01 21:00:00,193.79892415778238,97.9,0.9795600016116688
388,2018-12-01 20:00:00,210.6447316686187,94.8,1.2219908403862734
389,2018-12-01 19:00:00,206.01577995792843,95.0,1.1685871574518782
390,2018-12-01 18:00:00,201.96910921481958,94.7,1.1327255460910197
391,2018-12-01 17:00:00,208.6994991118909,101.8,1.0500933115116986
392,2018-12-01 16:00:00,202.45795073108908,106.6,0.8992303070458639
393,2018-12-01 15:00:00,171.2134446450442,88.6,0.9324316551359393
394,2018-12-01 14:00:00,171.90662803988621,90.4,0.9016219915916616
395,2018-12-01 13:00:00,173.81755236500123,91.5,0.8996453810382649
396,2018-12-01 12:00:00,161.40225614900424,80.2,1.0124969594638933
397,2018-12-01 11:00:00,121.04134091088294,56.8,1.131009523078925
398,2018-12-01 10:00:00,94.10397324520176,50.9,0.8488010460746908
399,2018-12-01 09:00:00,96.75278050555822,57.4,0.6855885105497949
400,2018-12-01 08:00:00,95.45003293731473,56.6,0.6863963416486701
401,2018-12-01 07:00:00,94.53792560974395,57.0,0.6585600984165605
402,2018-12-01 06:00:00,98.21051354770886,58.3,0.6845714159126735
403,2018-12-01 05:00:00,102.46704930243256,59.3,0.7279434958251697
404,2018-12-01 04:00:00,103.40571684601456,59.7,0.7320890593972287
405,2018-12-01 03:00:00,107.8945277547545,59.9,0.8012442029174376
406,2018-12-01 02:00:00,110.17790670438656,67.0,0.6444463687221874
407,2018-12-01 01:00:00,120.34163646495334,80.5,0.494927161055321
408,2018-12-01 00:00:00,137.71146133882638,85.9,0.6031602018489682
409,2018-11-30 23:00:00,133.08687325957817,90.4,0.47219992543781153
410,2018-11-30 22:00:00,148.44363411129683,88.1,0.6849447685731764
411,2018-11-30 21:00:00,148.62125276155635,83.6,0.7777661813583296
412,2018-11-30 20:00:00,145.62722119705603,83.1,0.7524334680752833
413,2018-11-30 19:00:00,143.97117587631772,67.5,1.132906309278781
414,2018-11-30 18:00:00,136.01068154491392,66.7,1.039140652847285
415,2018-11-30 17:00:00,131.71033845029484,68.2,0.931236634168546
416,2018-11-30 16:00:00,127.6603222888272,72.8,0.7535758556157583
417,2018-11-30 15:00:00,121.64551464461393,69.6,0.7477803828249129
418,2018-11-30 14:00:00,121.86058533141839,69.6,0.7508704788996897
419,2018-11-30 13:00:00,113.78082439726256,61.4,0.8531078892062307
420,2018-11-30 12:00:00,101.32771157736336,54.0,0.8764391032845067
421,2018-11-30 11:00:00,91.51229385749785,50.6,0.8085433568675464
422,2018-11-30 10:00:00,91.52591205739371,49.2,0.860282765394181
423,2018-11-30 09:00:00,88.1398179883271,52.5,0.6788536759681352
424,2018-11-30 08:00:00,86.34309830426061,52.7,0.6383889621301823
425,2018-11-30 07:00:00,89.95531048377472,50.7,0.7742664789699155
426,2018-11-30 06:00:00,85.90920594342312,47.9,0.7935116063345119
427,2018-11-30 05:00:00,82.83178899547741,46.4,0.7851678662818408
428,2018-11-30 04:00:00,86.52470863071346,47.8,0.8101403479228759
429,2018-11-30 03:00:00,90.52242563695783,51.6,0.7543105743596479
430,2018-11-30 02:00:00,93.53886109639241,53.6,0.745128005529709
431,2018-11-30 01:00:00,90.89429641397697,55.2,0.6466358046010321
432,2018-11-30 00:00:00,88.3237418117958,54.9,0.6088113262622186
433,2018-11-29 23:00:00,85.28168920282741,48.0,0.7767018583922377
434,2018-11-29 22:00:00,75.80541667334708,48.3,0.5694703244999397
435,2018-11-29 21:00:00,75.54107680890039,45.2,0.671262761258858
436,2018-11-29 20:00:00,75.06032111811766,45.0,0.6680071359581702
437,2018-11-29 19:00:00,74.2647420143722,40.5,0.8336973336882025
438,2018-11-29 18:00:00,72.45161522212226,39.2,0.8482554903602615
439,2018-11-29 17:00:00,72.22346946407265,42.8,0.6874642398147817
440,2018-11-29 16:00:00,76.62283660455844,43.8,0.7493798311543025
441,2018-11-29 15:00:00,75.1036311848604,42.8,0.7547577379640282
442,2018-11-29 14:00:00,68.90470416307909,38.7,0.7804833117074699
443,2018-11-29 13:00:00,69.14910990211834,39.2,0.7640079056662841
444,2018-11-29 12:00:00,70.481444305511,40.1,0.7576420026311971
445,2018-11-29 11:00:00,74.41310943170018,35.2,1.1140087906733003
446,2018-11-29 10:00:00,73.3173247095539,37.2,0.9708958255256424
447,2018-11-29 09:00:00,78.88988575836682,36.6,1.155461359518219
448,2018-11-29 08:00:00,74.57809763638355,37.6,0.9834600435208389
449,2018-11-29 07:00:00,67.36744421245058,37.6,0.7916873460758131
450,2018-11-29 06:00:00,69.9171317565176,36.6,0.91030414635294
451,2018-11-29 05:00:00,80.21290700266141,37.0,1.1679164054773354
452,2018-11-29 04:00:00,84.3810123522527,45.2,0.8668365564657675
453,2018-11-29 03:00:00,84.8450102114197,46.7,0.8168096405014925
454,2018-11-29 02:00:00,82.41083132574813,45.1,0.8272911602161448
455,2018-11-29 01:00:00,81.42614305585323,47.1,0.7287928461964592
456,2018-11-29 00:00:00,84.32152296705914,49.0,0.7208474074910028
457,2018-11-28 23:00:00,83.16656814187482,47.8,0.7398863628007285
458,2018-11-28 22:00:00,86.36041352323781,46.6,0.853227758009395
459,2018-11-28 21:00:00,86.39746990777661,42.9,1.0139270374773104
460,2018-11-28 20:00:00,83.49962347125117,39.2,1.130092435491101
461,2018-11-28 19:00:00,78.95621004582605,37.4,1.1111286108509641
462,2018-11-28 18:00:00,72.38944342391837,36.0,1.0108178728866213
463,2018-11-28 17:00:00,69.58387436957295,36.8,0.8908661513470912
464,2018-11-28 16:00:00,69.33528194468036,39.0,0.7778277421712912
465,2018-11-28 15:00:00,68.86935163304211,40.2,0.7131679510706993
466,2018-11-28 14:00:00,68.84752816826929,39.5,0.7429753966650454
467,2018-11-28 13:00:00,67.41419464573931,39.1,0.7241482006582944
468,2018-11-28 12:00:00,65.74353238480117,37.9,0.7346578465646747
469,2018-11-28 11:00:00,70.01800145151972,41.2,0.6994660546485368
471,2018-11-28 09:00:00,61.84713559538412,35.1,0.7620266551391486
472,2018-11-28 08:00:00,76.60009253361491,41.1,0.8637492100636232
473,2018-11-28 07:00:00,76.76762091483303,41.9,0.8321627903301441
474,2018-11-28 06:00:00,77.39903541433583,43.5,0.7792881704445018
475,2018-11-28 05:00:00,74.41663837741413,40.1,0.8557765181400032
476,2018-11-28 04:00:00,72.32227196240228,40.5,0.7857351101827724
477,2018-11-28 03:00:00,70.94198497111367,38.7,0.8331262266437639
478,2018-11-28 02:00:00,68.30962496338586,37.2,0.8362802409512325
479,2018-11-28 01:00:00,66.39283840865876,35.3,0.8808169520866506
480,2018-11-28 00:00:00,65.47575141470756,34.9,0.8760960290747153
481,2018-11-27 23:00:00,64.50008186661242,30.0,1.1500027288870807
503,2018-11-27 01:00:00,160.7774818681892,111.2,0.4458406642822769
504,2018-11-27 00:00:00,363.8540366748472,186.9,0.9467845728991288
505,2018-11-26 23:00:00,308.4082859246805,199.7,0.5443579665732625
506,2018-11-26 22:00:00,336.3208656391199,207.9,0.6177049814291482
507,2018-11-26 21:00:00,354.3453752104015,202.4,0.7507182569683869
508,2018-11-26 20:00:00,339.31391161759956,167.7,1.023338769335716
509,2018-11-26 19:00:00,307.4121775500795,151.1,1.0344948878231601
510,2018-11-26 18:00:00,287.8843581204507,134.3,1.1435916464664981
511,2018-11-26 17:00:00,224.3147659162781,105.1,1.1342984387847586
512,2018-11-26 16:00:00,201.42329625117696,103.4,0.9480009308624463
513,2018-11-26 15:00:00,205.02440792659758,115.9,0.768976772446916
514,2018-11-26 14:00:00,241.66975893386365,139.5,0.7323997056190943
515,2018-11-26 13:00:00,271.8589706791332,155.5,0.7482892005088954
516,2018-11-26 12:00:00,258.46313481924074,149.2,0.7323266408796297
517,2018-11-26 11:00:00,232.73272912652115,139.4,0.6695317727870957
518,2018-11-26 10:00:00,226.28658360955413,125.7,0.8002114845628808
519,2018-11-26 09:00:00,177.19889455494177,84.0,1.1095106494635925
520,2018-11-26 08:00:00,145.77703257613527,79.7,0.8290719269276695
521,2018-11-26 07:00:00,155.80886400114505,87.4,0.7827101144295772
522,2018-11-26 06:00:00,149.055625456097,95.1,0.5673567345541222
523,2018-11-26 05:00:00,147.983859511776,116.7,0.2680707755936246
524,2018-11-26 04:00:00,158.0979153086446,120.0,0.3174826275720382
525,2018-11-26 03:00:00,200.21241087134473,118.6,0.6881316262339354
526,2018-11-26 02:00:00,221.89095033501223,117.6,0.8868278089711925
527,2018-11-26 01:00:00,211.18026542649616,103.2,1.0463204014195364
528,2018-11-26 00:00:00,173.42032771571337,94.4,0.8370797427512009
529,2018-11-25 23:00:00,158.20529043756625,94.1,0.6812464446075054
530,2018-11-25 22:00:00,153.86683517680524,79.6,0.9330004419196639
531,2018-11-25 21:00:00,145.24639363541496,72.6,1.00063903079084
532,2018-11-25 20:00:00,134.1481039007046,63.0,1.1293349825508667
533,2018-11-25 19:00:00,114.14384267945208,58.0,0.96799728757676
534,2018-11-25 18:00:00,94.16341227587213,48.0,0.9617377557473361
535,2018-11-25 17:00:00,72.92030657751637,46.7,0.5614626676127702
536,2018-11-25 16:00:00,70.3435657797544,46.8,0.5030676448665471
537,2018-11-25 15:00:00,81.80738103304638,51.1,0.6009272217817295
538,2018-11-25 14:00:00,87.79960211533651,54.1,0.622913162945222
539,2018-11-25 13:00:00,88.68209148431373,57.0,0.555826166391469
540,2018-11-25 12:00:00,96.83120762006106,59.1,0.6384299089688843
541,2018-11-25 11:00:00,118.92254003529366,67.9,0.7514365248202306
542,2018-11-25 10:00:00,112.0952947736604,69.6,0.6105645800813277
543,2018-11-25 09:00:00,110.76781830163695,82.9,0.336161861298395
544,2018-11-25 08:00:00,123.23996848568581,82.9,0.48660999379596864
545,2018-11-25 07:00:00,131.9329927374424,84.6,0.559491639922487
546,2018-11-25 06:00:00,134.4571817626296,85.0,0.5818491972074071
547,2018-11-25 05:00:00,131.14037560782796,77.1,0.7009127834997143
548,2018-11-25 04:00:00,130.45605931935535,79.3,0.6450953255908619
549,2018-11-25 03:00:00,122.54447818494613,95.4,0.28453331430761136
550,2018-11-25 02:00:00,129.31364740653044,110.6,0.16920115195777977
551,2018-11-25 01:00:00,140.16047639151924,113.8,0.2316386326144046
552,2018-11-25 00:00:00,172.94277484613724,102.2,0.6921993624866657
553,2018-11-24 23:00:00,180.82937143501744,104.4,0.7320821018679831
554,2018-11-24 22:00:00,169.69741421735057,106.2,0.5979040886756174
555,2018-11-24 21:00:00,190.09385862089698,109.2,0.7407862511071152
556,2018-11-24 20:00:00,196.35941430859754,109.9,0.7867098663202686
557,2018-11-24 19:00:00,179.06139781995728,106.2,0.6860771922783171
558,2018-11-24 18:00:00,166.10046669361634,96.2,0.7266160778962197
559,2018-11-24 17:00:00,146.43717691640825,87.9,0.6659519558180687
560,2018-11-24 16:00:00,123.13022829091244,78.5,0.5685379400116235
561,2018-11-24 15:00:00,118.27355560087562,74.3,0.5918378950319735
562,2018-11-24 14:00:00,107.07957688824703,67.0,0.59820264012309
563,2018-11-24 13:00:00,126.53542078857315,68.4,0.8499330524645196
564,2018-11-24 12:00:00,99.18675591973451,62.0,0.5997863858021695
565,2018-11-24 11:00:00,92.45259336776319,53.4,0.7313219731790859
566,2018-11-24 10:00:00,89.41842142117744,51.7,0.7295632770053663
567,2018-11-24 09:00:00,83.65525907505868,51.8,0.6149663914103993
568,2018-11-24 08:00:00,71.82037374980096,49.5,0.4509166414101205
569,2018-11-24 07:00:00,62.49609192238493,47.8,0.30744962180721613
570,2018-11-24 06:00:00,64.68209551176497,46.4,0.3940106791328658
571,2018-11-24 05:00:00,69.05085472077138,41.6,0.6598763154031582
572,2018-11-24 04:00:00,62.32614479459726,42.2,0.4769228624312146
573,2018-11-24 03:00:00,77.21300233173125,53.1,0.4541055053056732
574,2018-11-24 02:00:00,102.6777488630033,61.7,0.6641450382982707
575,2018-11-24 01:00:00,108.12195829628013,69.9,0.546809131563378
576,2018-11-24 00:00:00,110.44504667360668,69.5,0.5891373622101681
577,2018-11-23 23:00:00,112.18027894171321,68.9,0.6281607974123832
578,2018-11-23 22:00:00,109.45813134474456,64.5,0.6970252921665823
579,2018-11-23 21:00:00,115.60674651597306,62.4,0.8526722198072606
580,2018-11-23 20:00:00,107.65949709105885,59.6,0.8063674008566921
581,2018-11-23 19:00:00,102.72146422083354,58.0,0.7710597279454059
582,2018-11-23 18:00:00,91.3488921186639,56.0,0.6312302164047124
583,2018-11-23 17:00:00,88.38835597199859,57.9,0.5265691877719965
584,2018-11-23 16:00:00,70.7472565874696,53.7,0.31745356773686384
585,2018-11-23 15:00:00,59.67486685747987,51.2,0.16552474331015365
586,2018-11-23 14:00:00,53.46963598536024,49.8,0.07368746958554709
587,2018-11-23 13:00:00,50.212000714848344,48.0,0.04608334822600716
588,2018-11-23 12:00:00,46.07491702398274,45.7,0.008203873610125586
589,2018-11-23 11:00:00,43.6261510017073,42.6,0.0240880516832699
590,2018-11-23 10:00:00,55.142826360789094,45.7,0.20662639739144617
591,2018-11-23 09:00:00,61.50843712813014,47.6,0.2921940573136584
592,2018-11-23 08:00:00,69.66170298313845,57.0,0.2221351400550606
593,2018-11-23 07:00:00,76.5693223621334,57.8,0.3247287605905434
594,2018-11-23 06:00:00,75.97915697355589,56.2,0.3519422949031296
595,2018-11-23 05:00:00,73.36736636439785,56.6,0.29624322198582775
596,2018-11-23 04:00:00,91.21401789092509,58.3,0.564562914081048
597,2018-11-23 03:00:00,98.46880559269962,56.3,0.7490018755364055
598,2018-11-23 02:00:00,91.84464854338286,57.3,0.6028734475284968
599,2018-11-23 01:00:00,91.4664046583036,57.9,0.5797306504024802
600,2018-11-23 00:00:00,88.60578041074399,58.2,0.5224360895316836
601,2018-11-22 23:00:00,82.95779257802353,55.4,0.4974330790256955
602,2018-11-22 22:00:00,79.1415650802189,54.7,0.4468293433312412
603,2018-11-22 21:00:00,75.8275449590569,49.2,0.5412102633954652
604,2018-11-22 20:00:00,58.94959917888237,37.5,0.5719893114368633
605,2018-11-22 19:00:00,43.301526131450245,30.3,0.4290932716650246
616,2018-11-22 08:00:00,35.97191932179796,39.5,0.08931849818233006
617,2018-11-22 07:00:00,39.31206923975879,44.6,0.11856346996056524
618,2018-11-22 06:00:00,31.08972416666332,48.2,0.35498497579536686
619,2018-11-22 05:00:00,36.496948050639304,50.8,0.2815561407354467
620,2018-11-22 04:00:00,47.19847605918326,53.2,0.11281060039129222
621,2018-11-22 03:00:00,41.111250797304756,52.0,0.2093990231287547
622,2018-11-22 02:00:00,54.92794188229684,48.6,0.13020456547935885
623,2018-11-22 01:00:00,54.69985673368526,48.2,0.13485179945405096
624,2018-11-22 00:00:00,56.11014230465138,44.7,0.25526045424276017
625,2018-11-21 23:00:00,37.27628823561457,38.6,0.03429305089081422
626,2018-11-21 22:00:00,44.81241680672249,40.4,0.10921823779016065
627,2018-11-21 21:00:00,46.3638987134823,36.5,0.27024380036937806
628,2018-11-21 20:00:00,42.36303648540657,33.6,0.26080465730376684
643,2018-11-21 05:00:00,46.947805722127505,40.4,0.16207439906256205
644,2018-11-21 04:00:00,54.25388913034276,40.3,0.3462503506288528
645,2018-11-21 03:00:00,35.071584600009075,42.6,0.1767233661969701
646,2018-11-21 02:00:00,25.111936020350505,36.9,0.31945972844578574
647,2018-11-21 01:00:00,20.14797650267221,33.6,0.4003578421823747
649,2018-11-20 23:00:00,38.08966839530533,34.4,0.1072578021891085
650,2018-11-20 22:00:00,64.26326161801006,40.0,0.6065815404502516
651,2018-11-20 21:00:00,53.45271790543057,33.7,0.5861340624756843
652,2018-11-20 20:00:00,53.19721509390314,33.4,0.5927309908354234
664,2018-11-20 08:00:00,47.88080297681493,50.6,0.053739071604448116
665,2018-11-20 07:00:00,51.24155393994628,52.4,0.02210774923766641
666,2018-11-20 06:00:00,60.593965209866695,52.4,0.15637338186768507
667,2018-11-20 05:00:00,56.13480321273269,54.1,0.03761188932962459
668,2018-11-20 04:00:00,60.41502940838865,56.6,0.06740334643796195
669,2018-11-20 03:00:00,59.90407795584147,59.6,0.0051019791248568995
670,2018-11-20 02:00:00,68.24093808970702,61.1,0.11687296382499204
671,2018-11-20 01:00:00,66.1084535443767,56.6,0.1679938788759134
672,2018-11-20 00:00:00,64.44831521520503,53.4,0.2068972886742515
673,2018-11-19 23:00:00,65.29059485938576,52.7,0.2389107183944167
674,2018-11-19 22:00:00,72.42083780821146,59.1,0.22539488677176747
676,2018-11-19 20:00:00,92.35338847556056,88.5,0.043541112718198466
677,2018-11-19 19:00:00,120.22443521279595,83.5,0.43981359536282577
678,2018-11-19 18:00:00,105.21668306842284,73.1,0.43935270955434813
679,2018-11-19 17:00:00,93.60801372957395,59.8,0.5653514001600997
712,2018-11-18 08:00:00,50.00888447031285,49.0,0.020589478985976534
713,2018-11-18 07:00:00,56.104586604493115,53.8,0.04283618223964902
714,2018-11-18 06:00:00,53.67758799102687,49.4,0.08659085002078684
715,2018-11-18 05:00:00,50.8534445556075,52.8,0.03686658038622149
716,2018-11-18 04:00:00,61.324296142355976,61.8,0.007697473424660533
717,2018-11-18 03:00:00,72.68719171728912,65.5,0.109728117821208
718,2018-11-18 02:00:00,74.8515862862601,75.6,0.009899652298146737
719,2018-11-18 01:00:00,81.20184598757851,78.9,0.029174220374885963
720,2018-11-18 00:00:00,81.14661686272669,80.6,0.006781846932092976
